-83,30,k5mDe7AKf/vDQ+w4k0/1lOSrG0o=,23V/aqhdfTKAZyfmcMz9vIh4dJw=
-85,24,k5mDe7AKf/vDQ+w4k0/1lOSrG0o=,23V/aqhdfTKAZyfmcMz9vIh4dJw=
-84,31,k5mDe7AKf/vDQ+w4k0/1lOSrG0o=,23V/aqhdfTKAZyfmcMz9vIh4dJw=
-83,29,k5mDe7AKf/vDQ+w4k0/1lOSrG0o=,23V/aqhdfTKAZyfmcMz9vIh4dJw=
-83,31,k5mDe7AKf/vDQ+w4k0/1lOSrG0o=,23V/aqhdfTKAZyfmcMz9vIh4dJw=
-84,29,k5mDe7AKf/vDQ+w4k0/1lOSrG0o=,23V/aqhdfTKAZyfmcMz9vIh4dJw=
-82,31,k5mDe7AKf/vDQ+w4k0/1lOSrG0o=,23V/aqhdfTKAZyfmcMz9vIh4dJw=
-85,26,k5mDe7AKf/vDQ+w4k0/1lOSrG0o=,23V/aqhdfTKAZyfmcMz9vIh4dJw=
-81,31,k5mDe7AKf/vDQ+w4k0/1lOSrG0o=,23V/aqhdfTKAZyfmcMz9vIh4dJw=
-85,31,k5mDe7AKf/vDQ+w4k0/1lOSrG0o=,23V/aqhdfTKAZyfmcMz9vIh4dJw=
-84,25,k5mDe7AKf/vDQ+w4k0/1lOSrG0o=,23V/aqhdfTKAZyfmcMz9vIh4dJw=
-83,25,k5mDe7AKf/vDQ+w4k0/1lOSrG0o=,23V/aqhdfTKAZyfmcMz9vIh4dJw=
-82,30,k5mDe7AKf/vDQ+w4k0/1lOSrG0o=,23V/aqhdfTKAZyfmcMz9vIh4dJw=
-84,24,k5mDe7AKf/vDQ+w4k0/1lOSrG0o=,23V/aqhdfTKAZyfmcMz9vIh4dJw=
-86,28,k5mDe7AKf/vDQ+w4k0/1lOSrG0o=,23V/aqhdfTKAZyfmcMz9vIh4dJw=
-85,28,k5mDe7AKf/vDQ+w4k0/1lOSrG0o=,23V/aqhdfTKAZyfmcMz9vIh4dJw=
-82,29,k5mDe7AKf/vDQ+w4k0/1lOSrG0o=,23V/aqhdfTKAZyfmcMz9vIh4dJw=
-88,24,k5mDe7AKf/vDQ+w4k0/1lOSrG0o=,23V/aqhdfTKAZyfmcMz9vIh4dJw=
-85,29,k5mDe7AKf/vDQ+w4k0/1lOSrG0o=,23V/aqhdfTKAZyfmcMz9vIh4dJw=
-86,29,k5mDe7AKf/vDQ+w4k0/1lOSrG0o=,23V/aqhdfTKAZyfmcMz9vIh4dJw=
-82,25,k5mDe7AKf/vDQ+w4k0/1lOSrG0o=,23V/aqhdfTKAZyfmcMz9vIh4dJw=
-88,29,k5mDe7AKf/vDQ+w4k0/1lOSrG0o=,23V/aqhdfTKAZyfmcMz9vIh4dJw=
-87,29,k5mDe7AKf/vDQ+w4k0/1lOSrG0o=,23V/aqhdfTKAZyfmcMz9vIh4dJw=
-87,28,k5mDe7AKf/vDQ+w4k0/1lOSrG0o=,23V/aqhdfTKAZyfmcMz9vIh4dJw=
-85,25,k5mDe7AKf/vDQ+w4k0/1lOSrG0o=,23V/aqhdfTKAZyfmcMz9vIh4dJw=
-85,30,k5mDe7AKf/vDQ+w4k0/1lOSrG0o=,23V/aqhdfTKAZyfmcMz9vIh4dJw=
-84,30,k5mDe7AKf/vDQ+w4k0/1lOSrG0o=,23V/aqhdfTKAZyfmcMz9vIh4dJw=
-86,31,k5mDe7AKf/vDQ+w4k0/1lOSrG0o=,23V/aqhdfTKAZyfmcMz9vIh4dJw=
-86,24,k5mDe7AKf/vDQ+w4k0/1lOSrG0o=,23V/aqhdfTKAZyfmcMz9vIh4dJw=
-87,27,k5mDe7AKf/vDQ+w4k0/1lOSrG0o=,23V/aqhdfTKAZyfmcMz9vIh4dJw=
-88,27,k5mDe7AKf/vDQ+w4k0/1lOSrG0o=,23V/aqhdfTKAZyfmcMz9vIh4dJw=
-81,26,k5mDe7AKf/vDQ+w4k0/1lOSrG0o=,23V/aqhdfTKAZyfmcMz9vIh4dJw=
-82,26,k5mDe7AKf/vDQ+w4k0/1lOSrG0o=,23V/aqhdfTKAZyfmcMz9vIh4dJw=
-87,31,k5mDe7AKf/vDQ+w4k0/1lOSrG0o=,23V/aqhdfTKAZyfmcMz9vIh4dJw=
-83,26,k5mDe7AKf/vDQ+w4k0/1lOSrG0o=,23V/aqhdfTKAZyfmcMz9vIh4dJw=
-86,30,k5mDe7AKf/vDQ+w4k0/1lOSrG0o=,23V/aqhdfTKAZyfmcMz9vIh4dJw=
-82,28,k5mDe7AKf/vDQ+w4k0/1lOSrG0o=,23V/aqhdfTKAZyfmcMz9vIh4dJw=
-86,26,k5mDe7AKf/vDQ+w4k0/1lOSrG0o=,23V/aqhdfTKAZyfmcMz9vIh4dJw=
-84,26,k5mDe7AKf/vDQ+w4k0/1lOSrG0o=,23V/aqhdfTKAZyfmcMz9vIh4dJw=
-88,31,k5mDe7AKf/vDQ+w4k0/1lOSrG0o=,23V/aqhdfTKAZyfmcMz9vIh4dJw=
-86,25,k5mDe7AKf/vDQ+w4k0/1lOSrG0o=,23V/aqhdfTKAZyfmcMz9vIh4dJw=
-87,25,k5mDe7AKf/vDQ+w4k0/1lOSrG0o=,23V/aqhdfTKAZyfmcMz9vIh4dJw=
-87,26,k5mDe7AKf/vDQ+w4k0/1lOSrG0o=,23V/aqhdfTKAZyfmcMz9vIh4dJw=
-88,25,k5mDe7AKf/vDQ+w4k0/1lOSrG0o=,23V/aqhdfTKAZyfmcMz9vIh4dJw=
-88,26,k5mDe7AKf/vDQ+w4k0/1lOSrG0o=,23V/aqhdfTKAZyfmcMz9vIh4dJw=
-87,30,k5mDe7AKf/vDQ+w4k0/1lOSrG0o=,23V/aqhdfTKAZyfmcMz9vIh4dJw=
-81,25,k5mDe7AKf/vDQ+w4k0/1lOSrG0o=,23V/aqhdfTKAZyfmcMz9vIh4dJw=
-83,28,k5mDe7AKf/vDQ+w4k0/1lOSrG0o=,23V/aqhdfTKAZyfmcMz9vIh4dJw=
-88,30,k5mDe7AKf/vDQ+w4k0/1lOSrG0o=,23V/aqhdfTKAZyfmcMz9vIh4dJw=
-88,28,k5mDe7AKf/vDQ+w4k0/1lOSrG0o=,23V/aqhdfTKAZyfmcMz9vIh4dJw=
-81,27,k5mDe7AKf/vDQ+w4k0/1lOSrG0o=,23V/aqhdfTKAZyfmcMz9vIh4dJw=
-82,27,k5mDe7AKf/vDQ+w4k0/1lOSrG0o=,23V/aqhdfTKAZyfmcMz9vIh4dJw=
-84,28,k5mDe7AKf/vDQ+w4k0/1lOSrG0o=,23V/aqhdfTKAZyfmcMz9vIh4dJw=
-81,24,k5mDe7AKf/vDQ+w4k0/1lOSrG0o=,23V/aqhdfTKAZyfmcMz9vIh4dJw=
-82,24,k5mDe7AKf/vDQ+w4k0/1lOSrG0o=,23V/aqhdfTKAZyfmcMz9vIh4dJw=
-81,30,k5mDe7AKf/vDQ+w4k0/1lOSrG0o=,23V/aqhdfTKAZyfmcMz9vIh4dJw=
-83,27,k5mDe7AKf/vDQ+w4k0/1lOSrG0o=,23V/aqhdfTKAZyfmcMz9vIh4dJw=
-84,27,k5mDe7AKf/vDQ+w4k0/1lOSrG0o=,23V/aqhdfTKAZyfmcMz9vIh4dJw=
-85,27,k5mDe7AKf/vDQ+w4k0/1lOSrG0o=,23V/aqhdfTKAZyfmcMz9vIh4dJw=
-83,24,k5mDe7AKf/vDQ+w4k0/1lOSrG0o=,23V/aqhdfTKAZyfmcMz9vIh4dJw=
-86,27,k5mDe7AKf/vDQ+w4k0/1lOSrG0o=,23V/aqhdfTKAZyfmcMz9vIh4dJw=
-87,24,k5mDe7AKf/vDQ+w4k0/1lOSrG0o=,23V/aqhdfTKAZyfmcMz9vIh4dJw=
-81,28,k5mDe7AKf/vDQ+w4k0/1lOSrG0o=,23V/aqhdfTKAZyfmcMz9vIh4dJw=
-81,29,k5mDe7AKf/vDQ+w4k0/1lOSrG0o=,23V/aqhdfTKAZyfmcMz9vIh4dJw=
-70,19,hrUlePzb7CGlL56918lI42Kb8Wk=,UamcI2I5Uy16bcggtNQMsbgUmac=
-66,18,hrUlePzb7CGlL56918lI42Kb8Wk=,UamcI2I5Uy16bcggtNQMsbgUmac=
-69,19,hrUlePzb7CGlL56918lI42Kb8Wk=,UamcI2I5Uy16bcggtNQMsbgUmac=
-67,18,hrUlePzb7CGlL56918lI42Kb8Wk=,UamcI2I5Uy16bcggtNQMsbgUmac=
-71,19,hrUlePzb7CGlL56918lI42Kb8Wk=,UamcI2I5Uy16bcggtNQMsbgUmac=
-68,19,hrUlePzb7CGlL56918lI42Kb8Wk=,UamcI2I5Uy16bcggtNQMsbgUmac=
-66,22,hrUlePzb7CGlL56918lI42Kb8Wk=,UamcI2I5Uy16bcggtNQMsbgUmac=
-70,18,hrUlePzb7CGlL56918lI42Kb8Wk=,UamcI2I5Uy16bcggtNQMsbgUmac=
-69,18,hrUlePzb7CGlL56918lI42Kb8Wk=,UamcI2I5Uy16bcggtNQMsbgUmac=
-67,19,hrUlePzb7CGlL56918lI42Kb8Wk=,UamcI2I5Uy16bcggtNQMsbgUmac=
-66,19,hrUlePzb7CGlL56918lI42Kb8Wk=,UamcI2I5Uy16bcggtNQMsbgUmac=
-71,18,hrUlePzb7CGlL56918lI42Kb8Wk=,UamcI2I5Uy16bcggtNQMsbgUmac=
-68,18,hrUlePzb7CGlL56918lI42Kb8Wk=,UamcI2I5Uy16bcggtNQMsbgUmac=
-67,22,hrUlePzb7CGlL56918lI42Kb8Wk=,UamcI2I5Uy16bcggtNQMsbgUmac=
-66,17,hrUlePzb7CGlL56918lI42Kb8Wk=,UamcI2I5Uy16bcggtNQMsbgUmac=
-67,17,hrUlePzb7CGlL56918lI42Kb8Wk=,UamcI2I5Uy16bcggtNQMsbgUmac=
-71,22,hrUlePzb7CGlL56918lI42Kb8Wk=,UamcI2I5Uy16bcggtNQMsbgUmac=
-66,21,hrUlePzb7CGlL56918lI42Kb8Wk=,UamcI2I5Uy16bcggtNQMsbgUmac=
-70,22,hrUlePzb7CGlL56918lI42Kb8Wk=,UamcI2I5Uy16bcggtNQMsbgUmac=
-68,22,hrUlePzb7CGlL56918lI42Kb8Wk=,UamcI2I5Uy16bcggtNQMsbgUmac=
-69,22,hrUlePzb7CGlL56918lI42Kb8Wk=,UamcI2I5Uy16bcggtNQMsbgUmac=
-71,20,hrUlePzb7CGlL56918lI42Kb8Wk=,UamcI2I5Uy16bcggtNQMsbgUmac=
-70,20,hrUlePzb7CGlL56918lI42Kb8Wk=,UamcI2I5Uy16bcggtNQMsbgUmac=
-67,21,hrUlePzb7CGlL56918lI42Kb8Wk=,UamcI2I5Uy16bcggtNQMsbgUmac=
-69,20,hrUlePzb7CGlL56918lI42Kb8Wk=,UamcI2I5Uy16bcggtNQMsbgUmac=
-68,17,hrUlePzb7CGlL56918lI42Kb8Wk=,UamcI2I5Uy16bcggtNQMsbgUmac=
-68,21,hrUlePzb7CGlL56918lI42Kb8Wk=,UamcI2I5Uy16bcggtNQMsbgUmac=
-71,17,hrUlePzb7CGlL56918lI42Kb8Wk=,UamcI2I5Uy16bcggtNQMsbgUmac=
-69,21,hrUlePzb7CGlL56918lI42Kb8Wk=,UamcI2I5Uy16bcggtNQMsbgUmac=
-68,20,hrUlePzb7CGlL56918lI42Kb8Wk=,UamcI2I5Uy16bcggtNQMsbgUmac=
-70,17,hrUlePzb7CGlL56918lI42Kb8Wk=,UamcI2I5Uy16bcggtNQMsbgUmac=
-66,20,hrUlePzb7CGlL56918lI42Kb8Wk=,UamcI2I5Uy16bcggtNQMsbgUmac=
-69,17,hrUlePzb7CGlL56918lI42Kb8Wk=,UamcI2I5Uy16bcggtNQMsbgUmac=
-65,19,hrUlePzb7CGlL56918lI42Kb8Wk=,UamcI2I5Uy16bcggtNQMsbgUmac=
-65,20,hrUlePzb7CGlL56918lI42Kb8Wk=,UamcI2I5Uy16bcggtNQMsbgUmac=
-65,21,hrUlePzb7CGlL56918lI42Kb8Wk=,UamcI2I5Uy16bcggtNQMsbgUmac=
-65,22,hrUlePzb7CGlL56918lI42Kb8Wk=,UamcI2I5Uy16bcggtNQMsbgUmac=
-65,17,hrUlePzb7CGlL56918lI42Kb8Wk=,UamcI2I5Uy16bcggtNQMsbgUmac=
-65,18,hrUlePzb7CGlL56918lI42Kb8Wk=,UamcI2I5Uy16bcggtNQMsbgUmac=
-67,20,hrUlePzb7CGlL56918lI42Kb8Wk=,UamcI2I5Uy16bcggtNQMsbgUmac=
-70,21,hrUlePzb7CGlL56918lI42Kb8Wk=,UamcI2I5Uy16bcggtNQMsbgUmac=
-71,21,hrUlePzb7CGlL56918lI42Kb8Wk=,UamcI2I5Uy16bcggtNQMsbgUmac=
-65,23,hrUlePzb7CGlL56918lI42Kb8Wk=,UamcI2I5Uy16bcggtNQMsbgUmac=
-66,23,hrUlePzb7CGlL56918lI42Kb8Wk=,UamcI2I5Uy16bcggtNQMsbgUmac=
-68,29,hrUlePzb7CGlL56918lI42Kb8Wk=,tTYPy8SdHnju+di10RwWqOBopac=
-69,29,hrUlePzb7CGlL56918lI42Kb8Wk=,tTYPy8SdHnju+di10RwWqOBopac=
-67,23,hrUlePzb7CGlL56918lI42Kb8Wk=,UamcI2I5Uy16bcggtNQMsbgUmac=
-70,29,hrUlePzb7CGlL56918lI42Kb8Wk=,tTYPy8SdHnju+di10RwWqOBopac=
-68,23,hrUlePzb7CGlL56918lI42Kb8Wk=,UamcI2I5Uy16bcggtNQMsbgUmac=
-65,28,hrUlePzb7CGlL56918lI42Kb8Wk=,tTYPy8SdHnju+di10RwWqOBopac=
-71,29,hrUlePzb7CGlL56918lI42Kb8Wk=,tTYPy8SdHnju+di10RwWqOBopac=
-66,28,hrUlePzb7CGlL56918lI42Kb8Wk=,tTYPy8SdHnju+di10RwWqOBopac=
-67,29,hrUlePzb7CGlL56918lI42Kb8Wk=,tTYPy8SdHnju+di10RwWqOBopac=
-70,23,hrUlePzb7CGlL56918lI42Kb8Wk=,UamcI2I5Uy16bcggtNQMsbgUmac=
-69,23,hrUlePzb7CGlL56918lI42Kb8Wk=,UamcI2I5Uy16bcggtNQMsbgUmac=
-71,23,hrUlePzb7CGlL56918lI42Kb8Wk=,UamcI2I5Uy16bcggtNQMsbgUmac=
-66,29,hrUlePzb7CGlL56918lI42Kb8Wk=,tTYPy8SdHnju+di10RwWqOBopac=
-67,28,hrUlePzb7CGlL56918lI42Kb8Wk=,tTYPy8SdHnju+di10RwWqOBopac=
-70,28,hrUlePzb7CGlL56918lI42Kb8Wk=,tTYPy8SdHnju+di10RwWqOBopac=
-69,28,hrUlePzb7CGlL56918lI42Kb8Wk=,tTYPy8SdHnju+di10RwWqOBopac=
-66,27,hrUlePzb7CGlL56918lI42Kb8Wk=,tTYPy8SdHnju+di10RwWqOBopac=
-65,27,hrUlePzb7CGlL56918lI42Kb8Wk=,tTYPy8SdHnju+di10RwWqOBopac=
-69,27,hrUlePzb7CGlL56918lI42Kb8Wk=,tTYPy8SdHnju+di10RwWqOBopac=
-71,27,hrUlePzb7CGlL56918lI42Kb8Wk=,tTYPy8SdHnju+di10RwWqOBopac=
-71,28,hrUlePzb7CGlL56918lI42Kb8Wk=,tTYPy8SdHnju+di10RwWqOBopac=
-70,27,hrUlePzb7CGlL56918lI42Kb8Wk=,tTYPy8SdHnju+di10RwWqOBopac=
-66,26,hrUlePzb7CGlL56918lI42Kb8Wk=,tTYPy8SdHnju+di10RwWqOBopac=
-68,28,hrUlePzb7CGlL56918lI42Kb8Wk=,tTYPy8SdHnju+di10RwWqOBopac=
-67,26,hrUlePzb7CGlL56918lI42Kb8Wk=,tTYPy8SdHnju+di10RwWqOBopac=
-67,27,hrUlePzb7CGlL56918lI42Kb8Wk=,tTYPy8SdHnju+di10RwWqOBopac=
-65,26,hrUlePzb7CGlL56918lI42Kb8Wk=,tTYPy8SdHnju+di10RwWqOBopac=
-70,26,hrUlePzb7CGlL56918lI42Kb8Wk=,tTYPy8SdHnju+di10RwWqOBopac=
-71,26,hrUlePzb7CGlL56918lI42Kb8Wk=,tTYPy8SdHnju+di10RwWqOBopac=
-65,29,hrUlePzb7CGlL56918lI42Kb8Wk=,tTYPy8SdHnju+di10RwWqOBopac=
-66,25,hrUlePzb7CGlL56918lI42Kb8Wk=,tTYPy8SdHnju+di10RwWqOBopac=
-69,26,hrUlePzb7CGlL56918lI42Kb8Wk=,tTYPy8SdHnju+di10RwWqOBopac=
-67,25,hrUlePzb7CGlL56918lI42Kb8Wk=,tTYPy8SdHnju+di10RwWqOBopac=
-69,25,hrUlePzb7CGlL56918lI42Kb8Wk=,tTYPy8SdHnju+di10RwWqOBopac=
-68,27,hrUlePzb7CGlL56918lI42Kb8Wk=,tTYPy8SdHnju+di10RwWqOBopac=
-70,25,hrUlePzb7CGlL56918lI42Kb8Wk=,tTYPy8SdHnju+di10RwWqOBopac=
-68,26,hrUlePzb7CGlL56918lI42Kb8Wk=,tTYPy8SdHnju+di10RwWqOBopac=
-71,25,hrUlePzb7CGlL56918lI42Kb8Wk=,tTYPy8SdHnju+di10RwWqOBopac=
-65,25,hrUlePzb7CGlL56918lI42Kb8Wk=,tTYPy8SdHnju+di10RwWqOBopac=
-68,25,hrUlePzb7CGlL56918lI42Kb8Wk=,tTYPy8SdHnju+di10RwWqOBopac=
-65,24,hrUlePzb7CGlL56918lI42Kb8Wk=,tTYPy8SdHnju+di10RwWqOBopac=
-70,24,hrUlePzb7CGlL56918lI42Kb8Wk=,tTYPy8SdHnju+di10RwWqOBopac=
-67,24,hrUlePzb7CGlL56918lI42Kb8Wk=,tTYPy8SdHnju+di10RwWqOBopac=
-71,24,hrUlePzb7CGlL56918lI42Kb8Wk=,tTYPy8SdHnju+di10RwWqOBopac=
-71,30,hrUlePzb7CGlL56918lI42Kb8Wk=,tTYPy8SdHnju+di10RwWqOBopac=
-68,24,hrUlePzb7CGlL56918lI42Kb8Wk=,tTYPy8SdHnju+di10RwWqOBopac=
-69,24,hrUlePzb7CGlL56918lI42Kb8Wk=,tTYPy8SdHnju+di10RwWqOBopac=
-66,30,hrUlePzb7CGlL56918lI42Kb8Wk=,tTYPy8SdHnju+di10RwWqOBopac=
-67,30,hrUlePzb7CGlL56918lI42Kb8Wk=,tTYPy8SdHnju+di10RwWqOBopac=
-66,24,hrUlePzb7CGlL56918lI42Kb8Wk=,tTYPy8SdHnju+di10RwWqOBopac=
-70,30,hrUlePzb7CGlL56918lI42Kb8Wk=,tTYPy8SdHnju+di10RwWqOBopac=
-68,30,hrUlePzb7CGlL56918lI42Kb8Wk=,tTYPy8SdHnju+di10RwWqOBopac=
-65,30,hrUlePzb7CGlL56918lI42Kb8Wk=,tTYPy8SdHnju+di10RwWqOBopac=
-80,21,hrUlePzb7CGlL56918lI42Kb8Wk=,jGsreQmI3mFMiREt6h9JBSeOFW8=
-78,18,hrUlePzb7CGlL56918lI42Kb8Wk=,jGsreQmI3mFMiREt6h9JBSeOFW8=
-69,30,hrUlePzb7CGlL56918lI42Kb8Wk=,tTYPy8SdHnju+di10RwWqOBopac=
-79,21,hrUlePzb7CGlL56918lI42Kb8Wk=,jGsreQmI3mFMiREt6h9JBSeOFW8=
-76,22,hrUlePzb7CGlL56918lI42Kb8Wk=,jGsreQmI3mFMiREt6h9JBSeOFW8=
-80,18,hrUlePzb7CGlL56918lI42Kb8Wk=,jGsreQmI3mFMiREt6h9JBSeOFW8=
-77,18,hrUlePzb7CGlL56918lI42Kb8Wk=,jGsreQmI3mFMiREt6h9JBSeOFW8=
-76,21,hrUlePzb7CGlL56918lI42Kb8Wk=,jGsreQmI3mFMiREt6h9JBSeOFW8=
-72,19,hrUlePzb7CGlL56918lI42Kb8Wk=,UamcI2I5Uy16bcggtNQMsbgUmac=
-77,21,hrUlePzb7CGlL56918lI42Kb8Wk=,jGsreQmI3mFMiREt6h9JBSeOFW8=
-73,19,hrUlePzb7CGlL56918lI42Kb8Wk=,jGsreQmI3mFMiREt6h9JBSeOFW8=
-75,22,hrUlePzb7CGlL56918lI42Kb8Wk=,jGsreQmI3mFMiREt6h9JBSeOFW8=
-75,21,hrUlePzb7CGlL56918lI42Kb8Wk=,jGsreQmI3mFMiREt6h9JBSeOFW8=
-79,19,hrUlePzb7CGlL56918lI42Kb8Wk=,jGsreQmI3mFMiREt6h9JBSeOFW8=
-72,18,hrUlePzb7CGlL56918lI42Kb8Wk=,UamcI2I5Uy16bcggtNQMsbgUmac=
-78,21,hrUlePzb7CGlL56918lI42Kb8Wk=,jGsreQmI3mFMiREt6h9JBSeOFW8=
-76,18,hrUlePzb7CGlL56918lI42Kb8Wk=,jGsreQmI3mFMiREt6h9JBSeOFW8=
-72,22,hrUlePzb7CGlL56918lI42Kb8Wk=,UamcI2I5Uy16bcggtNQMsbgUmac=
-74,19,hrUlePzb7CGlL56918lI42Kb8Wk=,jGsreQmI3mFMiREt6h9JBSeOFW8=
-73,17,hrUlePzb7CGlL56918lI42Kb8Wk=,jGsreQmI3mFMiREt6h9JBSeOFW8=
-76,17,hrUlePzb7CGlL56918lI42Kb8Wk=,jGsreQmI3mFMiREt6h9JBSeOFW8=
-75,17,hrUlePzb7CGlL56918lI42Kb8Wk=,jGsreQmI3mFMiREt6h9JBSeOFW8=
-77,22,hrUlePzb7CGlL56918lI42Kb8Wk=,jGsreQmI3mFMiREt6h9JBSeOFW8=
-79,18,hrUlePzb7CGlL56918lI42Kb8Wk=,jGsreQmI3mFMiREt6h9JBSeOFW8=
-74,17,hrUlePzb7CGlL56918lI42Kb8Wk=,jGsreQmI3mFMiREt6h9JBSeOFW8=
-79,17,hrUlePzb7CGlL56918lI42Kb8Wk=,jGsreQmI3mFMiREt6h9JBSeOFW8=
-77,17,hrUlePzb7CGlL56918lI42Kb8Wk=,jGsreQmI3mFMiREt6h9JBSeOFW8=
-80,19,hrUlePzb7CGlL56918lI42Kb8Wk=,jGsreQmI3mFMiREt6h9JBSeOFW8=
-78,17,hrUlePzb7CGlL56918lI42Kb8Wk=,jGsreQmI3mFMiREt6h9JBSeOFW8=
-75,19,hrUlePzb7CGlL56918lI42Kb8Wk=,jGsreQmI3mFMiREt6h9JBSeOFW8=
-73,18,hrUlePzb7CGlL56918lI42Kb8Wk=,jGsreQmI3mFMiREt6h9JBSeOFW8=
-73,20,hrUlePzb7CGlL56918lI42Kb8Wk=,jGsreQmI3mFMiREt6h9JBSeOFW8=
-80,17,hrUlePzb7CGlL56918lI42Kb8Wk=,jGsreQmI3mFMiREt6h9JBSeOFW8=
-76,19,hrUlePzb7CGlL56918lI42Kb8Wk=,jGsreQmI3mFMiREt6h9JBSeOFW8=
-77,19,hrUlePzb7CGlL56918lI42Kb8Wk=,jGsreQmI3mFMiREt6h9JBSeOFW8=
-74,21,hrUlePzb7CGlL56918lI42Kb8Wk=,jGsreQmI3mFMiREt6h9JBSeOFW8=
-79,20,hrUlePzb7CGlL56918lI42Kb8Wk=,jGsreQmI3mFMiREt6h9JBSeOFW8=
-72,17,hrUlePzb7CGlL56918lI42Kb8Wk=,UamcI2I5Uy16bcggtNQMsbgUmac=
-76,20,hrUlePzb7CGlL56918lI42Kb8Wk=,jGsreQmI3mFMiREt6h9JBSeOFW8=
-79,22,hrUlePzb7CGlL56918lI42Kb8Wk=,jGsreQmI3mFMiREt6h9JBSeOFW8=
-80,22,hrUlePzb7CGlL56918lI42Kb8Wk=,jGsreQmI3mFMiREt6h9JBSeOFW8=
-78,20,hrUlePzb7CGlL56918lI42Kb8Wk=,jGsreQmI3mFMiREt6h9JBSeOFW8=
-77,20,hrUlePzb7CGlL56918lI42Kb8Wk=,jGsreQmI3mFMiREt6h9JBSeOFW8=
-74,20,hrUlePzb7CGlL56918lI42Kb8Wk=,jGsreQmI3mFMiREt6h9JBSeOFW8=
-80,20,hrUlePzb7CGlL56918lI42Kb8Wk=,jGsreQmI3mFMiREt6h9JBSeOFW8=
-78,22,hrUlePzb7CGlL56918lI42Kb8Wk=,jGsreQmI3mFMiREt6h9JBSeOFW8=
-75,20,hrUlePzb7CGlL56918lI42Kb8Wk=,jGsreQmI3mFMiREt6h9JBSeOFW8=
-78,19,hrUlePzb7CGlL56918lI42Kb8Wk=,jGsreQmI3mFMiREt6h9JBSeOFW8=
-74,18,hrUlePzb7CGlL56918lI42Kb8Wk=,jGsreQmI3mFMiREt6h9JBSeOFW8=
-72,21,hrUlePzb7CGlL56918lI42Kb8Wk=,UamcI2I5Uy16bcggtNQMsbgUmac=
-72,20,hrUlePzb7CGlL56918lI42Kb8Wk=,UamcI2I5Uy16bcggtNQMsbgUmac=
-79,16,hrUlePzb7CGlL56918lI42Kb8Wk=,jGsreQmI3mFMiREt6h9JBSeOFW8=
-74,22,hrUlePzb7CGlL56918lI42Kb8Wk=,jGsreQmI3mFMiREt6h9JBSeOFW8=
-73,22,hrUlePzb7CGlL56918lI42Kb8Wk=,jGsreQmI3mFMiREt6h9JBSeOFW8=
-73,21,hrUlePzb7CGlL56918lI42Kb8Wk=,jGsreQmI3mFMiREt6h9JBSeOFW8=
-78,16,hrUlePzb7CGlL56918lI42Kb8Wk=,jGsreQmI3mFMiREt6h9JBSeOFW8=
-80,16,hrUlePzb7CGlL56918lI42Kb8Wk=,jGsreQmI3mFMiREt6h9JBSeOFW8=
-76,16,hrUlePzb7CGlL56918lI42Kb8Wk=,jGsreQmI3mFMiREt6h9JBSeOFW8=
-75,18,hrUlePzb7CGlL56918lI42Kb8Wk=,jGsreQmI3mFMiREt6h9JBSeOFW8=
-77,16,hrUlePzb7CGlL56918lI42Kb8Wk=,jGsreQmI3mFMiREt6h9JBSeOFW8=
-74,16,hrUlePzb7CGlL56918lI42Kb8Wk=,jGsreQmI3mFMiREt6h9JBSeOFW8=
-75,16,hrUlePzb7CGlL56918lI42Kb8Wk=,jGsreQmI3mFMiREt6h9JBSeOFW8=
-65,16,hrUlePzb7CGlL56918lI42Kb8Wk=,UamcI2I5Uy16bcggtNQMsbgUmac=
-67,16,hrUlePzb7CGlL56918lI42Kb8Wk=,UamcI2I5Uy16bcggtNQMsbgUmac=
-66,16,hrUlePzb7CGlL56918lI42Kb8Wk=,UamcI2I5Uy16bcggtNQMsbgUmac=
-73,16,hrUlePzb7CGlL56918lI42Kb8Wk=,jGsreQmI3mFMiREt6h9JBSeOFW8=
-71,16,hrUlePzb7CGlL56918lI42Kb8Wk=,UamcI2I5Uy16bcggtNQMsbgUmac=
-68,16,hrUlePzb7CGlL56918lI42Kb8Wk=,UamcI2I5Uy16bcggtNQMsbgUmac=
-66,31,hrUlePzb7CGlL56918lI42Kb8Wk=,tTYPy8SdHnju+di10RwWqOBopac=
-70,16,hrUlePzb7CGlL56918lI42Kb8Wk=,UamcI2I5Uy16bcggtNQMsbgUmac=
-67,31,hrUlePzb7CGlL56918lI42Kb8Wk=,tTYPy8SdHnju+di10RwWqOBopac=
-65,31,hrUlePzb7CGlL56918lI42Kb8Wk=,tTYPy8SdHnju+di10RwWqOBopac=
-72,16,hrUlePzb7CGlL56918lI42Kb8Wk=,UamcI2I5Uy16bcggtNQMsbgUmac=
-69,16,hrUlePzb7CGlL56918lI42Kb8Wk=,UamcI2I5Uy16bcggtNQMsbgUmac=
-70,31,hrUlePzb7CGlL56918lI42Kb8Wk=,tTYPy8SdHnju+di10RwWqOBopac=
-71,31,hrUlePzb7CGlL56918lI42Kb8Wk=,tTYPy8SdHnju+di10RwWqOBopac=
-68,31,hrUlePzb7CGlL56918lI42Kb8Wk=,tTYPy8SdHnju+di10RwWqOBopac=
-69,31,hrUlePzb7CGlL56918lI42Kb8Wk=,tTYPy8SdHnju+di10RwWqOBopac=
-80,31,hrUlePzb7CGlL56918lI42Kb8Wk=,QJ1iGrXopJ6YrZe1UymCREzbzeY=
-79,31,hrUlePzb7CGlL56918lI42Kb8Wk=,QJ1iGrXopJ6YrZe1UymCREzbzeY=
-77,23,hrUlePzb7CGlL56918lI42Kb8Wk=,jGsreQmI3mFMiREt6h9JBSeOFW8=
-76,23,hrUlePzb7CGlL56918lI42Kb8Wk=,jGsreQmI3mFMiREt6h9JBSeOFW8=
-74,30,hrUlePzb7CGlL56918lI42Kb8Wk=,QJ1iGrXopJ6YrZe1UymCREzbzeY=
-73,30,hrUlePzb7CGlL56918lI42Kb8Wk=,QJ1iGrXopJ6YrZe1UymCREzbzeY=
-75,30,hrUlePzb7CGlL56918lI42Kb8Wk=,QJ1iGrXopJ6YrZe1UymCREzbzeY=
-78,31,hrUlePzb7CGlL56918lI42Kb8Wk=,QJ1iGrXopJ6YrZe1UymCREzbzeY=
-72,29,hrUlePzb7CGlL56918lI42Kb8Wk=,tTYPy8SdHnju+di10RwWqOBopac=
-76,30,hrUlePzb7CGlL56918lI42Kb8Wk=,QJ1iGrXopJ6YrZe1UymCREzbzeY=
-77,31,hrUlePzb7CGlL56918lI42Kb8Wk=,QJ1iGrXopJ6YrZe1UymCREzbzeY=
-80,30,hrUlePzb7CGlL56918lI42Kb8Wk=,QJ1iGrXopJ6YrZe1UymCREzbzeY=
-75,23,hrUlePzb7CGlL56918lI42Kb8Wk=,jGsreQmI3mFMiREt6h9JBSeOFW8=
-78,23,hrUlePzb7CGlL56918lI42Kb8Wk=,jGsreQmI3mFMiREt6h9JBSeOFW8=
-78,30,hrUlePzb7CGlL56918lI42Kb8Wk=,QJ1iGrXopJ6YrZe1UymCREzbzeY=
-79,23,hrUlePzb7CGlL56918lI42Kb8Wk=,jGsreQmI3mFMiREt6h9JBSeOFW8=
-77,30,hrUlePzb7CGlL56918lI42Kb8Wk=,QJ1iGrXopJ6YrZe1UymCREzbzeY=
-73,29,hrUlePzb7CGlL56918lI42Kb8Wk=,QJ1iGrXopJ6YrZe1UymCREzbzeY=
-72,28,hrUlePzb7CGlL56918lI42Kb8Wk=,tTYPy8SdHnju+di10RwWqOBopac=
-72,23,hrUlePzb7CGlL56918lI42Kb8Wk=,UamcI2I5Uy16bcggtNQMsbgUmac=
-74,29,hrUlePzb7CGlL56918lI42Kb8Wk=,QJ1iGrXopJ6YrZe1UymCREzbzeY=
-72,27,hrUlePzb7CGlL56918lI42Kb8Wk=,tTYPy8SdHnju+di10RwWqOBopac=
-72,26,hrUlePzb7CGlL56918lI42Kb8Wk=,tTYPy8SdHnju+di10RwWqOBopac=
-75,29,hrUlePzb7CGlL56918lI42Kb8Wk=,QJ1iGrXopJ6YrZe1UymCREzbzeY=
-78,29,hrUlePzb7CGlL56918lI42Kb8Wk=,QJ1iGrXopJ6YrZe1UymCREzbzeY=
-77,29,hrUlePzb7CGlL56918lI42Kb8Wk=,QJ1iGrXopJ6YrZe1UymCREzbzeY=
-73,28,hrUlePzb7CGlL56918lI42Kb8Wk=,QJ1iGrXopJ6YrZe1UymCREzbzeY=
-79,24,hrUlePzb7CGlL56918lI42Kb8Wk=,QJ1iGrXopJ6YrZe1UymCREzbzeY=
-80,24,hrUlePzb7CGlL56918lI42Kb8Wk=,QJ1iGrXopJ6YrZe1UymCREzbzeY=
-74,23,hrUlePzb7CGlL56918lI42Kb8Wk=,jGsreQmI3mFMiREt6h9JBSeOFW8=
-73,23,hrUlePzb7CGlL56918lI42Kb8Wk=,jGsreQmI3mFMiREt6h9JBSeOFW8=
-74,28,hrUlePzb7CGlL56918lI42Kb8Wk=,QJ1iGrXopJ6YrZe1UymCREzbzeY=
-80,29,hrUlePzb7CGlL56918lI42Kb8Wk=,QJ1iGrXopJ6YrZe1UymCREzbzeY=
-75,28,hrUlePzb7CGlL56918lI42Kb8Wk=,QJ1iGrXopJ6YrZe1UymCREzbzeY=
-76,29,hrUlePzb7CGlL56918lI42Kb8Wk=,QJ1iGrXopJ6YrZe1UymCREzbzeY=
-78,24,hrUlePzb7CGlL56918lI42Kb8Wk=,QJ1iGrXopJ6YrZe1UymCREzbzeY=
-76,28,hrUlePzb7CGlL56918lI42Kb8Wk=,QJ1iGrXopJ6YrZe1UymCREzbzeY=
-77,28,hrUlePzb7CGlL56918lI42Kb8Wk=,QJ1iGrXopJ6YrZe1UymCREzbzeY=
-79,28,hrUlePzb7CGlL56918lI42Kb8Wk=,QJ1iGrXopJ6YrZe1UymCREzbzeY=
-80,23,hrUlePzb7CGlL56918lI42Kb8Wk=,jGsreQmI3mFMiREt6h9JBSeOFW8=
-77,24,hrUlePzb7CGlL56918lI42Kb8Wk=,QJ1iGrXopJ6YrZe1UymCREzbzeY=
-79,30,hrUlePzb7CGlL56918lI42Kb8Wk=,QJ1iGrXopJ6YrZe1UymCREzbzeY=
-79,29,hrUlePzb7CGlL56918lI42Kb8Wk=,QJ1iGrXopJ6YrZe1UymCREzbzeY=
-78,28,hrUlePzb7CGlL56918lI42Kb8Wk=,QJ1iGrXopJ6YrZe1UymCREzbzeY=
-72,25,hrUlePzb7CGlL56918lI42Kb8Wk=,tTYPy8SdHnju+di10RwWqOBopac=
-76,27,hrUlePzb7CGlL56918lI42Kb8Wk=,QJ1iGrXopJ6YrZe1UymCREzbzeY=
-80,28,hrUlePzb7CGlL56918lI42Kb8Wk=,QJ1iGrXopJ6YrZe1UymCREzbzeY=
-72,24,hrUlePzb7CGlL56918lI42Kb8Wk=,tTYPy8SdHnju+di10RwWqOBopac=
-79,27,hrUlePzb7CGlL56918lI42Kb8Wk=,QJ1iGrXopJ6YrZe1UymCREzbzeY=
-80,27,hrUlePzb7CGlL56918lI42Kb8Wk=,QJ1iGrXopJ6YrZe1UymCREzbzeY=
-73,27,hrUlePzb7CGlL56918lI42Kb8Wk=,QJ1iGrXopJ6YrZe1UymCREzbzeY=
-76,31,hrUlePzb7CGlL56918lI42Kb8Wk=,QJ1iGrXopJ6YrZe1UymCREzbzeY=
-74,27,hrUlePzb7CGlL56918lI42Kb8Wk=,QJ1iGrXopJ6YrZe1UymCREzbzeY=
-73,31,hrUlePzb7CGlL56918lI42Kb8Wk=,QJ1iGrXopJ6YrZe1UymCREzbzeY=
-75,27,hrUlePzb7CGlL56918lI42Kb8Wk=,QJ1iGrXopJ6YrZe1UymCREzbzeY=
-77,27,hrUlePzb7CGlL56918lI42Kb8Wk=,QJ1iGrXopJ6YrZe1UymCREzbzeY=
-74,31,hrUlePzb7CGlL56918lI42Kb8Wk=,QJ1iGrXopJ6YrZe1UymCREzbzeY=
-79,26,hrUlePzb7CGlL56918lI42Kb8Wk=,QJ1iGrXopJ6YrZe1UymCREzbzeY=
-80,26,hrUlePzb7CGlL56918lI42Kb8Wk=,QJ1iGrXopJ6YrZe1UymCREzbzeY=
-78,26,hrUlePzb7CGlL56918lI42Kb8Wk=,QJ1iGrXopJ6YrZe1UymCREzbzeY=
-76,26,hrUlePzb7CGlL56918lI42Kb8Wk=,QJ1iGrXopJ6YrZe1UymCREzbzeY=
-78,27,hrUlePzb7CGlL56918lI42Kb8Wk=,QJ1iGrXopJ6YrZe1UymCREzbzeY=
-76,24,hrUlePzb7CGlL56918lI42Kb8Wk=,QJ1iGrXopJ6YrZe1UymCREzbzeY=
-77,26,hrUlePzb7CGlL56918lI42Kb8Wk=,QJ1iGrXopJ6YrZe1UymCREzbzeY=
-74,26,hrUlePzb7CGlL56918lI42Kb8Wk=,QJ1iGrXopJ6YrZe1UymCREzbzeY=
-73,26,hrUlePzb7CGlL56918lI42Kb8Wk=,QJ1iGrXopJ6YrZe1UymCREzbzeY=
-76,25,hrUlePzb7CGlL56918lI42Kb8Wk=,QJ1iGrXopJ6YrZe1UymCREzbzeY=
-75,26,hrUlePzb7CGlL56918lI42Kb8Wk=,QJ1iGrXopJ6YrZe1UymCREzbzeY=
-79,25,hrUlePzb7CGlL56918lI42Kb8Wk=,QJ1iGrXopJ6YrZe1UymCREzbzeY=
-80,25,hrUlePzb7CGlL56918lI42Kb8Wk=,QJ1iGrXopJ6YrZe1UymCREzbzeY=
-75,31,hrUlePzb7CGlL56918lI42Kb8Wk=,QJ1iGrXopJ6YrZe1UymCREzbzeY=
-73,25,hrUlePzb7CGlL56918lI42Kb8Wk=,QJ1iGrXopJ6YrZe1UymCREzbzeY=
-77,25,hrUlePzb7CGlL56918lI42Kb8Wk=,QJ1iGrXopJ6YrZe1UymCREzbzeY=
-73,24,hrUlePzb7CGlL56918lI42Kb8Wk=,QJ1iGrXopJ6YrZe1UymCREzbzeY=
-74,25,hrUlePzb7CGlL56918lI42Kb8Wk=,QJ1iGrXopJ6YrZe1UymCREzbzeY=
-75,25,hrUlePzb7CGlL56918lI42Kb8Wk=,QJ1iGrXopJ6YrZe1UymCREzbzeY=
-72,30,hrUlePzb7CGlL56918lI42Kb8Wk=,tTYPy8SdHnju+di10RwWqOBopac=
-72,31,hrUlePzb7CGlL56918lI42Kb8Wk=,tTYPy8SdHnju+di10RwWqOBopac=
-75,24,hrUlePzb7CGlL56918lI42Kb8Wk=,QJ1iGrXopJ6YrZe1UymCREzbzeY=
-78,25,hrUlePzb7CGlL56918lI42Kb8Wk=,QJ1iGrXopJ6YrZe1UymCREzbzeY=
-74,24,hrUlePzb7CGlL56918lI42Kb8Wk=,QJ1iGrXopJ6YrZe1UymCREzbzeY=
-78,3,WsVwk5oIzybx3HeHrp7c08ztKwg=,EOs1g5D8uCr3sKY5uu1CtKvK7tQ=
-75,6,WsVwk5oIzybx3HeHrp7c08ztKwg=,EOs1g5D8uCr3sKY5uu1CtKvK7tQ=
-75,5,WsVwk5oIzybx3HeHrp7c08ztKwg=,EOs1g5D8uCr3sKY5uu1CtKvK7tQ=
-77,5,WsVwk5oIzybx3HeHrp7c08ztKwg=,EOs1g5D8uCr3sKY5uu1CtKvK7tQ=
-77,6,WsVwk5oIzybx3HeHrp7c08ztKwg=,EOs1g5D8uCr3sKY5uu1CtKvK7tQ=
-79,4,WsVwk5oIzybx3HeHrp7c08ztKwg=,EOs1g5D8uCr3sKY5uu1CtKvK7tQ=
-76,5,WsVwk5oIzybx3HeHrp7c08ztKwg=,EOs1g5D8uCr3sKY5uu1CtKvK7tQ=
-74,4,WsVwk5oIzybx3HeHrp7c08ztKwg=,EOs1g5D8uCr3sKY5uu1CtKvK7tQ=
-75,4,WsVwk5oIzybx3HeHrp7c08ztKwg=,EOs1g5D8uCr3sKY5uu1CtKvK7tQ=
-74,3,WsVwk5oIzybx3HeHrp7c08ztKwg=,EOs1g5D8uCr3sKY5uu1CtKvK7tQ=
-78,6,WsVwk5oIzybx3HeHrp7c08ztKwg=,EOs1g5D8uCr3sKY5uu1CtKvK7tQ=
-76,6,WsVwk5oIzybx3HeHrp7c08ztKwg=,EOs1g5D8uCr3sKY5uu1CtKvK7tQ=
-79,6,WsVwk5oIzybx3HeHrp7c08ztKwg=,EOs1g5D8uCr3sKY5uu1CtKvK7tQ=
-79,3,WsVwk5oIzybx3HeHrp7c08ztKwg=,EOs1g5D8uCr3sKY5uu1CtKvK7tQ=
-74,1,WsVwk5oIzybx3HeHrp7c08ztKwg=,EOs1g5D8uCr3sKY5uu1CtKvK7tQ=
-75,1,WsVwk5oIzybx3HeHrp7c08ztKwg=,EOs1g5D8uCr3sKY5uu1CtKvK7tQ=
-75,3,WsVwk5oIzybx3HeHrp7c08ztKwg=,EOs1g5D8uCr3sKY5uu1CtKvK7tQ=
-77,2,WsVwk5oIzybx3HeHrp7c08ztKwg=,EOs1g5D8uCr3sKY5uu1CtKvK7tQ=
-78,5,WsVwk5oIzybx3HeHrp7c08ztKwg=,EOs1g5D8uCr3sKY5uu1CtKvK7tQ=
-78,2,WsVwk5oIzybx3HeHrp7c08ztKwg=,EOs1g5D8uCr3sKY5uu1CtKvK7tQ=
-76,1,WsVwk5oIzybx3HeHrp7c08ztKwg=,EOs1g5D8uCr3sKY5uu1CtKvK7tQ=
-76,4,WsVwk5oIzybx3HeHrp7c08ztKwg=,EOs1g5D8uCr3sKY5uu1CtKvK7tQ=
-79,5,WsVwk5oIzybx3HeHrp7c08ztKwg=,EOs1g5D8uCr3sKY5uu1CtKvK7tQ=
-78,1,WsVwk5oIzybx3HeHrp7c08ztKwg=,EOs1g5D8uCr3sKY5uu1CtKvK7tQ=
-74,5,WsVwk5oIzybx3HeHrp7c08ztKwg=,EOs1g5D8uCr3sKY5uu1CtKvK7tQ=
-77,4,WsVwk5oIzybx3HeHrp7c08ztKwg=,EOs1g5D8uCr3sKY5uu1CtKvK7tQ=
-79,2,WsVwk5oIzybx3HeHrp7c08ztKwg=,EOs1g5D8uCr3sKY5uu1CtKvK7tQ=
-79,1,WsVwk5oIzybx3HeHrp7c08ztKwg=,EOs1g5D8uCr3sKY5uu1CtKvK7tQ=
-74,2,WsVwk5oIzybx3HeHrp7c08ztKwg=,EOs1g5D8uCr3sKY5uu1CtKvK7tQ=
-75,2,WsVwk5oIzybx3HeHrp7c08ztKwg=,EOs1g5D8uCr3sKY5uu1CtKvK7tQ=
-77,1,WsVwk5oIzybx3HeHrp7c08ztKwg=,EOs1g5D8uCr3sKY5uu1CtKvK7tQ=
-78,4,WsVwk5oIzybx3HeHrp7c08ztKwg=,EOs1g5D8uCr3sKY5uu1CtKvK7tQ=
-76,3,WsVwk5oIzybx3HeHrp7c08ztKwg=,EOs1g5D8uCr3sKY5uu1CtKvK7tQ=
-76,2,WsVwk5oIzybx3HeHrp7c08ztKwg=,EOs1g5D8uCr3sKY5uu1CtKvK7tQ=
-77,3,WsVwk5oIzybx3HeHrp7c08ztKwg=,EOs1g5D8uCr3sKY5uu1CtKvK7tQ=
-74,6,WsVwk5oIzybx3HeHrp7c08ztKwg=,EOs1g5D8uCr3sKY5uu1CtKvK7tQ=
-77,7,WsVwk5oIzybx3HeHrp7c08ztKwg=,EOs1g5D8uCr3sKY5uu1CtKvK7tQ=
-76,7,WsVwk5oIzybx3HeHrp7c08ztKwg=,EOs1g5D8uCr3sKY5uu1CtKvK7tQ=
-77,14,WsVwk5oIzybx3HeHrp7c08ztKwg=,G+6dbUGv7VwZ8tjqYLKongbiQXc=
-79,14,WsVwk5oIzybx3HeHrp7c08ztKwg=,G+6dbUGv7VwZ8tjqYLKongbiQXc=
-78,14,WsVwk5oIzybx3HeHrp7c08ztKwg=,G+6dbUGv7VwZ8tjqYLKongbiQXc=
-78,7,WsVwk5oIzybx3HeHrp7c08ztKwg=,EOs1g5D8uCr3sKY5uu1CtKvK7tQ=
-75,14,WsVwk5oIzybx3HeHrp7c08ztKwg=,G+6dbUGv7VwZ8tjqYLKongbiQXc=
-76,14,WsVwk5oIzybx3HeHrp7c08ztKwg=,G+6dbUGv7VwZ8tjqYLKongbiQXc=
-75,7,WsVwk5oIzybx3HeHrp7c08ztKwg=,EOs1g5D8uCr3sKY5uu1CtKvK7tQ=
-77,13,WsVwk5oIzybx3HeHrp7c08ztKwg=,G+6dbUGv7VwZ8tjqYLKongbiQXc=
-74,14,WsVwk5oIzybx3HeHrp7c08ztKwg=,G+6dbUGv7VwZ8tjqYLKongbiQXc=
-79,13,WsVwk5oIzybx3HeHrp7c08ztKwg=,G+6dbUGv7VwZ8tjqYLKongbiQXc=
-74,13,WsVwk5oIzybx3HeHrp7c08ztKwg=,G+6dbUGv7VwZ8tjqYLKongbiQXc=
-75,13,WsVwk5oIzybx3HeHrp7c08ztKwg=,G+6dbUGv7VwZ8tjqYLKongbiQXc=
-78,13,WsVwk5oIzybx3HeHrp7c08ztKwg=,G+6dbUGv7VwZ8tjqYLKongbiQXc=
-77,12,WsVwk5oIzybx3HeHrp7c08ztKwg=,G+6dbUGv7VwZ8tjqYLKongbiQXc=
-75,12,WsVwk5oIzybx3HeHrp7c08ztKwg=,G+6dbUGv7VwZ8tjqYLKongbiQXc=
-74,7,WsVwk5oIzybx3HeHrp7c08ztKwg=,EOs1g5D8uCr3sKY5uu1CtKvK7tQ=
-79,12,WsVwk5oIzybx3HeHrp7c08ztKwg=,G+6dbUGv7VwZ8tjqYLKongbiQXc=
-74,12,WsVwk5oIzybx3HeHrp7c08ztKwg=,G+6dbUGv7VwZ8tjqYLKongbiQXc=
-79,7,WsVwk5oIzybx3HeHrp7c08ztKwg=,EOs1g5D8uCr3sKY5uu1CtKvK7tQ=
-79,8,WsVwk5oIzybx3HeHrp7c08ztKwg=,G+6dbUGv7VwZ8tjqYLKongbiQXc=
-76,13,WsVwk5oIzybx3HeHrp7c08ztKwg=,G+6dbUGv7VwZ8tjqYLKongbiQXc=
-74,11,WsVwk5oIzybx3HeHrp7c08ztKwg=,G+6dbUGv7VwZ8tjqYLKongbiQXc=
-76,12,WsVwk5oIzybx3HeHrp7c08ztKwg=,G+6dbUGv7VwZ8tjqYLKongbiQXc=
-78,11,WsVwk5oIzybx3HeHrp7c08ztKwg=,G+6dbUGv7VwZ8tjqYLKongbiQXc=
-77,11,WsVwk5oIzybx3HeHrp7c08ztKwg=,G+6dbUGv7VwZ8tjqYLKongbiQXc=
-78,8,WsVwk5oIzybx3HeHrp7c08ztKwg=,G+6dbUGv7VwZ8tjqYLKongbiQXc=
-78,12,WsVwk5oIzybx3HeHrp7c08ztKwg=,G+6dbUGv7VwZ8tjqYLKongbiQXc=
-75,11,WsVwk5oIzybx3HeHrp7c08ztKwg=,G+6dbUGv7VwZ8tjqYLKongbiQXc=
-77,8,WsVwk5oIzybx3HeHrp7c08ztKwg=,G+6dbUGv7VwZ8tjqYLKongbiQXc=
-79,11,WsVwk5oIzybx3HeHrp7c08ztKwg=,G+6dbUGv7VwZ8tjqYLKongbiQXc=
-74,10,WsVwk5oIzybx3HeHrp7c08ztKwg=,G+6dbUGv7VwZ8tjqYLKongbiQXc=
-77,10,WsVwk5oIzybx3HeHrp7c08ztKwg=,G+6dbUGv7VwZ8tjqYLKongbiQXc=
-78,10,WsVwk5oIzybx3HeHrp7c08ztKwg=,G+6dbUGv7VwZ8tjqYLKongbiQXc=
-76,11,WsVwk5oIzybx3HeHrp7c08ztKwg=,G+6dbUGv7VwZ8tjqYLKongbiQXc=
-75,10,WsVwk5oIzybx3HeHrp7c08ztKwg=,G+6dbUGv7VwZ8tjqYLKongbiQXc=
-76,8,WsVwk5oIzybx3HeHrp7c08ztKwg=,G+6dbUGv7VwZ8tjqYLKongbiQXc=
-74,9,WsVwk5oIzybx3HeHrp7c08ztKwg=,G+6dbUGv7VwZ8tjqYLKongbiQXc=
-79,10,WsVwk5oIzybx3HeHrp7c08ztKwg=,G+6dbUGv7VwZ8tjqYLKongbiQXc=
-76,10,WsVwk5oIzybx3HeHrp7c08ztKwg=,G+6dbUGv7VwZ8tjqYLKongbiQXc=
-79,9,WsVwk5oIzybx3HeHrp7c08ztKwg=,G+6dbUGv7VwZ8tjqYLKongbiQXc=
-77,9,WsVwk5oIzybx3HeHrp7c08ztKwg=,G+6dbUGv7VwZ8tjqYLKongbiQXc=
-76,9,WsVwk5oIzybx3HeHrp7c08ztKwg=,G+6dbUGv7VwZ8tjqYLKongbiQXc=
-78,9,WsVwk5oIzybx3HeHrp7c08ztKwg=,G+6dbUGv7VwZ8tjqYLKongbiQXc=
-74,8,WsVwk5oIzybx3HeHrp7c08ztKwg=,G+6dbUGv7VwZ8tjqYLKongbiQXc=
-75,9,WsVwk5oIzybx3HeHrp7c08ztKwg=,G+6dbUGv7VwZ8tjqYLKongbiQXc=
-75,8,WsVwk5oIzybx3HeHrp7c08ztKwg=,G+6dbUGv7VwZ8tjqYLKongbiQXc=
-76,15,WsVwk5oIzybx3HeHrp7c08ztKwg=,G+6dbUGv7VwZ8tjqYLKongbiQXc=
-77,15,WsVwk5oIzybx3HeHrp7c08ztKwg=,G+6dbUGv7VwZ8tjqYLKongbiQXc=
-79,15,WsVwk5oIzybx3HeHrp7c08ztKwg=,G+6dbUGv7VwZ8tjqYLKongbiQXc=
-80,9,WsVwk5oIzybx3HeHrp7c08ztKwg=,G+6dbUGv7VwZ8tjqYLKongbiQXc=
-80,10,WsVwk5oIzybx3HeHrp7c08ztKwg=,G+6dbUGv7VwZ8tjqYLKongbiQXc=
-80,11,WsVwk5oIzybx3HeHrp7c08ztKwg=,G+6dbUGv7VwZ8tjqYLKongbiQXc=
-80,12,WsVwk5oIzybx3HeHrp7c08ztKwg=,G+6dbUGv7VwZ8tjqYLKongbiQXc=
-80,13,WsVwk5oIzybx3HeHrp7c08ztKwg=,G+6dbUGv7VwZ8tjqYLKongbiQXc=
-80,14,WsVwk5oIzybx3HeHrp7c08ztKwg=,G+6dbUGv7VwZ8tjqYLKongbiQXc=
-80,8,WsVwk5oIzybx3HeHrp7c08ztKwg=,G+6dbUGv7VwZ8tjqYLKongbiQXc=
-80,5,WsVwk5oIzybx3HeHrp7c08ztKwg=,EOs1g5D8uCr3sKY5uu1CtKvK7tQ=
-80,6,WsVwk5oIzybx3HeHrp7c08ztKwg=,EOs1g5D8uCr3sKY5uu1CtKvK7tQ=
-78,15,WsVwk5oIzybx3HeHrp7c08ztKwg=,G+6dbUGv7VwZ8tjqYLKongbiQXc=
-75,15,WsVwk5oIzybx3HeHrp7c08ztKwg=,G+6dbUGv7VwZ8tjqYLKongbiQXc=
-80,7,WsVwk5oIzybx3HeHrp7c08ztKwg=,EOs1g5D8uCr3sKY5uu1CtKvK7tQ=
-80,3,WsVwk5oIzybx3HeHrp7c08ztKwg=,EOs1g5D8uCr3sKY5uu1CtKvK7tQ=
-80,4,WsVwk5oIzybx3HeHrp7c08ztKwg=,EOs1g5D8uCr3sKY5uu1CtKvK7tQ=
-80,2,WsVwk5oIzybx3HeHrp7c08ztKwg=,EOs1g5D8uCr3sKY5uu1CtKvK7tQ=
-74,15,WsVwk5oIzybx3HeHrp7c08ztKwg=,G+6dbUGv7VwZ8tjqYLKongbiQXc=
-79,0,WsVwk5oIzybx3HeHrp7c08ztKwg=,EOs1g5D8uCr3sKY5uu1CtKvK7tQ=
-80,1,WsVwk5oIzybx3HeHrp7c08ztKwg=,EOs1g5D8uCr3sKY5uu1CtKvK7tQ=
-78,0,WsVwk5oIzybx3HeHrp7c08ztKwg=,EOs1g5D8uCr3sKY5uu1CtKvK7tQ=
-74,0,WsVwk5oIzybx3HeHrp7c08ztKwg=,EOs1g5D8uCr3sKY5uu1CtKvK7tQ=
-80,15,WsVwk5oIzybx3HeHrp7c08ztKwg=,G+6dbUGv7VwZ8tjqYLKongbiQXc=
-76,0,WsVwk5oIzybx3HeHrp7c08ztKwg=,EOs1g5D8uCr3sKY5uu1CtKvK7tQ=
-75,0,WsVwk5oIzybx3HeHrp7c08ztKwg=,EOs1g5D8uCr3sKY5uu1CtKvK7tQ=
-80,0,WsVwk5oIzybx3HeHrp7c08ztKwg=,EOs1g5D8uCr3sKY5uu1CtKvK7tQ=
-68,13,WsVwk5oIzybx3HeHrp7c08ztKwg=,w1749/mCOJLhUiL5CjEddPkkwEo=
-77,0,WsVwk5oIzybx3HeHrp7c08ztKwg=,EOs1g5D8uCr3sKY5uu1CtKvK7tQ=
-67,13,WsVwk5oIzybx3HeHrp7c08ztKwg=,w1749/mCOJLhUiL5CjEddPkkwEo=
-66,13,WsVwk5oIzybx3HeHrp7c08ztKwg=,w1749/mCOJLhUiL5CjEddPkkwEo=
-65,13,WsVwk5oIzybx3HeHrp7c08ztKwg=,w1749/mCOJLhUiL5CjEddPkkwEo=
-72,14,WsVwk5oIzybx3HeHrp7c08ztKwg=,w1749/mCOJLhUiL5CjEddPkkwEo=
-65,12,WsVwk5oIzybx3HeHrp7c08ztKwg=,w1749/mCOJLhUiL5CjEddPkkwEo=
-66,12,WsVwk5oIzybx3HeHrp7c08ztKwg=,w1749/mCOJLhUiL5CjEddPkkwEo=
-70,13,WsVwk5oIzybx3HeHrp7c08ztKwg=,w1749/mCOJLhUiL5CjEddPkkwEo=
-68,12,WsVwk5oIzybx3HeHrp7c08ztKwg=,w1749/mCOJLhUiL5CjEddPkkwEo=
-71,13,WsVwk5oIzybx3HeHrp7c08ztKwg=,w1749/mCOJLhUiL5CjEddPkkwEo=
-69,13,WsVwk5oIzybx3HeHrp7c08ztKwg=,w1749/mCOJLhUiL5CjEddPkkwEo=
-67,12,WsVwk5oIzybx3HeHrp7c08ztKwg=,w1749/mCOJLhUiL5CjEddPkkwEo=
-73,14,WsVwk5oIzybx3HeHrp7c08ztKwg=,G+6dbUGv7VwZ8tjqYLKongbiQXc=
-71,14,WsVwk5oIzybx3HeHrp7c08ztKwg=,w1749/mCOJLhUiL5CjEddPkkwEo=
-65,11,WsVwk5oIzybx3HeHrp7c08ztKwg=,w1749/mCOJLhUiL5CjEddPkkwEo=
-72,13,WsVwk5oIzybx3HeHrp7c08ztKwg=,w1749/mCOJLhUiL5CjEddPkkwEo=
-67,11,WsVwk5oIzybx3HeHrp7c08ztKwg=,w1749/mCOJLhUiL5CjEddPkkwEo=
-70,12,WsVwk5oIzybx3HeHrp7c08ztKwg=,w1749/mCOJLhUiL5CjEddPkkwEo=
-72,12,WsVwk5oIzybx3HeHrp7c08ztKwg=,w1749/mCOJLhUiL5CjEddPkkwEo=
-66,11,WsVwk5oIzybx3HeHrp7c08ztKwg=,w1749/mCOJLhUiL5CjEddPkkwEo=
-71,12,WsVwk5oIzybx3HeHrp7c08ztKwg=,w1749/mCOJLhUiL5CjEddPkkwEo=
-69,12,WsVwk5oIzybx3HeHrp7c08ztKwg=,w1749/mCOJLhUiL5CjEddPkkwEo=
-68,11,WsVwk5oIzybx3HeHrp7c08ztKwg=,w1749/mCOJLhUiL5CjEddPkkwEo=
-73,13,WsVwk5oIzybx3HeHrp7c08ztKwg=,G+6dbUGv7VwZ8tjqYLKongbiQXc=
-65,10,WsVwk5oIzybx3HeHrp7c08ztKwg=,w1749/mCOJLhUiL5CjEddPkkwEo=
-66,10,WsVwk5oIzybx3HeHrp7c08ztKwg=,w1749/mCOJLhUiL5CjEddPkkwEo=
-70,14,WsVwk5oIzybx3HeHrp7c08ztKwg=,w1749/mCOJLhUiL5CjEddPkkwEo=
-73,12,WsVwk5oIzybx3HeHrp7c08ztKwg=,G+6dbUGv7VwZ8tjqYLKongbiQXc=
-70,11,WsVwk5oIzybx3HeHrp7c08ztKwg=,w1749/mCOJLhUiL5CjEddPkkwEo=
-67,10,WsVwk5oIzybx3HeHrp7c08ztKwg=,w1749/mCOJLhUiL5CjEddPkkwEo=
-65,15,WsVwk5oIzybx3HeHrp7c08ztKwg=,w1749/mCOJLhUiL5CjEddPkkwEo=
-69,11,WsVwk5oIzybx3HeHrp7c08ztKwg=,w1749/mCOJLhUiL5CjEddPkkwEo=
-71,11,WsVwk5oIzybx3HeHrp7c08ztKwg=,w1749/mCOJLhUiL5CjEddPkkwEo=
-68,10,WsVwk5oIzybx3HeHrp7c08ztKwg=,w1749/mCOJLhUiL5CjEddPkkwEo=
-72,11,WsVwk5oIzybx3HeHrp7c08ztKwg=,w1749/mCOJLhUiL5CjEddPkkwEo=
-66,9,WsVwk5oIzybx3HeHrp7c08ztKwg=,w1749/mCOJLhUiL5CjEddPkkwEo=
-65,9,WsVwk5oIzybx3HeHrp7c08ztKwg=,w1749/mCOJLhUiL5CjEddPkkwEo=
-72,10,WsVwk5oIzybx3HeHrp7c08ztKwg=,w1749/mCOJLhUiL5CjEddPkkwEo=
-70,10,WsVwk5oIzybx3HeHrp7c08ztKwg=,w1749/mCOJLhUiL5CjEddPkkwEo=
-66,15,WsVwk5oIzybx3HeHrp7c08ztKwg=,w1749/mCOJLhUiL5CjEddPkkwEo=
-69,14,WsVwk5oIzybx3HeHrp7c08ztKwg=,w1749/mCOJLhUiL5CjEddPkkwEo=
-67,9,WsVwk5oIzybx3HeHrp7c08ztKwg=,w1749/mCOJLhUiL5CjEddPkkwEo=
-73,11,WsVwk5oIzybx3HeHrp7c08ztKwg=,G+6dbUGv7VwZ8tjqYLKongbiQXc=
-67,15,WsVwk5oIzybx3HeHrp7c08ztKwg=,w1749/mCOJLhUiL5CjEddPkkwEo=
-69,10,WsVwk5oIzybx3HeHrp7c08ztKwg=,w1749/mCOJLhUiL5CjEddPkkwEo=
-73,15,WsVwk5oIzybx3HeHrp7c08ztKwg=,G+6dbUGv7VwZ8tjqYLKongbiQXc=
-71,10,WsVwk5oIzybx3HeHrp7c08ztKwg=,w1749/mCOJLhUiL5CjEddPkkwEo=
-68,14,WsVwk5oIzybx3HeHrp7c08ztKwg=,w1749/mCOJLhUiL5CjEddPkkwEo=
-67,14,WsVwk5oIzybx3HeHrp7c08ztKwg=,w1749/mCOJLhUiL5CjEddPkkwEo=
-66,14,WsVwk5oIzybx3HeHrp7c08ztKwg=,w1749/mCOJLhUiL5CjEddPkkwEo=
-65,14,WsVwk5oIzybx3HeHrp7c08ztKwg=,w1749/mCOJLhUiL5CjEddPkkwEo=
-68,9,WsVwk5oIzybx3HeHrp7c08ztKwg=,w1749/mCOJLhUiL5CjEddPkkwEo=
-73,9,WsVwk5oIzybx3HeHrp7c08ztKwg=,G+6dbUGv7VwZ8tjqYLKongbiQXc=
-69,9,WsVwk5oIzybx3HeHrp7c08ztKwg=,w1749/mCOJLhUiL5CjEddPkkwEo=
-69,15,WsVwk5oIzybx3HeHrp7c08ztKwg=,w1749/mCOJLhUiL5CjEddPkkwEo=
-73,10,WsVwk5oIzybx3HeHrp7c08ztKwg=,G+6dbUGv7VwZ8tjqYLKongbiQXc=
-68,15,WsVwk5oIzybx3HeHrp7c08ztKwg=,w1749/mCOJLhUiL5CjEddPkkwEo=
-70,9,WsVwk5oIzybx3HeHrp7c08ztKwg=,w1749/mCOJLhUiL5CjEddPkkwEo=
-72,9,WsVwk5oIzybx3HeHrp7c08ztKwg=,w1749/mCOJLhUiL5CjEddPkkwEo=
-72,15,WsVwk5oIzybx3HeHrp7c08ztKwg=,w1749/mCOJLhUiL5CjEddPkkwEo=
-70,15,WsVwk5oIzybx3HeHrp7c08ztKwg=,w1749/mCOJLhUiL5CjEddPkkwEo=
-71,9,WsVwk5oIzybx3HeHrp7c08ztKwg=,w1749/mCOJLhUiL5CjEddPkkwEo=
-71,15,WsVwk5oIzybx3HeHrp7c08ztKwg=,w1749/mCOJLhUiL5CjEddPkkwEo=
-70,3,WsVwk5oIzybx3HeHrp7c08ztKwg=,Do0azcEDC+9KhIfm1oTsvuvPLQ0=
-71,3,WsVwk5oIzybx3HeHrp7c08ztKwg=,Do0azcEDC+9KhIfm1oTsvuvPLQ0=
-66,7,WsVwk5oIzybx3HeHrp7c08ztKwg=,Do0azcEDC+9KhIfm1oTsvuvPLQ0=
-68,7,WsVwk5oIzybx3HeHrp7c08ztKwg=,Do0azcEDC+9KhIfm1oTsvuvPLQ0=
-67,7,WsVwk5oIzybx3HeHrp7c08ztKwg=,Do0azcEDC+9KhIfm1oTsvuvPLQ0=
-65,7,WsVwk5oIzybx3HeHrp7c08ztKwg=,Do0azcEDC+9KhIfm1oTsvuvPLQ0=
-69,3,WsVwk5oIzybx3HeHrp7c08ztKwg=,Do0azcEDC+9KhIfm1oTsvuvPLQ0=
-68,3,WsVwk5oIzybx3HeHrp7c08ztKwg=,Do0azcEDC+9KhIfm1oTsvuvPLQ0=
-72,3,WsVwk5oIzybx3HeHrp7c08ztKwg=,Do0azcEDC+9KhIfm1oTsvuvPLQ0=
-65,2,WsVwk5oIzybx3HeHrp7c08ztKwg=,Do0azcEDC+9KhIfm1oTsvuvPLQ0=
-71,2,WsVwk5oIzybx3HeHrp7c08ztKwg=,Do0azcEDC+9KhIfm1oTsvuvPLQ0=
-69,7,WsVwk5oIzybx3HeHrp7c08ztKwg=,Do0azcEDC+9KhIfm1oTsvuvPLQ0=
-68,2,WsVwk5oIzybx3HeHrp7c08ztKwg=,Do0azcEDC+9KhIfm1oTsvuvPLQ0=
-66,2,WsVwk5oIzybx3HeHrp7c08ztKwg=,Do0azcEDC+9KhIfm1oTsvuvPLQ0=
-67,2,WsVwk5oIzybx3HeHrp7c08ztKwg=,Do0azcEDC+9KhIfm1oTsvuvPLQ0=
-73,4,WsVwk5oIzybx3HeHrp7c08ztKwg=,EOs1g5D8uCr3sKY5uu1CtKvK7tQ=
-69,2,WsVwk5oIzybx3HeHrp7c08ztKwg=,Do0azcEDC+9KhIfm1oTsvuvPLQ0=
-70,2,WsVwk5oIzybx3HeHrp7c08ztKwg=,Do0azcEDC+9KhIfm1oTsvuvPLQ0=
-67,3,WsVwk5oIzybx3HeHrp7c08ztKwg=,Do0azcEDC+9KhIfm1oTsvuvPLQ0=
-72,2,WsVwk5oIzybx3HeHrp7c08ztKwg=,Do0azcEDC+9KhIfm1oTsvuvPLQ0=
-71,1,WsVwk5oIzybx3HeHrp7c08ztKwg=,Do0azcEDC+9KhIfm1oTsvuvPLQ0=
-66,3,WsVwk5oIzybx3HeHrp7c08ztKwg=,Do0azcEDC+9KhIfm1oTsvuvPLQ0=
-65,1,WsVwk5oIzybx3HeHrp7c08ztKwg=,Do0azcEDC+9KhIfm1oTsvuvPLQ0=
-70,1,WsVwk5oIzybx3HeHrp7c08ztKwg=,Do0azcEDC+9KhIfm1oTsvuvPLQ0=
-68,1,WsVwk5oIzybx3HeHrp7c08ztKwg=,Do0azcEDC+9KhIfm1oTsvuvPLQ0=
-72,1,WsVwk5oIzybx3HeHrp7c08ztKwg=,Do0azcEDC+9KhIfm1oTsvuvPLQ0=
-66,1,WsVwk5oIzybx3HeHrp7c08ztKwg=,Do0azcEDC+9KhIfm1oTsvuvPLQ0=
-67,1,WsVwk5oIzybx3HeHrp7c08ztKwg=,Do0azcEDC+9KhIfm1oTsvuvPLQ0=
-65,3,WsVwk5oIzybx3HeHrp7c08ztKwg=,Do0azcEDC+9KhIfm1oTsvuvPLQ0=
-71,7,WsVwk5oIzybx3HeHrp7c08ztKwg=,Do0azcEDC+9KhIfm1oTsvuvPLQ0=
-72,7,WsVwk5oIzybx3HeHrp7c08ztKwg=,Do0azcEDC+9KhIfm1oTsvuvPLQ0=
-69,1,WsVwk5oIzybx3HeHrp7c08ztKwg=,Do0azcEDC+9KhIfm1oTsvuvPLQ0=
-73,2,WsVwk5oIzybx3HeHrp7c08ztKwg=,EOs1g5D8uCr3sKY5uu1CtKvK7tQ=
-67,0,WsVwk5oIzybx3HeHrp7c08ztKwg=,Do0azcEDC+9KhIfm1oTsvuvPLQ0=
-68,0,WsVwk5oIzybx3HeHrp7c08ztKwg=,Do0azcEDC+9KhIfm1oTsvuvPLQ0=
-70,7,WsVwk5oIzybx3HeHrp7c08ztKwg=,Do0azcEDC+9KhIfm1oTsvuvPLQ0=
-65,6,WsVwk5oIzybx3HeHrp7c08ztKwg=,Do0azcEDC+9KhIfm1oTsvuvPLQ0=
-69,0,WsVwk5oIzybx3HeHrp7c08ztKwg=,Do0azcEDC+9KhIfm1oTsvuvPLQ0=
-65,0,WsVwk5oIzybx3HeHrp7c08ztKwg=,Do0azcEDC+9KhIfm1oTsvuvPLQ0=
-66,6,WsVwk5oIzybx3HeHrp7c08ztKwg=,Do0azcEDC+9KhIfm1oTsvuvPLQ0=
-66,0,WsVwk5oIzybx3HeHrp7c08ztKwg=,Do0azcEDC+9KhIfm1oTsvuvPLQ0=
-72,4,WsVwk5oIzybx3HeHrp7c08ztKwg=,Do0azcEDC+9KhIfm1oTsvuvPLQ0=
-67,6,WsVwk5oIzybx3HeHrp7c08ztKwg=,Do0azcEDC+9KhIfm1oTsvuvPLQ0=
-72,6,WsVwk5oIzybx3HeHrp7c08ztKwg=,Do0azcEDC+9KhIfm1oTsvuvPLQ0=
-68,6,WsVwk5oIzybx3HeHrp7c08ztKwg=,Do0azcEDC+9KhIfm1oTsvuvPLQ0=
-71,0,WsVwk5oIzybx3HeHrp7c08ztKwg=,Do0azcEDC+9KhIfm1oTsvuvPLQ0=
-70,0,WsVwk5oIzybx3HeHrp7c08ztKwg=,Do0azcEDC+9KhIfm1oTsvuvPLQ0=
-71,6,WsVwk5oIzybx3HeHrp7c08ztKwg=,Do0azcEDC+9KhIfm1oTsvuvPLQ0=
-69,6,WsVwk5oIzybx3HeHrp7c08ztKwg=,Do0azcEDC+9KhIfm1oTsvuvPLQ0=
-67,5,WsVwk5oIzybx3HeHrp7c08ztKwg=,Do0azcEDC+9KhIfm1oTsvuvPLQ0=
-72,0,WsVwk5oIzybx3HeHrp7c08ztKwg=,Do0azcEDC+9KhIfm1oTsvuvPLQ0=
-71,4,WsVwk5oIzybx3HeHrp7c08ztKwg=,Do0azcEDC+9KhIfm1oTsvuvPLQ0=
-65,5,WsVwk5oIzybx3HeHrp7c08ztKwg=,Do0azcEDC+9KhIfm1oTsvuvPLQ0=
-68,5,WsVwk5oIzybx3HeHrp7c08ztKwg=,Do0azcEDC+9KhIfm1oTsvuvPLQ0=
-73,7,WsVwk5oIzybx3HeHrp7c08ztKwg=,EOs1g5D8uCr3sKY5uu1CtKvK7tQ=
-70,6,WsVwk5oIzybx3HeHrp7c08ztKwg=,Do0azcEDC+9KhIfm1oTsvuvPLQ0=
-72,5,WsVwk5oIzybx3HeHrp7c08ztKwg=,Do0azcEDC+9KhIfm1oTsvuvPLQ0=
-65,4,WsVwk5oIzybx3HeHrp7c08ztKwg=,Do0azcEDC+9KhIfm1oTsvuvPLQ0=
-66,5,WsVwk5oIzybx3HeHrp7c08ztKwg=,Do0azcEDC+9KhIfm1oTsvuvPLQ0=
-73,3,WsVwk5oIzybx3HeHrp7c08ztKwg=,EOs1g5D8uCr3sKY5uu1CtKvK7tQ=
-70,4,WsVwk5oIzybx3HeHrp7c08ztKwg=,Do0azcEDC+9KhIfm1oTsvuvPLQ0=
-71,5,WsVwk5oIzybx3HeHrp7c08ztKwg=,Do0azcEDC+9KhIfm1oTsvuvPLQ0=
-70,5,WsVwk5oIzybx3HeHrp7c08ztKwg=,Do0azcEDC+9KhIfm1oTsvuvPLQ0=
-73,1,WsVwk5oIzybx3HeHrp7c08ztKwg=,EOs1g5D8uCr3sKY5uu1CtKvK7tQ=
-69,5,WsVwk5oIzybx3HeHrp7c08ztKwg=,Do0azcEDC+9KhIfm1oTsvuvPLQ0=
-66,8,WsVwk5oIzybx3HeHrp7c08ztKwg=,w1749/mCOJLhUiL5CjEddPkkwEo=
-73,5,WsVwk5oIzybx3HeHrp7c08ztKwg=,EOs1g5D8uCr3sKY5uu1CtKvK7tQ=
-65,8,WsVwk5oIzybx3HeHrp7c08ztKwg=,w1749/mCOJLhUiL5CjEddPkkwEo=
-66,4,WsVwk5oIzybx3HeHrp7c08ztKwg=,Do0azcEDC+9KhIfm1oTsvuvPLQ0=
-73,6,WsVwk5oIzybx3HeHrp7c08ztKwg=,EOs1g5D8uCr3sKY5uu1CtKvK7tQ=
-67,8,WsVwk5oIzybx3HeHrp7c08ztKwg=,w1749/mCOJLhUiL5CjEddPkkwEo=
-68,4,WsVwk5oIzybx3HeHrp7c08ztKwg=,Do0azcEDC+9KhIfm1oTsvuvPLQ0=
-73,0,WsVwk5oIzybx3HeHrp7c08ztKwg=,EOs1g5D8uCr3sKY5uu1CtKvK7tQ=
-67,4,WsVwk5oIzybx3HeHrp7c08ztKwg=,Do0azcEDC+9KhIfm1oTsvuvPLQ0=
-68,8,WsVwk5oIzybx3HeHrp7c08ztKwg=,w1749/mCOJLhUiL5CjEddPkkwEo=
-73,8,WsVwk5oIzybx3HeHrp7c08ztKwg=,G+6dbUGv7VwZ8tjqYLKongbiQXc=
-72,8,WsVwk5oIzybx3HeHrp7c08ztKwg=,w1749/mCOJLhUiL5CjEddPkkwEo=
-69,4,WsVwk5oIzybx3HeHrp7c08ztKwg=,Do0azcEDC+9KhIfm1oTsvuvPLQ0=
-71,8,WsVwk5oIzybx3HeHrp7c08ztKwg=,w1749/mCOJLhUiL5CjEddPkkwEo=
-70,8,WsVwk5oIzybx3HeHrp7c08ztKwg=,w1749/mCOJLhUiL5CjEddPkkwEo=
-69,8,WsVwk5oIzybx3HeHrp7c08ztKwg=,w1749/mCOJLhUiL5CjEddPkkwEo=
