12,13,999hNaEfbgavnfP7eLe+OI0cspg=,AIMjgrpwqVkBdovGz/p7lJxq7yU=
11,10,999hNaEfbgavnfP7eLe+OI0cspg=,AIMjgrpwqVkBdovGz/p7lJxq7yU=
9,10,999hNaEfbgavnfP7eLe+OI0cspg=,AIMjgrpwqVkBdovGz/p7lJxq7yU=
11,12,999hNaEfbgavnfP7eLe+OI0cspg=,AIMjgrpwqVkBdovGz/p7lJxq7yU=
9,12,999hNaEfbgavnfP7eLe+OI0cspg=,AIMjgrpwqVkBdovGz/p7lJxq7yU=
10,10,999hNaEfbgavnfP7eLe+OI0cspg=,AIMjgrpwqVkBdovGz/p7lJxq7yU=
10,12,999hNaEfbgavnfP7eLe+OI0cspg=,AIMjgrpwqVkBdovGz/p7lJxq7yU=
13,9,999hNaEfbgavnfP7eLe+OI0cspg=,AIMjgrpwqVkBdovGz/p7lJxq7yU=
14,11,999hNaEfbgavnfP7eLe+OI0cspg=,AIMjgrpwqVkBdovGz/p7lJxq7yU=
11,13,999hNaEfbgavnfP7eLe+OI0cspg=,AIMjgrpwqVkBdovGz/p7lJxq7yU=
10,13,999hNaEfbgavnfP7eLe+OI0cspg=,AIMjgrpwqVkBdovGz/p7lJxq7yU=
14,9,999hNaEfbgavnfP7eLe+OI0cspg=,AIMjgrpwqVkBdovGz/p7lJxq7yU=
12,9,999hNaEfbgavnfP7eLe+OI0cspg=,AIMjgrpwqVkBdovGz/p7lJxq7yU=
13,11,999hNaEfbgavnfP7eLe+OI0cspg=,AIMjgrpwqVkBdovGz/p7lJxq7yU=
12,11,999hNaEfbgavnfP7eLe+OI0cspg=,AIMjgrpwqVkBdovGz/p7lJxq7yU=
11,11,999hNaEfbgavnfP7eLe+OI0cspg=,AIMjgrpwqVkBdovGz/p7lJxq7yU=
9,13,999hNaEfbgavnfP7eLe+OI0cspg=,AIMjgrpwqVkBdovGz/p7lJxq7yU=
10,11,999hNaEfbgavnfP7eLe+OI0cspg=,AIMjgrpwqVkBdovGz/p7lJxq7yU=
11,9,999hNaEfbgavnfP7eLe+OI0cspg=,AIMjgrpwqVkBdovGz/p7lJxq7yU=
10,9,999hNaEfbgavnfP7eLe+OI0cspg=,AIMjgrpwqVkBdovGz/p7lJxq7yU=
9,11,999hNaEfbgavnfP7eLe+OI0cspg=,AIMjgrpwqVkBdovGz/p7lJxq7yU=
14,14,999hNaEfbgavnfP7eLe+OI0cspg=,AIMjgrpwqVkBdovGz/p7lJxq7yU=
9,9,999hNaEfbgavnfP7eLe+OI0cspg=,AIMjgrpwqVkBdovGz/p7lJxq7yU=
13,14,999hNaEfbgavnfP7eLe+OI0cspg=,AIMjgrpwqVkBdovGz/p7lJxq7yU=
14,12,999hNaEfbgavnfP7eLe+OI0cspg=,AIMjgrpwqVkBdovGz/p7lJxq7yU=
12,14,999hNaEfbgavnfP7eLe+OI0cspg=,AIMjgrpwqVkBdovGz/p7lJxq7yU=
14,10,999hNaEfbgavnfP7eLe+OI0cspg=,AIMjgrpwqVkBdovGz/p7lJxq7yU=
11,14,999hNaEfbgavnfP7eLe+OI0cspg=,AIMjgrpwqVkBdovGz/p7lJxq7yU=
13,10,999hNaEfbgavnfP7eLe+OI0cspg=,AIMjgrpwqVkBdovGz/p7lJxq7yU=
10,14,999hNaEfbgavnfP7eLe+OI0cspg=,AIMjgrpwqVkBdovGz/p7lJxq7yU=
13,12,999hNaEfbgavnfP7eLe+OI0cspg=,AIMjgrpwqVkBdovGz/p7lJxq7yU=
9,14,999hNaEfbgavnfP7eLe+OI0cspg=,AIMjgrpwqVkBdovGz/p7lJxq7yU=
12,12,999hNaEfbgavnfP7eLe+OI0cspg=,AIMjgrpwqVkBdovGz/p7lJxq7yU=
12,10,999hNaEfbgavnfP7eLe+OI0cspg=,AIMjgrpwqVkBdovGz/p7lJxq7yU=
13,13,999hNaEfbgavnfP7eLe+OI0cspg=,AIMjgrpwqVkBdovGz/p7lJxq7yU=
14,13,999hNaEfbgavnfP7eLe+OI0cspg=,AIMjgrpwqVkBdovGz/p7lJxq7yU=
11,15,999hNaEfbgavnfP7eLe+OI0cspg=,AIMjgrpwqVkBdovGz/p7lJxq7yU=
10,15,999hNaEfbgavnfP7eLe+OI0cspg=,AIMjgrpwqVkBdovGz/p7lJxq7yU=
9,15,999hNaEfbgavnfP7eLe+OI0cspg=,AIMjgrpwqVkBdovGz/p7lJxq7yU=
12,15,999hNaEfbgavnfP7eLe+OI0cspg=,AIMjgrpwqVkBdovGz/p7lJxq7yU=
13,15,999hNaEfbgavnfP7eLe+OI0cspg=,AIMjgrpwqVkBdovGz/p7lJxq7yU=
14,15,999hNaEfbgavnfP7eLe+OI0cspg=,AIMjgrpwqVkBdovGz/p7lJxq7yU=
4,9,999hNaEfbgavnfP7eLe+OI0cspg=,osdgtAGFgGv4JNVtqSb3/sUTLuo=
3,13,999hNaEfbgavnfP7eLe+OI0cspg=,osdgtAGFgGv4JNVtqSb3/sUTLuo=
8,10,999hNaEfbgavnfP7eLe+OI0cspg=,AIMjgrpwqVkBdovGz/p7lJxq7yU=
8,12,999hNaEfbgavnfP7eLe+OI0cspg=,AIMjgrpwqVkBdovGz/p7lJxq7yU=
2,9,999hNaEfbgavnfP7eLe+OI0cspg=,osdgtAGFgGv4JNVtqSb3/sUTLuo=
3,9,999hNaEfbgavnfP7eLe+OI0cspg=,osdgtAGFgGv4JNVtqSb3/sUTLuo=
5,9,999hNaEfbgavnfP7eLe+OI0cspg=,osdgtAGFgGv4JNVtqSb3/sUTLuo=
1,9,999hNaEfbgavnfP7eLe+OI0cspg=,osdgtAGFgGv4JNVtqSb3/sUTLuo=
3,11,999hNaEfbgavnfP7eLe+OI0cspg=,osdgtAGFgGv4JNVtqSb3/sUTLuo=
2,11,999hNaEfbgavnfP7eLe+OI0cspg=,osdgtAGFgGv4JNVtqSb3/sUTLuo=
2,13,999hNaEfbgavnfP7eLe+OI0cspg=,osdgtAGFgGv4JNVtqSb3/sUTLuo=
8,13,999hNaEfbgavnfP7eLe+OI0cspg=,AIMjgrpwqVkBdovGz/p7lJxq7yU=
4,13,999hNaEfbgavnfP7eLe+OI0cspg=,osdgtAGFgGv4JNVtqSb3/sUTLuo=
6,14,999hNaEfbgavnfP7eLe+OI0cspg=,osdgtAGFgGv4JNVtqSb3/sUTLuo=
7,14,999hNaEfbgavnfP7eLe+OI0cspg=,osdgtAGFgGv4JNVtqSb3/sUTLuo=
1,11,999hNaEfbgavnfP7eLe+OI0cspg=,osdgtAGFgGv4JNVtqSb3/sUTLuo=
1,13,999hNaEfbgavnfP7eLe+OI0cspg=,osdgtAGFgGv4JNVtqSb3/sUTLuo=
5,14,999hNaEfbgavnfP7eLe+OI0cspg=,osdgtAGFgGv4JNVtqSb3/sUTLuo=
6,9,999hNaEfbgavnfP7eLe+OI0cspg=,osdgtAGFgGv4JNVtqSb3/sUTLuo=
7,12,999hNaEfbgavnfP7eLe+OI0cspg=,osdgtAGFgGv4JNVtqSb3/sUTLuo=
7,10,999hNaEfbgavnfP7eLe+OI0cspg=,osdgtAGFgGv4JNVtqSb3/sUTLuo=
6,10,999hNaEfbgavnfP7eLe+OI0cspg=,osdgtAGFgGv4JNVtqSb3/sUTLuo=
5,10,999hNaEfbgavnfP7eLe+OI0cspg=,osdgtAGFgGv4JNVtqSb3/sUTLuo=
6,12,999hNaEfbgavnfP7eLe+OI0cspg=,osdgtAGFgGv4JNVtqSb3/sUTLuo=
4,14,999hNaEfbgavnfP7eLe+OI0cspg=,osdgtAGFgGv4JNVtqSb3/sUTLuo=
4,11,999hNaEfbgavnfP7eLe+OI0cspg=,osdgtAGFgGv4JNVtqSb3/sUTLuo=
3,14,999hNaEfbgavnfP7eLe+OI0cspg=,osdgtAGFgGv4JNVtqSb3/sUTLuo=
2,14,999hNaEfbgavnfP7eLe+OI0cspg=,osdgtAGFgGv4JNVtqSb3/sUTLuo=
8,11,999hNaEfbgavnfP7eLe+OI0cspg=,AIMjgrpwqVkBdovGz/p7lJxq7yU=
1,14,999hNaEfbgavnfP7eLe+OI0cspg=,osdgtAGFgGv4JNVtqSb3/sUTLuo=
5,13,999hNaEfbgavnfP7eLe+OI0cspg=,osdgtAGFgGv4JNVtqSb3/sUTLuo=
4,12,999hNaEfbgavnfP7eLe+OI0cspg=,osdgtAGFgGv4JNVtqSb3/sUTLuo=
8,9,999hNaEfbgavnfP7eLe+OI0cspg=,AIMjgrpwqVkBdovGz/p7lJxq7yU=
4,10,999hNaEfbgavnfP7eLe+OI0cspg=,osdgtAGFgGv4JNVtqSb3/sUTLuo=
3,12,999hNaEfbgavnfP7eLe+OI0cspg=,osdgtAGFgGv4JNVtqSb3/sUTLuo=
3,10,999hNaEfbgavnfP7eLe+OI0cspg=,osdgtAGFgGv4JNVtqSb3/sUTLuo=
7,9,999hNaEfbgavnfP7eLe+OI0cspg=,osdgtAGFgGv4JNVtqSb3/sUTLuo=
2,12,999hNaEfbgavnfP7eLe+OI0cspg=,osdgtAGFgGv4JNVtqSb3/sUTLuo=
1,10,999hNaEfbgavnfP7eLe+OI0cspg=,osdgtAGFgGv4JNVtqSb3/sUTLuo=
2,10,999hNaEfbgavnfP7eLe+OI0cspg=,osdgtAGFgGv4JNVtqSb3/sUTLuo=
8,14,999hNaEfbgavnfP7eLe+OI0cspg=,AIMjgrpwqVkBdovGz/p7lJxq7yU=
5,11,999hNaEfbgavnfP7eLe+OI0cspg=,osdgtAGFgGv4JNVtqSb3/sUTLuo=
7,13,999hNaEfbgavnfP7eLe+OI0cspg=,osdgtAGFgGv4JNVtqSb3/sUTLuo=
7,11,999hNaEfbgavnfP7eLe+OI0cspg=,osdgtAGFgGv4JNVtqSb3/sUTLuo=
6,11,999hNaEfbgavnfP7eLe+OI0cspg=,osdgtAGFgGv4JNVtqSb3/sUTLuo=
1,12,999hNaEfbgavnfP7eLe+OI0cspg=,osdgtAGFgGv4JNVtqSb3/sUTLuo=
5,12,999hNaEfbgavnfP7eLe+OI0cspg=,osdgtAGFgGv4JNVtqSb3/sUTLuo=
6,13,999hNaEfbgavnfP7eLe+OI0cspg=,osdgtAGFgGv4JNVtqSb3/sUTLuo=
4,15,999hNaEfbgavnfP7eLe+OI0cspg=,osdgtAGFgGv4JNVtqSb3/sUTLuo=
2,15,999hNaEfbgavnfP7eLe+OI0cspg=,osdgtAGFgGv4JNVtqSb3/sUTLuo=
1,15,999hNaEfbgavnfP7eLe+OI0cspg=,osdgtAGFgGv4JNVtqSb3/sUTLuo=
8,15,999hNaEfbgavnfP7eLe+OI0cspg=,AIMjgrpwqVkBdovGz/p7lJxq7yU=
7,15,999hNaEfbgavnfP7eLe+OI0cspg=,osdgtAGFgGv4JNVtqSb3/sUTLuo=
5,15,999hNaEfbgavnfP7eLe+OI0cspg=,osdgtAGFgGv4JNVtqSb3/sUTLuo=
6,15,999hNaEfbgavnfP7eLe+OI0cspg=,osdgtAGFgGv4JNVtqSb3/sUTLuo=
12,2,999hNaEfbgavnfP7eLe+OI0cspg=,Dzcc4+nkqvjIkRUfAZTb4LclZ7Y=
11,7,999hNaEfbgavnfP7eLe+OI0cspg=,Dzcc4+nkqvjIkRUfAZTb4LclZ7Y=
11,5,999hNaEfbgavnfP7eLe+OI0cspg=,Dzcc4+nkqvjIkRUfAZTb4LclZ7Y=
11,2,999hNaEfbgavnfP7eLe+OI0cspg=,Dzcc4+nkqvjIkRUfAZTb4LclZ7Y=
3,15,999hNaEfbgavnfP7eLe+OI0cspg=,osdgtAGFgGv4JNVtqSb3/sUTLuo=
10,5,999hNaEfbgavnfP7eLe+OI0cspg=,Dzcc4+nkqvjIkRUfAZTb4LclZ7Y=
10,2,999hNaEfbgavnfP7eLe+OI0cspg=,Dzcc4+nkqvjIkRUfAZTb4LclZ7Y=
13,2,999hNaEfbgavnfP7eLe+OI0cspg=,Dzcc4+nkqvjIkRUfAZTb4LclZ7Y=
14,4,999hNaEfbgavnfP7eLe+OI0cspg=,Dzcc4+nkqvjIkRUfAZTb4LclZ7Y=
10,8,999hNaEfbgavnfP7eLe+OI0cspg=,AIMjgrpwqVkBdovGz/p7lJxq7yU=
9,5,999hNaEfbgavnfP7eLe+OI0cspg=,Dzcc4+nkqvjIkRUfAZTb4LclZ7Y=
10,6,999hNaEfbgavnfP7eLe+OI0cspg=,Dzcc4+nkqvjIkRUfAZTb4LclZ7Y=
9,8,999hNaEfbgavnfP7eLe+OI0cspg=,AIMjgrpwqVkBdovGz/p7lJxq7yU=
11,6,999hNaEfbgavnfP7eLe+OI0cspg=,Dzcc4+nkqvjIkRUfAZTb4LclZ7Y=
11,8,999hNaEfbgavnfP7eLe+OI0cspg=,AIMjgrpwqVkBdovGz/p7lJxq7yU=
12,8,999hNaEfbgavnfP7eLe+OI0cspg=,AIMjgrpwqVkBdovGz/p7lJxq7yU=
13,4,999hNaEfbgavnfP7eLe+OI0cspg=,Dzcc4+nkqvjIkRUfAZTb4LclZ7Y=
12,4,999hNaEfbgavnfP7eLe+OI0cspg=,Dzcc4+nkqvjIkRUfAZTb4LclZ7Y=
11,3,999hNaEfbgavnfP7eLe+OI0cspg=,Dzcc4+nkqvjIkRUfAZTb4LclZ7Y=
14,7,999hNaEfbgavnfP7eLe+OI0cspg=,Dzcc4+nkqvjIkRUfAZTb4LclZ7Y=
10,3,999hNaEfbgavnfP7eLe+OI0cspg=,Dzcc4+nkqvjIkRUfAZTb4LclZ7Y=
9,6,999hNaEfbgavnfP7eLe+OI0cspg=,Dzcc4+nkqvjIkRUfAZTb4LclZ7Y=
11,4,999hNaEfbgavnfP7eLe+OI0cspg=,Dzcc4+nkqvjIkRUfAZTb4LclZ7Y=
10,7,999hNaEfbgavnfP7eLe+OI0cspg=,Dzcc4+nkqvjIkRUfAZTb4LclZ7Y=
12,3,999hNaEfbgavnfP7eLe+OI0cspg=,Dzcc4+nkqvjIkRUfAZTb4LclZ7Y=
9,2,999hNaEfbgavnfP7eLe+OI0cspg=,Dzcc4+nkqvjIkRUfAZTb4LclZ7Y=
10,4,999hNaEfbgavnfP7eLe+OI0cspg=,Dzcc4+nkqvjIkRUfAZTb4LclZ7Y=
9,3,999hNaEfbgavnfP7eLe+OI0cspg=,Dzcc4+nkqvjIkRUfAZTb4LclZ7Y=
14,1,999hNaEfbgavnfP7eLe+OI0cspg=,Dzcc4+nkqvjIkRUfAZTb4LclZ7Y=
9,4,999hNaEfbgavnfP7eLe+OI0cspg=,Dzcc4+nkqvjIkRUfAZTb4LclZ7Y=
13,8,999hNaEfbgavnfP7eLe+OI0cspg=,AIMjgrpwqVkBdovGz/p7lJxq7yU=
13,1,999hNaEfbgavnfP7eLe+OI0cspg=,Dzcc4+nkqvjIkRUfAZTb4LclZ7Y=
12,1,999hNaEfbgavnfP7eLe+OI0cspg=,Dzcc4+nkqvjIkRUfAZTb4LclZ7Y=
11,1,999hNaEfbgavnfP7eLe+OI0cspg=,Dzcc4+nkqvjIkRUfAZTb4LclZ7Y=
9,7,999hNaEfbgavnfP7eLe+OI0cspg=,Dzcc4+nkqvjIkRUfAZTb4LclZ7Y=
13,7,999hNaEfbgavnfP7eLe+OI0cspg=,Dzcc4+nkqvjIkRUfAZTb4LclZ7Y=
10,1,999hNaEfbgavnfP7eLe+OI0cspg=,Dzcc4+nkqvjIkRUfAZTb4LclZ7Y=
9,1,999hNaEfbgavnfP7eLe+OI0cspg=,Dzcc4+nkqvjIkRUfAZTb4LclZ7Y=
12,6,999hNaEfbgavnfP7eLe+OI0cspg=,Dzcc4+nkqvjIkRUfAZTb4LclZ7Y=
14,5,999hNaEfbgavnfP7eLe+OI0cspg=,Dzcc4+nkqvjIkRUfAZTb4LclZ7Y=
13,5,999hNaEfbgavnfP7eLe+OI0cspg=,Dzcc4+nkqvjIkRUfAZTb4LclZ7Y=
12,5,999hNaEfbgavnfP7eLe+OI0cspg=,Dzcc4+nkqvjIkRUfAZTb4LclZ7Y=
12,7,999hNaEfbgavnfP7eLe+OI0cspg=,Dzcc4+nkqvjIkRUfAZTb4LclZ7Y=
14,2,999hNaEfbgavnfP7eLe+OI0cspg=,Dzcc4+nkqvjIkRUfAZTb4LclZ7Y=
14,3,999hNaEfbgavnfP7eLe+OI0cspg=,Dzcc4+nkqvjIkRUfAZTb4LclZ7Y=
13,6,999hNaEfbgavnfP7eLe+OI0cspg=,Dzcc4+nkqvjIkRUfAZTb4LclZ7Y=
14,8,999hNaEfbgavnfP7eLe+OI0cspg=,AIMjgrpwqVkBdovGz/p7lJxq7yU=
13,3,999hNaEfbgavnfP7eLe+OI0cspg=,Dzcc4+nkqvjIkRUfAZTb4LclZ7Y=
14,6,999hNaEfbgavnfP7eLe+OI0cspg=,Dzcc4+nkqvjIkRUfAZTb4LclZ7Y=
15,2,999hNaEfbgavnfP7eLe+OI0cspg=,Dzcc4+nkqvjIkRUfAZTb4LclZ7Y=
15,3,999hNaEfbgavnfP7eLe+OI0cspg=,Dzcc4+nkqvjIkRUfAZTb4LclZ7Y=
15,4,999hNaEfbgavnfP7eLe+OI0cspg=,Dzcc4+nkqvjIkRUfAZTb4LclZ7Y=
15,1,999hNaEfbgavnfP7eLe+OI0cspg=,Dzcc4+nkqvjIkRUfAZTb4LclZ7Y=
15,6,999hNaEfbgavnfP7eLe+OI0cspg=,Dzcc4+nkqvjIkRUfAZTb4LclZ7Y=
15,5,999hNaEfbgavnfP7eLe+OI0cspg=,Dzcc4+nkqvjIkRUfAZTb4LclZ7Y=
12,0,999hNaEfbgavnfP7eLe+OI0cspg=,Dzcc4+nkqvjIkRUfAZTb4LclZ7Y=
11,0,999hNaEfbgavnfP7eLe+OI0cspg=,Dzcc4+nkqvjIkRUfAZTb4LclZ7Y=
10,0,999hNaEfbgavnfP7eLe+OI0cspg=,Dzcc4+nkqvjIkRUfAZTb4LclZ7Y=
9,0,999hNaEfbgavnfP7eLe+OI0cspg=,Dzcc4+nkqvjIkRUfAZTb4LclZ7Y=
14,0,999hNaEfbgavnfP7eLe+OI0cspg=,Dzcc4+nkqvjIkRUfAZTb4LclZ7Y=
13,0,999hNaEfbgavnfP7eLe+OI0cspg=,Dzcc4+nkqvjIkRUfAZTb4LclZ7Y=
0,10,999hNaEfbgavnfP7eLe+OI0cspg=,osdgtAGFgGv4JNVtqSb3/sUTLuo=
0,15,999hNaEfbgavnfP7eLe+OI0cspg=,osdgtAGFgGv4JNVtqSb3/sUTLuo=
0,9,999hNaEfbgavnfP7eLe+OI0cspg=,osdgtAGFgGv4JNVtqSb3/sUTLuo=
0,11,999hNaEfbgavnfP7eLe+OI0cspg=,osdgtAGFgGv4JNVtqSb3/sUTLuo=
0,14,999hNaEfbgavnfP7eLe+OI0cspg=,osdgtAGFgGv4JNVtqSb3/sUTLuo=
0,13,999hNaEfbgavnfP7eLe+OI0cspg=,osdgtAGFgGv4JNVtqSb3/sUTLuo=
0,12,999hNaEfbgavnfP7eLe+OI0cspg=,osdgtAGFgGv4JNVtqSb3/sUTLuo=
15,0,999hNaEfbgavnfP7eLe+OI0cspg=,Dzcc4+nkqvjIkRUfAZTb4LclZ7Y=
15,13,999hNaEfbgavnfP7eLe+OI0cspg=,AIMjgrpwqVkBdovGz/p7lJxq7yU=
15,11,999hNaEfbgavnfP7eLe+OI0cspg=,AIMjgrpwqVkBdovGz/p7lJxq7yU=
15,7,999hNaEfbgavnfP7eLe+OI0cspg=,Dzcc4+nkqvjIkRUfAZTb4LclZ7Y=
15,9,999hNaEfbgavnfP7eLe+OI0cspg=,AIMjgrpwqVkBdovGz/p7lJxq7yU=
4,7,999hNaEfbgavnfP7eLe+OI0cspg=,dEW0lMXPgpHO4l7cNCOqeW5v6Eo=
15,14,999hNaEfbgavnfP7eLe+OI0cspg=,AIMjgrpwqVkBdovGz/p7lJxq7yU=
3,5,999hNaEfbgavnfP7eLe+OI0cspg=,dEW0lMXPgpHO4l7cNCOqeW5v6Eo=
1,0,999hNaEfbgavnfP7eLe+OI0cspg=,dEW0lMXPgpHO4l7cNCOqeW5v6Eo=
5,6,999hNaEfbgavnfP7eLe+OI0cspg=,dEW0lMXPgpHO4l7cNCOqeW5v6Eo=
1,7,999hNaEfbgavnfP7eLe+OI0cspg=,dEW0lMXPgpHO4l7cNCOqeW5v6Eo=
15,12,999hNaEfbgavnfP7eLe+OI0cspg=,AIMjgrpwqVkBdovGz/p7lJxq7yU=
1,2,999hNaEfbgavnfP7eLe+OI0cspg=,dEW0lMXPgpHO4l7cNCOqeW5v6Eo=
8,5,999hNaEfbgavnfP7eLe+OI0cspg=,Dzcc4+nkqvjIkRUfAZTb4LclZ7Y=
6,2,999hNaEfbgavnfP7eLe+OI0cspg=,dEW0lMXPgpHO4l7cNCOqeW5v6Eo=
15,8,999hNaEfbgavnfP7eLe+OI0cspg=,AIMjgrpwqVkBdovGz/p7lJxq7yU=
15,10,999hNaEfbgavnfP7eLe+OI0cspg=,AIMjgrpwqVkBdovGz/p7lJxq7yU=
4,6,999hNaEfbgavnfP7eLe+OI0cspg=,dEW0lMXPgpHO4l7cNCOqeW5v6Eo=
3,6,999hNaEfbgavnfP7eLe+OI0cspg=,dEW0lMXPgpHO4l7cNCOqeW5v6Eo=
7,0,999hNaEfbgavnfP7eLe+OI0cspg=,dEW0lMXPgpHO4l7cNCOqeW5v6Eo=
1,6,999hNaEfbgavnfP7eLe+OI0cspg=,dEW0lMXPgpHO4l7cNCOqeW5v6Eo=
7,6,999hNaEfbgavnfP7eLe+OI0cspg=,dEW0lMXPgpHO4l7cNCOqeW5v6Eo=
15,15,999hNaEfbgavnfP7eLe+OI0cspg=,AIMjgrpwqVkBdovGz/p7lJxq7yU=
2,5,999hNaEfbgavnfP7eLe+OI0cspg=,dEW0lMXPgpHO4l7cNCOqeW5v6Eo=
0,2,999hNaEfbgavnfP7eLe+OI0cspg=,dEW0lMXPgpHO4l7cNCOqeW5v6Eo=
0,1,999hNaEfbgavnfP7eLe+OI0cspg=,dEW0lMXPgpHO4l7cNCOqeW5v6Eo=
7,4,999hNaEfbgavnfP7eLe+OI0cspg=,dEW0lMXPgpHO4l7cNCOqeW5v6Eo=
6,4,999hNaEfbgavnfP7eLe+OI0cspg=,dEW0lMXPgpHO4l7cNCOqeW5v6Eo=
3,4,999hNaEfbgavnfP7eLe+OI0cspg=,dEW0lMXPgpHO4l7cNCOqeW5v6Eo=
7,3,999hNaEfbgavnfP7eLe+OI0cspg=,dEW0lMXPgpHO4l7cNCOqeW5v6Eo=
6,0,999hNaEfbgavnfP7eLe+OI0cspg=,dEW0lMXPgpHO4l7cNCOqeW5v6Eo=
6,3,999hNaEfbgavnfP7eLe+OI0cspg=,dEW0lMXPgpHO4l7cNCOqeW5v6Eo=
1,5,999hNaEfbgavnfP7eLe+OI0cspg=,dEW0lMXPgpHO4l7cNCOqeW5v6Eo=
7,8,999hNaEfbgavnfP7eLe+OI0cspg=,osdgtAGFgGv4JNVtqSb3/sUTLuo=
3,1,999hNaEfbgavnfP7eLe+OI0cspg=,dEW0lMXPgpHO4l7cNCOqeW5v6Eo=
4,1,999hNaEfbgavnfP7eLe+OI0cspg=,dEW0lMXPgpHO4l7cNCOqeW5v6Eo=
2,4,999hNaEfbgavnfP7eLe+OI0cspg=,dEW0lMXPgpHO4l7cNCOqeW5v6Eo=
6,8,999hNaEfbgavnfP7eLe+OI0cspg=,osdgtAGFgGv4JNVtqSb3/sUTLuo=
5,4,999hNaEfbgavnfP7eLe+OI0cspg=,dEW0lMXPgpHO4l7cNCOqeW5v6Eo=
5,2,999hNaEfbgavnfP7eLe+OI0cspg=,dEW0lMXPgpHO4l7cNCOqeW5v6Eo=
8,2,999hNaEfbgavnfP7eLe+OI0cspg=,Dzcc4+nkqvjIkRUfAZTb4LclZ7Y=
7,5,999hNaEfbgavnfP7eLe+OI0cspg=,dEW0lMXPgpHO4l7cNCOqeW5v6Eo=
8,3,999hNaEfbgavnfP7eLe+OI0cspg=,Dzcc4+nkqvjIkRUfAZTb4LclZ7Y=
8,0,999hNaEfbgavnfP7eLe+OI0cspg=,Dzcc4+nkqvjIkRUfAZTb4LclZ7Y=
4,4,999hNaEfbgavnfP7eLe+OI0cspg=,dEW0lMXPgpHO4l7cNCOqeW5v6Eo=
8,6,999hNaEfbgavnfP7eLe+OI0cspg=,Dzcc4+nkqvjIkRUfAZTb4LclZ7Y=
5,8,999hNaEfbgavnfP7eLe+OI0cspg=,osdgtAGFgGv4JNVtqSb3/sUTLuo=
3,7,999hNaEfbgavnfP7eLe+OI0cspg=,dEW0lMXPgpHO4l7cNCOqeW5v6Eo=
4,2,999hNaEfbgavnfP7eLe+OI0cspg=,dEW0lMXPgpHO4l7cNCOqeW5v6Eo=
6,5,999hNaEfbgavnfP7eLe+OI0cspg=,dEW0lMXPgpHO4l7cNCOqeW5v6Eo=
2,6,999hNaEfbgavnfP7eLe+OI0cspg=,dEW0lMXPgpHO4l7cNCOqeW5v6Eo=
8,4,999hNaEfbgavnfP7eLe+OI0cspg=,Dzcc4+nkqvjIkRUfAZTb4LclZ7Y=
5,5,999hNaEfbgavnfP7eLe+OI0cspg=,dEW0lMXPgpHO4l7cNCOqeW5v6Eo=
3,2,999hNaEfbgavnfP7eLe+OI0cspg=,dEW0lMXPgpHO4l7cNCOqeW5v6Eo=
4,8,999hNaEfbgavnfP7eLe+OI0cspg=,osdgtAGFgGv4JNVtqSb3/sUTLuo=
0,4,999hNaEfbgavnfP7eLe+OI0cspg=,dEW0lMXPgpHO4l7cNCOqeW5v6Eo=
2,8,999hNaEfbgavnfP7eLe+OI0cspg=,osdgtAGFgGv4JNVtqSb3/sUTLuo=
3,8,999hNaEfbgavnfP7eLe+OI0cspg=,osdgtAGFgGv4JNVtqSb3/sUTLuo=
2,1,999hNaEfbgavnfP7eLe+OI0cspg=,dEW0lMXPgpHO4l7cNCOqeW5v6Eo=
0,5,999hNaEfbgavnfP7eLe+OI0cspg=,dEW0lMXPgpHO4l7cNCOqeW5v6Eo=
1,8,999hNaEfbgavnfP7eLe+OI0cspg=,osdgtAGFgGv4JNVtqSb3/sUTLuo=
8,8,999hNaEfbgavnfP7eLe+OI0cspg=,AIMjgrpwqVkBdovGz/p7lJxq7yU=
3,0,999hNaEfbgavnfP7eLe+OI0cspg=,dEW0lMXPgpHO4l7cNCOqeW5v6Eo=
2,2,999hNaEfbgavnfP7eLe+OI0cspg=,dEW0lMXPgpHO4l7cNCOqeW5v6Eo=
7,1,999hNaEfbgavnfP7eLe+OI0cspg=,dEW0lMXPgpHO4l7cNCOqeW5v6Eo=
0,6,999hNaEfbgavnfP7eLe+OI0cspg=,dEW0lMXPgpHO4l7cNCOqeW5v6Eo=
2,7,999hNaEfbgavnfP7eLe+OI0cspg=,dEW0lMXPgpHO4l7cNCOqeW5v6Eo=
5,3,999hNaEfbgavnfP7eLe+OI0cspg=,dEW0lMXPgpHO4l7cNCOqeW5v6Eo=
0,8,999hNaEfbgavnfP7eLe+OI0cspg=,osdgtAGFgGv4JNVtqSb3/sUTLuo=
0,0,999hNaEfbgavnfP7eLe+OI0cspg=,dEW0lMXPgpHO4l7cNCOqeW5v6Eo=
8,7,999hNaEfbgavnfP7eLe+OI0cspg=,Dzcc4+nkqvjIkRUfAZTb4LclZ7Y=
8,1,999hNaEfbgavnfP7eLe+OI0cspg=,Dzcc4+nkqvjIkRUfAZTb4LclZ7Y=
7,7,999hNaEfbgavnfP7eLe+OI0cspg=,dEW0lMXPgpHO4l7cNCOqeW5v6Eo=
1,1,999hNaEfbgavnfP7eLe+OI0cspg=,dEW0lMXPgpHO4l7cNCOqeW5v6Eo=
2,3,999hNaEfbgavnfP7eLe+OI0cspg=,dEW0lMXPgpHO4l7cNCOqeW5v6Eo=
6,7,999hNaEfbgavnfP7eLe+OI0cspg=,dEW0lMXPgpHO4l7cNCOqeW5v6Eo=
4,3,999hNaEfbgavnfP7eLe+OI0cspg=,dEW0lMXPgpHO4l7cNCOqeW5v6Eo=
5,7,999hNaEfbgavnfP7eLe+OI0cspg=,dEW0lMXPgpHO4l7cNCOqeW5v6Eo=
4,5,999hNaEfbgavnfP7eLe+OI0cspg=,dEW0lMXPgpHO4l7cNCOqeW5v6Eo=
6,1,999hNaEfbgavnfP7eLe+OI0cspg=,dEW0lMXPgpHO4l7cNCOqeW5v6Eo=
5,0,999hNaEfbgavnfP7eLe+OI0cspg=,dEW0lMXPgpHO4l7cNCOqeW5v6Eo=
6,6,999hNaEfbgavnfP7eLe+OI0cspg=,dEW0lMXPgpHO4l7cNCOqeW5v6Eo=
1,3,999hNaEfbgavnfP7eLe+OI0cspg=,dEW0lMXPgpHO4l7cNCOqeW5v6Eo=
1,4,999hNaEfbgavnfP7eLe+OI0cspg=,dEW0lMXPgpHO4l7cNCOqeW5v6Eo=
2,0,999hNaEfbgavnfP7eLe+OI0cspg=,dEW0lMXPgpHO4l7cNCOqeW5v6Eo=
4,0,999hNaEfbgavnfP7eLe+OI0cspg=,dEW0lMXPgpHO4l7cNCOqeW5v6Eo=
3,3,999hNaEfbgavnfP7eLe+OI0cspg=,dEW0lMXPgpHO4l7cNCOqeW5v6Eo=
0,7,999hNaEfbgavnfP7eLe+OI0cspg=,dEW0lMXPgpHO4l7cNCOqeW5v6Eo=
0,3,999hNaEfbgavnfP7eLe+OI0cspg=,dEW0lMXPgpHO4l7cNCOqeW5v6Eo=
7,2,999hNaEfbgavnfP7eLe+OI0cspg=,dEW0lMXPgpHO4l7cNCOqeW5v6Eo=
5,1,999hNaEfbgavnfP7eLe+OI0cspg=,dEW0lMXPgpHO4l7cNCOqeW5v6Eo=
12,29,pqo7yxyBex/a9J6A48jIWClYKhY=,fFimZfgQ0m9H5qDoTGoCzF+mnow=
11,29,pqo7yxyBex/a9J6A48jIWClYKhY=,fFimZfgQ0m9H5qDoTGoCzF+mnow=
10,29,pqo7yxyBex/a9J6A48jIWClYKhY=,fFimZfgQ0m9H5qDoTGoCzF+mnow=
12,28,pqo7yxyBex/a9J6A48jIWClYKhY=,fFimZfgQ0m9H5qDoTGoCzF+mnow=
11,28,pqo7yxyBex/a9J6A48jIWClYKhY=,fFimZfgQ0m9H5qDoTGoCzF+mnow=
10,28,pqo7yxyBex/a9J6A48jIWClYKhY=,fFimZfgQ0m9H5qDoTGoCzF+mnow=
13,28,pqo7yxyBex/a9J6A48jIWClYKhY=,fFimZfgQ0m9H5qDoTGoCzF+mnow=
14,28,pqo7yxyBex/a9J6A48jIWClYKhY=,fFimZfgQ0m9H5qDoTGoCzF+mnow=
9,29,pqo7yxyBex/a9J6A48jIWClYKhY=,fFimZfgQ0m9H5qDoTGoCzF+mnow=
12,27,pqo7yxyBex/a9J6A48jIWClYKhY=,fFimZfgQ0m9H5qDoTGoCzF+mnow=
9,28,pqo7yxyBex/a9J6A48jIWClYKhY=,fFimZfgQ0m9H5qDoTGoCzF+mnow=
10,27,pqo7yxyBex/a9J6A48jIWClYKhY=,fFimZfgQ0m9H5qDoTGoCzF+mnow=
11,27,pqo7yxyBex/a9J6A48jIWClYKhY=,fFimZfgQ0m9H5qDoTGoCzF+mnow=
9,27,pqo7yxyBex/a9J6A48jIWClYKhY=,fFimZfgQ0m9H5qDoTGoCzF+mnow=
14,27,pqo7yxyBex/a9J6A48jIWClYKhY=,fFimZfgQ0m9H5qDoTGoCzF+mnow=
13,27,pqo7yxyBex/a9J6A48jIWClYKhY=,fFimZfgQ0m9H5qDoTGoCzF+mnow=
11,26,pqo7yxyBex/a9J6A48jIWClYKhY=,fFimZfgQ0m9H5qDoTGoCzF+mnow=
12,26,pqo7yxyBex/a9J6A48jIWClYKhY=,fFimZfgQ0m9H5qDoTGoCzF+mnow=
13,26,pqo7yxyBex/a9J6A48jIWClYKhY=,fFimZfgQ0m9H5qDoTGoCzF+mnow=
14,26,pqo7yxyBex/a9J6A48jIWClYKhY=,fFimZfgQ0m9H5qDoTGoCzF+mnow=
10,26,pqo7yxyBex/a9J6A48jIWClYKhY=,fFimZfgQ0m9H5qDoTGoCzF+mnow=
9,26,pqo7yxyBex/a9J6A48jIWClYKhY=,fFimZfgQ0m9H5qDoTGoCzF+mnow=
9,25,pqo7yxyBex/a9J6A48jIWClYKhY=,fFimZfgQ0m9H5qDoTGoCzF+mnow=
10,25,pqo7yxyBex/a9J6A48jIWClYKhY=,fFimZfgQ0m9H5qDoTGoCzF+mnow=
11,25,pqo7yxyBex/a9J6A48jIWClYKhY=,fFimZfgQ0m9H5qDoTGoCzF+mnow=
13,25,pqo7yxyBex/a9J6A48jIWClYKhY=,fFimZfgQ0m9H5qDoTGoCzF+mnow=
14,30,pqo7yxyBex/a9J6A48jIWClYKhY=,fFimZfgQ0m9H5qDoTGoCzF+mnow=
12,25,pqo7yxyBex/a9J6A48jIWClYKhY=,fFimZfgQ0m9H5qDoTGoCzF+mnow=
14,25,pqo7yxyBex/a9J6A48jIWClYKhY=,fFimZfgQ0m9H5qDoTGoCzF+mnow=
13,30,pqo7yxyBex/a9J6A48jIWClYKhY=,fFimZfgQ0m9H5qDoTGoCzF+mnow=
13,29,pqo7yxyBex/a9J6A48jIWClYKhY=,fFimZfgQ0m9H5qDoTGoCzF+mnow=
14,29,pqo7yxyBex/a9J6A48jIWClYKhY=,fFimZfgQ0m9H5qDoTGoCzF+mnow=
12,30,pqo7yxyBex/a9J6A48jIWClYKhY=,fFimZfgQ0m9H5qDoTGoCzF+mnow=
11,30,pqo7yxyBex/a9J6A48jIWClYKhY=,fFimZfgQ0m9H5qDoTGoCzF+mnow=
10,30,pqo7yxyBex/a9J6A48jIWClYKhY=,fFimZfgQ0m9H5qDoTGoCzF+mnow=
9,30,pqo7yxyBex/a9J6A48jIWClYKhY=,fFimZfgQ0m9H5qDoTGoCzF+mnow=
15,27,pqo7yxyBex/a9J6A48jIWClYKhY=,fFimZfgQ0m9H5qDoTGoCzF+mnow=
15,26,pqo7yxyBex/a9J6A48jIWClYKhY=,fFimZfgQ0m9H5qDoTGoCzF+mnow=
15,29,pqo7yxyBex/a9J6A48jIWClYKhY=,fFimZfgQ0m9H5qDoTGoCzF+mnow=
15,25,pqo7yxyBex/a9J6A48jIWClYKhY=,fFimZfgQ0m9H5qDoTGoCzF+mnow=
15,28,pqo7yxyBex/a9J6A48jIWClYKhY=,fFimZfgQ0m9H5qDoTGoCzF+mnow=
15,30,pqo7yxyBex/a9J6A48jIWClYKhY=,fFimZfgQ0m9H5qDoTGoCzF+mnow=
9,31,pqo7yxyBex/a9J6A48jIWClYKhY=,fFimZfgQ0m9H5qDoTGoCzF+mnow=
10,31,pqo7yxyBex/a9J6A48jIWClYKhY=,fFimZfgQ0m9H5qDoTGoCzF+mnow=
14,31,pqo7yxyBex/a9J6A48jIWClYKhY=,fFimZfgQ0m9H5qDoTGoCzF+mnow=
11,31,pqo7yxyBex/a9J6A48jIWClYKhY=,fFimZfgQ0m9H5qDoTGoCzF+mnow=
13,31,pqo7yxyBex/a9J6A48jIWClYKhY=,fFimZfgQ0m9H5qDoTGoCzF+mnow=
12,31,pqo7yxyBex/a9J6A48jIWClYKhY=,fFimZfgQ0m9H5qDoTGoCzF+mnow=
15,31,pqo7yxyBex/a9J6A48jIWClYKhY=,fFimZfgQ0m9H5qDoTGoCzF+mnow=
2,31,pqo7yxyBex/a9J6A48jIWClYKhY=,D7/cd2LWYpWgBhWWBrr96mZMxHg=
6,30,pqo7yxyBex/a9J6A48jIWClYKhY=,D7/cd2LWYpWgBhWWBrr96mZMxHg=
3,31,pqo7yxyBex/a9J6A48jIWClYKhY=,D7/cd2LWYpWgBhWWBrr96mZMxHg=
0,31,pqo7yxyBex/a9J6A48jIWClYKhY=,D7/cd2LWYpWgBhWWBrr96mZMxHg=
7,30,pqo7yxyBex/a9J6A48jIWClYKhY=,D7/cd2LWYpWgBhWWBrr96mZMxHg=
4,31,pqo7yxyBex/a9J6A48jIWClYKhY=,D7/cd2LWYpWgBhWWBrr96mZMxHg=
1,31,pqo7yxyBex/a9J6A48jIWClYKhY=,D7/cd2LWYpWgBhWWBrr96mZMxHg=
5,30,pqo7yxyBex/a9J6A48jIWClYKhY=,D7/cd2LWYpWgBhWWBrr96mZMxHg=
8,29,pqo7yxyBex/a9J6A48jIWClYKhY=,fFimZfgQ0m9H5qDoTGoCzF+mnow=
5,31,pqo7yxyBex/a9J6A48jIWClYKhY=,D7/cd2LWYpWgBhWWBrr96mZMxHg=
3,30,pqo7yxyBex/a9J6A48jIWClYKhY=,D7/cd2LWYpWgBhWWBrr96mZMxHg=
4,30,pqo7yxyBex/a9J6A48jIWClYKhY=,D7/cd2LWYpWgBhWWBrr96mZMxHg=
6,29,pqo7yxyBex/a9J6A48jIWClYKhY=,D7/cd2LWYpWgBhWWBrr96mZMxHg=
2,30,pqo7yxyBex/a9J6A48jIWClYKhY=,D7/cd2LWYpWgBhWWBrr96mZMxHg=
0,30,pqo7yxyBex/a9J6A48jIWClYKhY=,D7/cd2LWYpWgBhWWBrr96mZMxHg=
8,28,pqo7yxyBex/a9J6A48jIWClYKhY=,fFimZfgQ0m9H5qDoTGoCzF+mnow=
1,30,pqo7yxyBex/a9J6A48jIWClYKhY=,D7/cd2LWYpWgBhWWBrr96mZMxHg=
5,29,pqo7yxyBex/a9J6A48jIWClYKhY=,D7/cd2LWYpWgBhWWBrr96mZMxHg=
7,29,pqo7yxyBex/a9J6A48jIWClYKhY=,D7/cd2LWYpWgBhWWBrr96mZMxHg=
8,30,pqo7yxyBex/a9J6A48jIWClYKhY=,fFimZfgQ0m9H5qDoTGoCzF+mnow=
4,29,pqo7yxyBex/a9J6A48jIWClYKhY=,D7/cd2LWYpWgBhWWBrr96mZMxHg=
6,28,pqo7yxyBex/a9J6A48jIWClYKhY=,D7/cd2LWYpWgBhWWBrr96mZMxHg=
6,31,pqo7yxyBex/a9J6A48jIWClYKhY=,D7/cd2LWYpWgBhWWBrr96mZMxHg=
3,29,pqo7yxyBex/a9J6A48jIWClYKhY=,D7/cd2LWYpWgBhWWBrr96mZMxHg=
7,31,pqo7yxyBex/a9J6A48jIWClYKhY=,D7/cd2LWYpWgBhWWBrr96mZMxHg=
8,27,pqo7yxyBex/a9J6A48jIWClYKhY=,fFimZfgQ0m9H5qDoTGoCzF+mnow=
2,29,pqo7yxyBex/a9J6A48jIWClYKhY=,D7/cd2LWYpWgBhWWBrr96mZMxHg=
5,28,pqo7yxyBex/a9J6A48jIWClYKhY=,D7/cd2LWYpWgBhWWBrr96mZMxHg=
1,29,pqo7yxyBex/a9J6A48jIWClYKhY=,D7/cd2LWYpWgBhWWBrr96mZMxHg=
4,28,pqo7yxyBex/a9J6A48jIWClYKhY=,D7/cd2LWYpWgBhWWBrr96mZMxHg=
8,26,pqo7yxyBex/a9J6A48jIWClYKhY=,fFimZfgQ0m9H5qDoTGoCzF+mnow=
7,28,pqo7yxyBex/a9J6A48jIWClYKhY=,D7/cd2LWYpWgBhWWBrr96mZMxHg=
5,27,pqo7yxyBex/a9J6A48jIWClYKhY=,D7/cd2LWYpWgBhWWBrr96mZMxHg=
0,29,pqo7yxyBex/a9J6A48jIWClYKhY=,D7/cd2LWYpWgBhWWBrr96mZMxHg=
3,28,pqo7yxyBex/a9J6A48jIWClYKhY=,D7/cd2LWYpWgBhWWBrr96mZMxHg=
7,27,pqo7yxyBex/a9J6A48jIWClYKhY=,D7/cd2LWYpWgBhWWBrr96mZMxHg=
0,25,pqo7yxyBex/a9J6A48jIWClYKhY=,D7/cd2LWYpWgBhWWBrr96mZMxHg=
4,27,pqo7yxyBex/a9J6A48jIWClYKhY=,D7/cd2LWYpWgBhWWBrr96mZMxHg=
2,28,pqo7yxyBex/a9J6A48jIWClYKhY=,D7/cd2LWYpWgBhWWBrr96mZMxHg=
1,28,pqo7yxyBex/a9J6A48jIWClYKhY=,D7/cd2LWYpWgBhWWBrr96mZMxHg=
6,27,pqo7yxyBex/a9J6A48jIWClYKhY=,D7/cd2LWYpWgBhWWBrr96mZMxHg=
0,28,pqo7yxyBex/a9J6A48jIWClYKhY=,D7/cd2LWYpWgBhWWBrr96mZMxHg=
7,26,pqo7yxyBex/a9J6A48jIWClYKhY=,D7/cd2LWYpWgBhWWBrr96mZMxHg=
3,27,pqo7yxyBex/a9J6A48jIWClYKhY=,D7/cd2LWYpWgBhWWBrr96mZMxHg=
1,25,pqo7yxyBex/a9J6A48jIWClYKhY=,D7/cd2LWYpWgBhWWBrr96mZMxHg=
3,26,pqo7yxyBex/a9J6A48jIWClYKhY=,D7/cd2LWYpWgBhWWBrr96mZMxHg=
2,26,pqo7yxyBex/a9J6A48jIWClYKhY=,D7/cd2LWYpWgBhWWBrr96mZMxHg=
4,26,pqo7yxyBex/a9J6A48jIWClYKhY=,D7/cd2LWYpWgBhWWBrr96mZMxHg=
8,31,pqo7yxyBex/a9J6A48jIWClYKhY=,fFimZfgQ0m9H5qDoTGoCzF+mnow=
6,26,pqo7yxyBex/a9J6A48jIWClYKhY=,D7/cd2LWYpWgBhWWBrr96mZMxHg=
1,27,pqo7yxyBex/a9J6A48jIWClYKhY=,D7/cd2LWYpWgBhWWBrr96mZMxHg=
7,25,pqo7yxyBex/a9J6A48jIWClYKhY=,D7/cd2LWYpWgBhWWBrr96mZMxHg=
2,27,pqo7yxyBex/a9J6A48jIWClYKhY=,D7/cd2LWYpWgBhWWBrr96mZMxHg=
5,26,pqo7yxyBex/a9J6A48jIWClYKhY=,D7/cd2LWYpWgBhWWBrr96mZMxHg=
0,27,pqo7yxyBex/a9J6A48jIWClYKhY=,D7/cd2LWYpWgBhWWBrr96mZMxHg=
1,26,pqo7yxyBex/a9J6A48jIWClYKhY=,D7/cd2LWYpWgBhWWBrr96mZMxHg=
8,25,pqo7yxyBex/a9J6A48jIWClYKhY=,fFimZfgQ0m9H5qDoTGoCzF+mnow=
2,25,pqo7yxyBex/a9J6A48jIWClYKhY=,D7/cd2LWYpWgBhWWBrr96mZMxHg=
6,25,pqo7yxyBex/a9J6A48jIWClYKhY=,D7/cd2LWYpWgBhWWBrr96mZMxHg=
3,25,pqo7yxyBex/a9J6A48jIWClYKhY=,D7/cd2LWYpWgBhWWBrr96mZMxHg=
0,26,pqo7yxyBex/a9J6A48jIWClYKhY=,D7/cd2LWYpWgBhWWBrr96mZMxHg=
5,25,pqo7yxyBex/a9J6A48jIWClYKhY=,D7/cd2LWYpWgBhWWBrr96mZMxHg=
4,25,pqo7yxyBex/a9J6A48jIWClYKhY=,D7/cd2LWYpWgBhWWBrr96mZMxHg=
15,23,pqo7yxyBex/a9J6A48jIWClYKhY=,R/bDKTMa/VrpvRVvFAzhGKorskE=
12,19,pqo7yxyBex/a9J6A48jIWClYKhY=,R/bDKTMa/VrpvRVvFAzhGKorskE=
11,19,pqo7yxyBex/a9J6A48jIWClYKhY=,R/bDKTMa/VrpvRVvFAzhGKorskE=
14,23,pqo7yxyBex/a9J6A48jIWClYKhY=,R/bDKTMa/VrpvRVvFAzhGKorskE=
10,19,pqo7yxyBex/a9J6A48jIWClYKhY=,R/bDKTMa/VrpvRVvFAzhGKorskE=
13,19,pqo7yxyBex/a9J6A48jIWClYKhY=,R/bDKTMa/VrpvRVvFAzhGKorskE=
12,23,pqo7yxyBex/a9J6A48jIWClYKhY=,R/bDKTMa/VrpvRVvFAzhGKorskE=
15,18,pqo7yxyBex/a9J6A48jIWClYKhY=,R/bDKTMa/VrpvRVvFAzhGKorskE=
9,19,pqo7yxyBex/a9J6A48jIWClYKhY=,R/bDKTMa/VrpvRVvFAzhGKorskE=
9,24,pqo7yxyBex/a9J6A48jIWClYKhY=,fFimZfgQ0m9H5qDoTGoCzF+mnow=
14,18,pqo7yxyBex/a9J6A48jIWClYKhY=,R/bDKTMa/VrpvRVvFAzhGKorskE=
13,23,pqo7yxyBex/a9J6A48jIWClYKhY=,R/bDKTMa/VrpvRVvFAzhGKorskE=
13,18,pqo7yxyBex/a9J6A48jIWClYKhY=,R/bDKTMa/VrpvRVvFAzhGKorskE=
10,18,pqo7yxyBex/a9J6A48jIWClYKhY=,R/bDKTMa/VrpvRVvFAzhGKorskE=
12,18,pqo7yxyBex/a9J6A48jIWClYKhY=,R/bDKTMa/VrpvRVvFAzhGKorskE=
11,23,pqo7yxyBex/a9J6A48jIWClYKhY=,R/bDKTMa/VrpvRVvFAzhGKorskE=
14,19,pqo7yxyBex/a9J6A48jIWClYKhY=,R/bDKTMa/VrpvRVvFAzhGKorskE=
10,23,pqo7yxyBex/a9J6A48jIWClYKhY=,R/bDKTMa/VrpvRVvFAzhGKorskE=
11,18,pqo7yxyBex/a9J6A48jIWClYKhY=,R/bDKTMa/VrpvRVvFAzhGKorskE=
10,24,pqo7yxyBex/a9J6A48jIWClYKhY=,fFimZfgQ0m9H5qDoTGoCzF+mnow=
9,23,pqo7yxyBex/a9J6A48jIWClYKhY=,R/bDKTMa/VrpvRVvFAzhGKorskE=
9,18,pqo7yxyBex/a9J6A48jIWClYKhY=,R/bDKTMa/VrpvRVvFAzhGKorskE=
14,17,pqo7yxyBex/a9J6A48jIWClYKhY=,R/bDKTMa/VrpvRVvFAzhGKorskE=
15,17,pqo7yxyBex/a9J6A48jIWClYKhY=,R/bDKTMa/VrpvRVvFAzhGKorskE=
11,17,pqo7yxyBex/a9J6A48jIWClYKhY=,R/bDKTMa/VrpvRVvFAzhGKorskE=
12,17,pqo7yxyBex/a9J6A48jIWClYKhY=,R/bDKTMa/VrpvRVvFAzhGKorskE=
15,22,pqo7yxyBex/a9J6A48jIWClYKhY=,R/bDKTMa/VrpvRVvFAzhGKorskE=
13,17,pqo7yxyBex/a9J6A48jIWClYKhY=,R/bDKTMa/VrpvRVvFAzhGKorskE=
15,19,pqo7yxyBex/a9J6A48jIWClYKhY=,R/bDKTMa/VrpvRVvFAzhGKorskE=
14,22,pqo7yxyBex/a9J6A48jIWClYKhY=,R/bDKTMa/VrpvRVvFAzhGKorskE=
13,16,pqo7yxyBex/a9J6A48jIWClYKhY=,R/bDKTMa/VrpvRVvFAzhGKorskE=
13,22,pqo7yxyBex/a9J6A48jIWClYKhY=,R/bDKTMa/VrpvRVvFAzhGKorskE=
14,16,pqo7yxyBex/a9J6A48jIWClYKhY=,R/bDKTMa/VrpvRVvFAzhGKorskE=
10,17,pqo7yxyBex/a9J6A48jIWClYKhY=,R/bDKTMa/VrpvRVvFAzhGKorskE=
12,16,pqo7yxyBex/a9J6A48jIWClYKhY=,R/bDKTMa/VrpvRVvFAzhGKorskE=
15,16,pqo7yxyBex/a9J6A48jIWClYKhY=,R/bDKTMa/VrpvRVvFAzhGKorskE=
9,20,pqo7yxyBex/a9J6A48jIWClYKhY=,R/bDKTMa/VrpvRVvFAzhGKorskE=
11,16,pqo7yxyBex/a9J6A48jIWClYKhY=,R/bDKTMa/VrpvRVvFAzhGKorskE=
10,16,pqo7yxyBex/a9J6A48jIWClYKhY=,R/bDKTMa/VrpvRVvFAzhGKorskE=
12,22,pqo7yxyBex/a9J6A48jIWClYKhY=,R/bDKTMa/VrpvRVvFAzhGKorskE=
11,24,pqo7yxyBex/a9J6A48jIWClYKhY=,fFimZfgQ0m9H5qDoTGoCzF+mnow=
9,17,pqo7yxyBex/a9J6A48jIWClYKhY=,R/bDKTMa/VrpvRVvFAzhGKorskE=
9,22,pqo7yxyBex/a9J6A48jIWClYKhY=,R/bDKTMa/VrpvRVvFAzhGKorskE=
9,16,pqo7yxyBex/a9J6A48jIWClYKhY=,R/bDKTMa/VrpvRVvFAzhGKorskE=
10,22,pqo7yxyBex/a9J6A48jIWClYKhY=,R/bDKTMa/VrpvRVvFAzhGKorskE=
11,22,pqo7yxyBex/a9J6A48jIWClYKhY=,R/bDKTMa/VrpvRVvFAzhGKorskE=
15,21,pqo7yxyBex/a9J6A48jIWClYKhY=,R/bDKTMa/VrpvRVvFAzhGKorskE=
14,21,pqo7yxyBex/a9J6A48jIWClYKhY=,R/bDKTMa/VrpvRVvFAzhGKorskE=
13,21,pqo7yxyBex/a9J6A48jIWClYKhY=,R/bDKTMa/VrpvRVvFAzhGKorskE=
13,20,pqo7yxyBex/a9J6A48jIWClYKhY=,R/bDKTMa/VrpvRVvFAzhGKorskE=
12,21,pqo7yxyBex/a9J6A48jIWClYKhY=,R/bDKTMa/VrpvRVvFAzhGKorskE=
10,21,pqo7yxyBex/a9J6A48jIWClYKhY=,R/bDKTMa/VrpvRVvFAzhGKorskE=
10,20,pqo7yxyBex/a9J6A48jIWClYKhY=,R/bDKTMa/VrpvRVvFAzhGKorskE=
15,20,pqo7yxyBex/a9J6A48jIWClYKhY=,R/bDKTMa/VrpvRVvFAzhGKorskE=
14,20,pqo7yxyBex/a9J6A48jIWClYKhY=,R/bDKTMa/VrpvRVvFAzhGKorskE=
12,20,pqo7yxyBex/a9J6A48jIWClYKhY=,R/bDKTMa/VrpvRVvFAzhGKorskE=
11,21,pqo7yxyBex/a9J6A48jIWClYKhY=,R/bDKTMa/VrpvRVvFAzhGKorskE=
15,24,pqo7yxyBex/a9J6A48jIWClYKhY=,fFimZfgQ0m9H5qDoTGoCzF+mnow=
12,24,pqo7yxyBex/a9J6A48jIWClYKhY=,fFimZfgQ0m9H5qDoTGoCzF+mnow=
9,21,pqo7yxyBex/a9J6A48jIWClYKhY=,R/bDKTMa/VrpvRVvFAzhGKorskE=
14,24,pqo7yxyBex/a9J6A48jIWClYKhY=,fFimZfgQ0m9H5qDoTGoCzF+mnow=
11,20,pqo7yxyBex/a9J6A48jIWClYKhY=,R/bDKTMa/VrpvRVvFAzhGKorskE=
13,24,pqo7yxyBex/a9J6A48jIWClYKhY=,fFimZfgQ0m9H5qDoTGoCzF+mnow=
3,23,pqo7yxyBex/a9J6A48jIWClYKhY=,9sHpekqgFkShB4h3qVDYl+UXPSQ=
2,23,pqo7yxyBex/a9J6A48jIWClYKhY=,9sHpekqgFkShB4h3qVDYl+UXPSQ=
5,22,pqo7yxyBex/a9J6A48jIWClYKhY=,9sHpekqgFkShB4h3qVDYl+UXPSQ=
5,21,pqo7yxyBex/a9J6A48jIWClYKhY=,9sHpekqgFkShB4h3qVDYl+UXPSQ=
8,19,pqo7yxyBex/a9J6A48jIWClYKhY=,R/bDKTMa/VrpvRVvFAzhGKorskE=
6,21,pqo7yxyBex/a9J6A48jIWClYKhY=,9sHpekqgFkShB4h3qVDYl+UXPSQ=
0,17,pqo7yxyBex/a9J6A48jIWClYKhY=,9sHpekqgFkShB4h3qVDYl+UXPSQ=
4,23,pqo7yxyBex/a9J6A48jIWClYKhY=,9sHpekqgFkShB4h3qVDYl+UXPSQ=
1,17,pqo7yxyBex/a9J6A48jIWClYKhY=,9sHpekqgFkShB4h3qVDYl+UXPSQ=
4,22,pqo7yxyBex/a9J6A48jIWClYKhY=,9sHpekqgFkShB4h3qVDYl+UXPSQ=
8,18,pqo7yxyBex/a9J6A48jIWClYKhY=,R/bDKTMa/VrpvRVvFAzhGKorskE=
3,19,pqo7yxyBex/a9J6A48jIWClYKhY=,9sHpekqgFkShB4h3qVDYl+UXPSQ=
3,22,pqo7yxyBex/a9J6A48jIWClYKhY=,9sHpekqgFkShB4h3qVDYl+UXPSQ=
7,20,pqo7yxyBex/a9J6A48jIWClYKhY=,9sHpekqgFkShB4h3qVDYl+UXPSQ=
1,23,pqo7yxyBex/a9J6A48jIWClYKhY=,9sHpekqgFkShB4h3qVDYl+UXPSQ=
4,19,pqo7yxyBex/a9J6A48jIWClYKhY=,9sHpekqgFkShB4h3qVDYl+UXPSQ=
7,16,pqo7yxyBex/a9J6A48jIWClYKhY=,9sHpekqgFkShB4h3qVDYl+UXPSQ=
3,18,pqo7yxyBex/a9J6A48jIWClYKhY=,9sHpekqgFkShB4h3qVDYl+UXPSQ=
2,22,pqo7yxyBex/a9J6A48jIWClYKhY=,9sHpekqgFkShB4h3qVDYl+UXPSQ=
2,19,pqo7yxyBex/a9J6A48jIWClYKhY=,9sHpekqgFkShB4h3qVDYl+UXPSQ=
3,17,pqo7yxyBex/a9J6A48jIWClYKhY=,9sHpekqgFkShB4h3qVDYl+UXPSQ=
4,18,pqo7yxyBex/a9J6A48jIWClYKhY=,9sHpekqgFkShB4h3qVDYl+UXPSQ=
6,16,pqo7yxyBex/a9J6A48jIWClYKhY=,9sHpekqgFkShB4h3qVDYl+UXPSQ=
1,19,pqo7yxyBex/a9J6A48jIWClYKhY=,9sHpekqgFkShB4h3qVDYl+UXPSQ=
1,20,pqo7yxyBex/a9J6A48jIWClYKhY=,9sHpekqgFkShB4h3qVDYl+UXPSQ=
8,23,pqo7yxyBex/a9J6A48jIWClYKhY=,R/bDKTMa/VrpvRVvFAzhGKorskE=
1,18,pqo7yxyBex/a9J6A48jIWClYKhY=,9sHpekqgFkShB4h3qVDYl+UXPSQ=
8,16,pqo7yxyBex/a9J6A48jIWClYKhY=,R/bDKTMa/VrpvRVvFAzhGKorskE=
8,17,pqo7yxyBex/a9J6A48jIWClYKhY=,R/bDKTMa/VrpvRVvFAzhGKorskE=
0,19,pqo7yxyBex/a9J6A48jIWClYKhY=,9sHpekqgFkShB4h3qVDYl+UXPSQ=
5,23,pqo7yxyBex/a9J6A48jIWClYKhY=,9sHpekqgFkShB4h3qVDYl+UXPSQ=
2,18,pqo7yxyBex/a9J6A48jIWClYKhY=,9sHpekqgFkShB4h3qVDYl+UXPSQ=
4,21,pqo7yxyBex/a9J6A48jIWClYKhY=,9sHpekqgFkShB4h3qVDYl+UXPSQ=
7,18,pqo7yxyBex/a9J6A48jIWClYKhY=,9sHpekqgFkShB4h3qVDYl+UXPSQ=
8,22,pqo7yxyBex/a9J6A48jIWClYKhY=,R/bDKTMa/VrpvRVvFAzhGKorskE=
6,20,pqo7yxyBex/a9J6A48jIWClYKhY=,9sHpekqgFkShB4h3qVDYl+UXPSQ=
5,16,pqo7yxyBex/a9J6A48jIWClYKhY=,9sHpekqgFkShB4h3qVDYl+UXPSQ=
6,23,pqo7yxyBex/a9J6A48jIWClYKhY=,9sHpekqgFkShB4h3qVDYl+UXPSQ=
4,16,pqo7yxyBex/a9J6A48jIWClYKhY=,9sHpekqgFkShB4h3qVDYl+UXPSQ=
7,23,pqo7yxyBex/a9J6A48jIWClYKhY=,9sHpekqgFkShB4h3qVDYl+UXPSQ=
0,20,pqo7yxyBex/a9J6A48jIWClYKhY=,9sHpekqgFkShB4h3qVDYl+UXPSQ=
5,20,pqo7yxyBex/a9J6A48jIWClYKhY=,9sHpekqgFkShB4h3qVDYl+UXPSQ=
3,21,pqo7yxyBex/a9J6A48jIWClYKhY=,9sHpekqgFkShB4h3qVDYl+UXPSQ=
1,16,pqo7yxyBex/a9J6A48jIWClYKhY=,9sHpekqgFkShB4h3qVDYl+UXPSQ=
3,16,pqo7yxyBex/a9J6A48jIWClYKhY=,9sHpekqgFkShB4h3qVDYl+UXPSQ=
4,20,pqo7yxyBex/a9J6A48jIWClYKhY=,9sHpekqgFkShB4h3qVDYl+UXPSQ=
7,19,pqo7yxyBex/a9J6A48jIWClYKhY=,9sHpekqgFkShB4h3qVDYl+UXPSQ=
0,23,pqo7yxyBex/a9J6A48jIWClYKhY=,9sHpekqgFkShB4h3qVDYl+UXPSQ=
7,22,pqo7yxyBex/a9J6A48jIWClYKhY=,9sHpekqgFkShB4h3qVDYl+UXPSQ=
7,17,pqo7yxyBex/a9J6A48jIWClYKhY=,9sHpekqgFkShB4h3qVDYl+UXPSQ=
0,18,pqo7yxyBex/a9J6A48jIWClYKhY=,9sHpekqgFkShB4h3qVDYl+UXPSQ=
8,21,pqo7yxyBex/a9J6A48jIWClYKhY=,R/bDKTMa/VrpvRVvFAzhGKorskE=
2,16,pqo7yxyBex/a9J6A48jIWClYKhY=,9sHpekqgFkShB4h3qVDYl+UXPSQ=
2,17,pqo7yxyBex/a9J6A48jIWClYKhY=,9sHpekqgFkShB4h3qVDYl+UXPSQ=
3,20,pqo7yxyBex/a9J6A48jIWClYKhY=,9sHpekqgFkShB4h3qVDYl+UXPSQ=
0,16,pqo7yxyBex/a9J6A48jIWClYKhY=,9sHpekqgFkShB4h3qVDYl+UXPSQ=
2,20,pqo7yxyBex/a9J6A48jIWClYKhY=,9sHpekqgFkShB4h3qVDYl+UXPSQ=
0,22,pqo7yxyBex/a9J6A48jIWClYKhY=,9sHpekqgFkShB4h3qVDYl+UXPSQ=
2,21,pqo7yxyBex/a9J6A48jIWClYKhY=,9sHpekqgFkShB4h3qVDYl+UXPSQ=
6,18,pqo7yxyBex/a9J6A48jIWClYKhY=,9sHpekqgFkShB4h3qVDYl+UXPSQ=
5,17,pqo7yxyBex/a9J6A48jIWClYKhY=,9sHpekqgFkShB4h3qVDYl+UXPSQ=
6,17,pqo7yxyBex/a9J6A48jIWClYKhY=,9sHpekqgFkShB4h3qVDYl+UXPSQ=
1,22,pqo7yxyBex/a9J6A48jIWClYKhY=,9sHpekqgFkShB4h3qVDYl+UXPSQ=
6,22,pqo7yxyBex/a9J6A48jIWClYKhY=,9sHpekqgFkShB4h3qVDYl+UXPSQ=
1,21,pqo7yxyBex/a9J6A48jIWClYKhY=,9sHpekqgFkShB4h3qVDYl+UXPSQ=
7,21,pqo7yxyBex/a9J6A48jIWClYKhY=,9sHpekqgFkShB4h3qVDYl+UXPSQ=
0,24,pqo7yxyBex/a9J6A48jIWClYKhY=,D7/cd2LWYpWgBhWWBrr96mZMxHg=
7,24,pqo7yxyBex/a9J6A48jIWClYKhY=,D7/cd2LWYpWgBhWWBrr96mZMxHg=
8,20,pqo7yxyBex/a9J6A48jIWClYKhY=,R/bDKTMa/VrpvRVvFAzhGKorskE=
6,24,pqo7yxyBex/a9J6A48jIWClYKhY=,D7/cd2LWYpWgBhWWBrr96mZMxHg=
4,17,pqo7yxyBex/a9J6A48jIWClYKhY=,9sHpekqgFkShB4h3qVDYl+UXPSQ=
2,24,pqo7yxyBex/a9J6A48jIWClYKhY=,D7/cd2LWYpWgBhWWBrr96mZMxHg=
4,24,pqo7yxyBex/a9J6A48jIWClYKhY=,D7/cd2LWYpWgBhWWBrr96mZMxHg=
3,24,pqo7yxyBex/a9J6A48jIWClYKhY=,D7/cd2LWYpWgBhWWBrr96mZMxHg=
6,19,pqo7yxyBex/a9J6A48jIWClYKhY=,9sHpekqgFkShB4h3qVDYl+UXPSQ=
8,24,pqo7yxyBex/a9J6A48jIWClYKhY=,fFimZfgQ0m9H5qDoTGoCzF+mnow=
1,24,pqo7yxyBex/a9J6A48jIWClYKhY=,D7/cd2LWYpWgBhWWBrr96mZMxHg=
5,19,pqo7yxyBex/a9J6A48jIWClYKhY=,9sHpekqgFkShB4h3qVDYl+UXPSQ=
5,24,pqo7yxyBex/a9J6A48jIWClYKhY=,D7/cd2LWYpWgBhWWBrr96mZMxHg=
5,18,pqo7yxyBex/a9J6A48jIWClYKhY=,9sHpekqgFkShB4h3qVDYl+UXPSQ=
0,21,pqo7yxyBex/a9J6A48jIWClYKhY=,9sHpekqgFkShB4h3qVDYl+UXPSQ=
30,18,hHURjS+hjxcZxwgOsOCM9rI3Jbg=,2/NjC4BeHo7J6kPPleakOkXCwWA=
28,19,hHURjS+hjxcZxwgOsOCM9rI3Jbg=,2/NjC4BeHo7J6kPPleakOkXCwWA=
27,19,hHURjS+hjxcZxwgOsOCM9rI3Jbg=,2/NjC4BeHo7J6kPPleakOkXCwWA=
26,19,hHURjS+hjxcZxwgOsOCM9rI3Jbg=,2/NjC4BeHo7J6kPPleakOkXCwWA=
29,18,hHURjS+hjxcZxwgOsOCM9rI3Jbg=,2/NjC4BeHo7J6kPPleakOkXCwWA=
30,17,hHURjS+hjxcZxwgOsOCM9rI3Jbg=,2/NjC4BeHo7J6kPPleakOkXCwWA=
29,22,hHURjS+hjxcZxwgOsOCM9rI3Jbg=,2/NjC4BeHo7J6kPPleakOkXCwWA=
30,22,hHURjS+hjxcZxwgOsOCM9rI3Jbg=,2/NjC4BeHo7J6kPPleakOkXCwWA=
29,17,hHURjS+hjxcZxwgOsOCM9rI3Jbg=,2/NjC4BeHo7J6kPPleakOkXCwWA=
25,19,hHURjS+hjxcZxwgOsOCM9rI3Jbg=,2/NjC4BeHo7J6kPPleakOkXCwWA=
28,17,hHURjS+hjxcZxwgOsOCM9rI3Jbg=,2/NjC4BeHo7J6kPPleakOkXCwWA=
28,18,hHURjS+hjxcZxwgOsOCM9rI3Jbg=,2/NjC4BeHo7J6kPPleakOkXCwWA=
28,22,hHURjS+hjxcZxwgOsOCM9rI3Jbg=,2/NjC4BeHo7J6kPPleakOkXCwWA=
27,18,hHURjS+hjxcZxwgOsOCM9rI3Jbg=,2/NjC4BeHo7J6kPPleakOkXCwWA=
27,22,hHURjS+hjxcZxwgOsOCM9rI3Jbg=,2/NjC4BeHo7J6kPPleakOkXCwWA=
27,17,hHURjS+hjxcZxwgOsOCM9rI3Jbg=,2/NjC4BeHo7J6kPPleakOkXCwWA=
26,17,hHURjS+hjxcZxwgOsOCM9rI3Jbg=,2/NjC4BeHo7J6kPPleakOkXCwWA=
29,19,hHURjS+hjxcZxwgOsOCM9rI3Jbg=,2/NjC4BeHo7J6kPPleakOkXCwWA=
26,18,hHURjS+hjxcZxwgOsOCM9rI3Jbg=,2/NjC4BeHo7J6kPPleakOkXCwWA=
26,22,hHURjS+hjxcZxwgOsOCM9rI3Jbg=,2/NjC4BeHo7J6kPPleakOkXCwWA=
29,21,hHURjS+hjxcZxwgOsOCM9rI3Jbg=,2/NjC4BeHo7J6kPPleakOkXCwWA=
28,21,hHURjS+hjxcZxwgOsOCM9rI3Jbg=,2/NjC4BeHo7J6kPPleakOkXCwWA=
25,18,hHURjS+hjxcZxwgOsOCM9rI3Jbg=,2/NjC4BeHo7J6kPPleakOkXCwWA=
30,21,hHURjS+hjxcZxwgOsOCM9rI3Jbg=,2/NjC4BeHo7J6kPPleakOkXCwWA=
27,21,hHURjS+hjxcZxwgOsOCM9rI3Jbg=,2/NjC4BeHo7J6kPPleakOkXCwWA=
25,17,hHURjS+hjxcZxwgOsOCM9rI3Jbg=,2/NjC4BeHo7J6kPPleakOkXCwWA=
30,19,hHURjS+hjxcZxwgOsOCM9rI3Jbg=,2/NjC4BeHo7J6kPPleakOkXCwWA=
25,22,hHURjS+hjxcZxwgOsOCM9rI3Jbg=,2/NjC4BeHo7J6kPPleakOkXCwWA=
25,21,hHURjS+hjxcZxwgOsOCM9rI3Jbg=,2/NjC4BeHo7J6kPPleakOkXCwWA=
26,21,hHURjS+hjxcZxwgOsOCM9rI3Jbg=,2/NjC4BeHo7J6kPPleakOkXCwWA=
25,20,hHURjS+hjxcZxwgOsOCM9rI3Jbg=,2/NjC4BeHo7J6kPPleakOkXCwWA=
27,20,hHURjS+hjxcZxwgOsOCM9rI3Jbg=,2/NjC4BeHo7J6kPPleakOkXCwWA=
26,20,hHURjS+hjxcZxwgOsOCM9rI3Jbg=,2/NjC4BeHo7J6kPPleakOkXCwWA=
30,20,hHURjS+hjxcZxwgOsOCM9rI3Jbg=,2/NjC4BeHo7J6kPPleakOkXCwWA=
29,20,hHURjS+hjxcZxwgOsOCM9rI3Jbg=,2/NjC4BeHo7J6kPPleakOkXCwWA=
21,31,hHURjS+hjxcZxwgOsOCM9rI3Jbg=,sQrCB44BkEaymKoxul2XiGupzPQ=
28,20,hHURjS+hjxcZxwgOsOCM9rI3Jbg=,2/NjC4BeHo7J6kPPleakOkXCwWA=
18,27,hHURjS+hjxcZxwgOsOCM9rI3Jbg=,sQrCB44BkEaymKoxul2XiGupzPQ=
20,31,hHURjS+hjxcZxwgOsOCM9rI3Jbg=,sQrCB44BkEaymKoxul2XiGupzPQ=
22,31,hHURjS+hjxcZxwgOsOCM9rI3Jbg=,sQrCB44BkEaymKoxul2XiGupzPQ=
17,27,hHURjS+hjxcZxwgOsOCM9rI3Jbg=,sQrCB44BkEaymKoxul2XiGupzPQ=
19,27,hHURjS+hjxcZxwgOsOCM9rI3Jbg=,sQrCB44BkEaymKoxul2XiGupzPQ=
17,31,hHURjS+hjxcZxwgOsOCM9rI3Jbg=,sQrCB44BkEaymKoxul2XiGupzPQ=
20,27,hHURjS+hjxcZxwgOsOCM9rI3Jbg=,sQrCB44BkEaymKoxul2XiGupzPQ=
22,26,hHURjS+hjxcZxwgOsOCM9rI3Jbg=,sQrCB44BkEaymKoxul2XiGupzPQ=
19,31,hHURjS+hjxcZxwgOsOCM9rI3Jbg=,sQrCB44BkEaymKoxul2XiGupzPQ=
18,31,hHURjS+hjxcZxwgOsOCM9rI3Jbg=,sQrCB44BkEaymKoxul2XiGupzPQ=
21,26,hHURjS+hjxcZxwgOsOCM9rI3Jbg=,sQrCB44BkEaymKoxul2XiGupzPQ=
18,26,hHURjS+hjxcZxwgOsOCM9rI3Jbg=,sQrCB44BkEaymKoxul2XiGupzPQ=
21,30,hHURjS+hjxcZxwgOsOCM9rI3Jbg=,sQrCB44BkEaymKoxul2XiGupzPQ=
19,26,hHURjS+hjxcZxwgOsOCM9rI3Jbg=,sQrCB44BkEaymKoxul2XiGupzPQ=
17,26,hHURjS+hjxcZxwgOsOCM9rI3Jbg=,sQrCB44BkEaymKoxul2XiGupzPQ=
21,27,hHURjS+hjxcZxwgOsOCM9rI3Jbg=,sQrCB44BkEaymKoxul2XiGupzPQ=
20,26,hHURjS+hjxcZxwgOsOCM9rI3Jbg=,sQrCB44BkEaymKoxul2XiGupzPQ=
22,30,hHURjS+hjxcZxwgOsOCM9rI3Jbg=,sQrCB44BkEaymKoxul2XiGupzPQ=
20,30,hHURjS+hjxcZxwgOsOCM9rI3Jbg=,sQrCB44BkEaymKoxul2XiGupzPQ=
19,30,hHURjS+hjxcZxwgOsOCM9rI3Jbg=,sQrCB44BkEaymKoxul2XiGupzPQ=
22,25,hHURjS+hjxcZxwgOsOCM9rI3Jbg=,sQrCB44BkEaymKoxul2XiGupzPQ=
19,25,hHURjS+hjxcZxwgOsOCM9rI3Jbg=,sQrCB44BkEaymKoxul2XiGupzPQ=
21,25,hHURjS+hjxcZxwgOsOCM9rI3Jbg=,sQrCB44BkEaymKoxul2XiGupzPQ=
22,27,hHURjS+hjxcZxwgOsOCM9rI3Jbg=,sQrCB44BkEaymKoxul2XiGupzPQ=
18,30,hHURjS+hjxcZxwgOsOCM9rI3Jbg=,sQrCB44BkEaymKoxul2XiGupzPQ=
20,25,hHURjS+hjxcZxwgOsOCM9rI3Jbg=,sQrCB44BkEaymKoxul2XiGupzPQ=
20,29,hHURjS+hjxcZxwgOsOCM9rI3Jbg=,sQrCB44BkEaymKoxul2XiGupzPQ=
18,25,hHURjS+hjxcZxwgOsOCM9rI3Jbg=,sQrCB44BkEaymKoxul2XiGupzPQ=
17,30,hHURjS+hjxcZxwgOsOCM9rI3Jbg=,sQrCB44BkEaymKoxul2XiGupzPQ=
17,25,hHURjS+hjxcZxwgOsOCM9rI3Jbg=,sQrCB44BkEaymKoxul2XiGupzPQ=
17,28,hHURjS+hjxcZxwgOsOCM9rI3Jbg=,sQrCB44BkEaymKoxul2XiGupzPQ=
19,29,hHURjS+hjxcZxwgOsOCM9rI3Jbg=,sQrCB44BkEaymKoxul2XiGupzPQ=
22,29,hHURjS+hjxcZxwgOsOCM9rI3Jbg=,sQrCB44BkEaymKoxul2XiGupzPQ=
22,28,hHURjS+hjxcZxwgOsOCM9rI3Jbg=,sQrCB44BkEaymKoxul2XiGupzPQ=
19,28,hHURjS+hjxcZxwgOsOCM9rI3Jbg=,sQrCB44BkEaymKoxul2XiGupzPQ=
18,28,hHURjS+hjxcZxwgOsOCM9rI3Jbg=,sQrCB44BkEaymKoxul2XiGupzPQ=
21,28,hHURjS+hjxcZxwgOsOCM9rI3Jbg=,sQrCB44BkEaymKoxul2XiGupzPQ=
21,29,hHURjS+hjxcZxwgOsOCM9rI3Jbg=,sQrCB44BkEaymKoxul2XiGupzPQ=
18,29,hHURjS+hjxcZxwgOsOCM9rI3Jbg=,sQrCB44BkEaymKoxul2XiGupzPQ=
17,29,hHURjS+hjxcZxwgOsOCM9rI3Jbg=,sQrCB44BkEaymKoxul2XiGupzPQ=
20,28,hHURjS+hjxcZxwgOsOCM9rI3Jbg=,sQrCB44BkEaymKoxul2XiGupzPQ=
30,16,hHURjS+hjxcZxwgOsOCM9rI3Jbg=,2/NjC4BeHo7J6kPPleakOkXCwWA=
28,16,hHURjS+hjxcZxwgOsOCM9rI3Jbg=,2/NjC4BeHo7J6kPPleakOkXCwWA=
29,16,hHURjS+hjxcZxwgOsOCM9rI3Jbg=,2/NjC4BeHo7J6kPPleakOkXCwWA=
27,16,hHURjS+hjxcZxwgOsOCM9rI3Jbg=,2/NjC4BeHo7J6kPPleakOkXCwWA=
26,16,hHURjS+hjxcZxwgOsOCM9rI3Jbg=,2/NjC4BeHo7J6kPPleakOkXCwWA=
31,22,hHURjS+hjxcZxwgOsOCM9rI3Jbg=,2/NjC4BeHo7J6kPPleakOkXCwWA=
31,17,hHURjS+hjxcZxwgOsOCM9rI3Jbg=,2/NjC4BeHo7J6kPPleakOkXCwWA=
25,16,hHURjS+hjxcZxwgOsOCM9rI3Jbg=,2/NjC4BeHo7J6kPPleakOkXCwWA=
31,18,hHURjS+hjxcZxwgOsOCM9rI3Jbg=,2/NjC4BeHo7J6kPPleakOkXCwWA=
31,19,hHURjS+hjxcZxwgOsOCM9rI3Jbg=,2/NjC4BeHo7J6kPPleakOkXCwWA=
31,21,hHURjS+hjxcZxwgOsOCM9rI3Jbg=,2/NjC4BeHo7J6kPPleakOkXCwWA=
31,16,hHURjS+hjxcZxwgOsOCM9rI3Jbg=,2/NjC4BeHo7J6kPPleakOkXCwWA=
16,27,hHURjS+hjxcZxwgOsOCM9rI3Jbg=,sQrCB44BkEaymKoxul2XiGupzPQ=
31,20,hHURjS+hjxcZxwgOsOCM9rI3Jbg=,2/NjC4BeHo7J6kPPleakOkXCwWA=
16,31,hHURjS+hjxcZxwgOsOCM9rI3Jbg=,sQrCB44BkEaymKoxul2XiGupzPQ=
16,28,hHURjS+hjxcZxwgOsOCM9rI3Jbg=,sQrCB44BkEaymKoxul2XiGupzPQ=
16,26,hHURjS+hjxcZxwgOsOCM9rI3Jbg=,sQrCB44BkEaymKoxul2XiGupzPQ=
16,25,hHURjS+hjxcZxwgOsOCM9rI3Jbg=,sQrCB44BkEaymKoxul2XiGupzPQ=
16,30,hHURjS+hjxcZxwgOsOCM9rI3Jbg=,sQrCB44BkEaymKoxul2XiGupzPQ=
31,23,hHURjS+hjxcZxwgOsOCM9rI3Jbg=,2/NjC4BeHo7J6kPPleakOkXCwWA=
16,29,hHURjS+hjxcZxwgOsOCM9rI3Jbg=,sQrCB44BkEaymKoxul2XiGupzPQ=
30,23,hHURjS+hjxcZxwgOsOCM9rI3Jbg=,2/NjC4BeHo7J6kPPleakOkXCwWA=
29,23,hHURjS+hjxcZxwgOsOCM9rI3Jbg=,2/NjC4BeHo7J6kPPleakOkXCwWA=
28,29,hHURjS+hjxcZxwgOsOCM9rI3Jbg=,IO4+4JH8Kvrrv36rme1g5qAjXn0=
23,31,hHURjS+hjxcZxwgOsOCM9rI3Jbg=,sQrCB44BkEaymKoxul2XiGupzPQ=
28,23,hHURjS+hjxcZxwgOsOCM9rI3Jbg=,2/NjC4BeHo7J6kPPleakOkXCwWA=
31,28,hHURjS+hjxcZxwgOsOCM9rI3Jbg=,IO4+4JH8Kvrrv36rme1g5qAjXn0=
29,29,hHURjS+hjxcZxwgOsOCM9rI3Jbg=,IO4+4JH8Kvrrv36rme1g5qAjXn0=
25,29,hHURjS+hjxcZxwgOsOCM9rI3Jbg=,IO4+4JH8Kvrrv36rme1g5qAjXn0=
27,23,hHURjS+hjxcZxwgOsOCM9rI3Jbg=,2/NjC4BeHo7J6kPPleakOkXCwWA=
26,29,hHURjS+hjxcZxwgOsOCM9rI3Jbg=,IO4+4JH8Kvrrv36rme1g5qAjXn0=
24,29,hHURjS+hjxcZxwgOsOCM9rI3Jbg=,IO4+4JH8Kvrrv36rme1g5qAjXn0=
26,23,hHURjS+hjxcZxwgOsOCM9rI3Jbg=,2/NjC4BeHo7J6kPPleakOkXCwWA=
30,28,hHURjS+hjxcZxwgOsOCM9rI3Jbg=,IO4+4JH8Kvrrv36rme1g5qAjXn0=
29,28,hHURjS+hjxcZxwgOsOCM9rI3Jbg=,IO4+4JH8Kvrrv36rme1g5qAjXn0=
25,23,hHURjS+hjxcZxwgOsOCM9rI3Jbg=,2/NjC4BeHo7J6kPPleakOkXCwWA=
23,26,hHURjS+hjxcZxwgOsOCM9rI3Jbg=,sQrCB44BkEaymKoxul2XiGupzPQ=
23,30,hHURjS+hjxcZxwgOsOCM9rI3Jbg=,sQrCB44BkEaymKoxul2XiGupzPQ=
30,29,hHURjS+hjxcZxwgOsOCM9rI3Jbg=,IO4+4JH8Kvrrv36rme1g5qAjXn0=
27,28,hHURjS+hjxcZxwgOsOCM9rI3Jbg=,IO4+4JH8Kvrrv36rme1g5qAjXn0=
31,27,hHURjS+hjxcZxwgOsOCM9rI3Jbg=,IO4+4JH8Kvrrv36rme1g5qAjXn0=
23,25,hHURjS+hjxcZxwgOsOCM9rI3Jbg=,sQrCB44BkEaymKoxul2XiGupzPQ=
26,28,hHURjS+hjxcZxwgOsOCM9rI3Jbg=,IO4+4JH8Kvrrv36rme1g5qAjXn0=
28,28,hHURjS+hjxcZxwgOsOCM9rI3Jbg=,IO4+4JH8Kvrrv36rme1g5qAjXn0=
30,27,hHURjS+hjxcZxwgOsOCM9rI3Jbg=,IO4+4JH8Kvrrv36rme1g5qAjXn0=
25,28,hHURjS+hjxcZxwgOsOCM9rI3Jbg=,IO4+4JH8Kvrrv36rme1g5qAjXn0=
29,27,hHURjS+hjxcZxwgOsOCM9rI3Jbg=,IO4+4JH8Kvrrv36rme1g5qAjXn0=
24,28,hHURjS+hjxcZxwgOsOCM9rI3Jbg=,IO4+4JH8Kvrrv36rme1g5qAjXn0=
30,26,hHURjS+hjxcZxwgOsOCM9rI3Jbg=,IO4+4JH8Kvrrv36rme1g5qAjXn0=
23,27,hHURjS+hjxcZxwgOsOCM9rI3Jbg=,sQrCB44BkEaymKoxul2XiGupzPQ=
31,26,hHURjS+hjxcZxwgOsOCM9rI3Jbg=,IO4+4JH8Kvrrv36rme1g5qAjXn0=
29,26,hHURjS+hjxcZxwgOsOCM9rI3Jbg=,IO4+4JH8Kvrrv36rme1g5qAjXn0=
28,27,hHURjS+hjxcZxwgOsOCM9rI3Jbg=,IO4+4JH8Kvrrv36rme1g5qAjXn0=
27,27,hHURjS+hjxcZxwgOsOCM9rI3Jbg=,IO4+4JH8Kvrrv36rme1g5qAjXn0=
26,27,hHURjS+hjxcZxwgOsOCM9rI3Jbg=,IO4+4JH8Kvrrv36rme1g5qAjXn0=
28,26,hHURjS+hjxcZxwgOsOCM9rI3Jbg=,IO4+4JH8Kvrrv36rme1g5qAjXn0=
24,27,hHURjS+hjxcZxwgOsOCM9rI3Jbg=,IO4+4JH8Kvrrv36rme1g5qAjXn0=
31,29,hHURjS+hjxcZxwgOsOCM9rI3Jbg=,IO4+4JH8Kvrrv36rme1g5qAjXn0=
25,27,hHURjS+hjxcZxwgOsOCM9rI3Jbg=,IO4+4JH8Kvrrv36rme1g5qAjXn0=
23,29,hHURjS+hjxcZxwgOsOCM9rI3Jbg=,sQrCB44BkEaymKoxul2XiGupzPQ=
31,25,hHURjS+hjxcZxwgOsOCM9rI3Jbg=,IO4+4JH8Kvrrv36rme1g5qAjXn0=
30,25,hHURjS+hjxcZxwgOsOCM9rI3Jbg=,IO4+4JH8Kvrrv36rme1g5qAjXn0=
29,25,hHURjS+hjxcZxwgOsOCM9rI3Jbg=,IO4+4JH8Kvrrv36rme1g5qAjXn0=
28,25,hHURjS+hjxcZxwgOsOCM9rI3Jbg=,IO4+4JH8Kvrrv36rme1g5qAjXn0=
27,26,hHURjS+hjxcZxwgOsOCM9rI3Jbg=,IO4+4JH8Kvrrv36rme1g5qAjXn0=
26,26,hHURjS+hjxcZxwgOsOCM9rI3Jbg=,IO4+4JH8Kvrrv36rme1g5qAjXn0=
31,31,hHURjS+hjxcZxwgOsOCM9rI3Jbg=,IO4+4JH8Kvrrv36rme1g5qAjXn0=
25,26,hHURjS+hjxcZxwgOsOCM9rI3Jbg=,IO4+4JH8Kvrrv36rme1g5qAjXn0=
24,30,hHURjS+hjxcZxwgOsOCM9rI3Jbg=,IO4+4JH8Kvrrv36rme1g5qAjXn0=
27,25,hHURjS+hjxcZxwgOsOCM9rI3Jbg=,IO4+4JH8Kvrrv36rme1g5qAjXn0=
24,26,hHURjS+hjxcZxwgOsOCM9rI3Jbg=,IO4+4JH8Kvrrv36rme1g5qAjXn0=
26,25,hHURjS+hjxcZxwgOsOCM9rI3Jbg=,IO4+4JH8Kvrrv36rme1g5qAjXn0=
29,31,hHURjS+hjxcZxwgOsOCM9rI3Jbg=,IO4+4JH8Kvrrv36rme1g5qAjXn0=
30,31,hHURjS+hjxcZxwgOsOCM9rI3Jbg=,IO4+4JH8Kvrrv36rme1g5qAjXn0=
25,25,hHURjS+hjxcZxwgOsOCM9rI3Jbg=,IO4+4JH8Kvrrv36rme1g5qAjXn0=
28,31,hHURjS+hjxcZxwgOsOCM9rI3Jbg=,IO4+4JH8Kvrrv36rme1g5qAjXn0=
30,24,hHURjS+hjxcZxwgOsOCM9rI3Jbg=,IO4+4JH8Kvrrv36rme1g5qAjXn0=
31,24,hHURjS+hjxcZxwgOsOCM9rI3Jbg=,IO4+4JH8Kvrrv36rme1g5qAjXn0=
24,25,hHURjS+hjxcZxwgOsOCM9rI3Jbg=,IO4+4JH8Kvrrv36rme1g5qAjXn0=
29,24,hHURjS+hjxcZxwgOsOCM9rI3Jbg=,IO4+4JH8Kvrrv36rme1g5qAjXn0=
27,29,hHURjS+hjxcZxwgOsOCM9rI3Jbg=,IO4+4JH8Kvrrv36rme1g5qAjXn0=
25,24,hHURjS+hjxcZxwgOsOCM9rI3Jbg=,IO4+4JH8Kvrrv36rme1g5qAjXn0=
31,30,hHURjS+hjxcZxwgOsOCM9rI3Jbg=,IO4+4JH8Kvrrv36rme1g5qAjXn0=
27,31,hHURjS+hjxcZxwgOsOCM9rI3Jbg=,IO4+4JH8Kvrrv36rme1g5qAjXn0=
23,28,hHURjS+hjxcZxwgOsOCM9rI3Jbg=,sQrCB44BkEaymKoxul2XiGupzPQ=
26,31,hHURjS+hjxcZxwgOsOCM9rI3Jbg=,IO4+4JH8Kvrrv36rme1g5qAjXn0=
28,24,hHURjS+hjxcZxwgOsOCM9rI3Jbg=,IO4+4JH8Kvrrv36rme1g5qAjXn0=
25,31,hHURjS+hjxcZxwgOsOCM9rI3Jbg=,IO4+4JH8Kvrrv36rme1g5qAjXn0=
24,31,hHURjS+hjxcZxwgOsOCM9rI3Jbg=,IO4+4JH8Kvrrv36rme1g5qAjXn0=
29,30,hHURjS+hjxcZxwgOsOCM9rI3Jbg=,IO4+4JH8Kvrrv36rme1g5qAjXn0=
27,24,hHURjS+hjxcZxwgOsOCM9rI3Jbg=,IO4+4JH8Kvrrv36rme1g5qAjXn0=
30,30,hHURjS+hjxcZxwgOsOCM9rI3Jbg=,IO4+4JH8Kvrrv36rme1g5qAjXn0=
25,30,hHURjS+hjxcZxwgOsOCM9rI3Jbg=,IO4+4JH8Kvrrv36rme1g5qAjXn0=
28,30,hHURjS+hjxcZxwgOsOCM9rI3Jbg=,IO4+4JH8Kvrrv36rme1g5qAjXn0=
27,30,hHURjS+hjxcZxwgOsOCM9rI3Jbg=,IO4+4JH8Kvrrv36rme1g5qAjXn0=
26,24,hHURjS+hjxcZxwgOsOCM9rI3Jbg=,IO4+4JH8Kvrrv36rme1g5qAjXn0=
26,30,hHURjS+hjxcZxwgOsOCM9rI3Jbg=,IO4+4JH8Kvrrv36rme1g5qAjXn0=
20,20,hHURjS+hjxcZxwgOsOCM9rI3Jbg=,s+Rw71L2ludiSqDWujycUs6cOtU=
19,20,hHURjS+hjxcZxwgOsOCM9rI3Jbg=,s+Rw71L2ludiSqDWujycUs6cOtU=
18,21,hHURjS+hjxcZxwgOsOCM9rI3Jbg=,s+Rw71L2ludiSqDWujycUs6cOtU=
17,21,hHURjS+hjxcZxwgOsOCM9rI3Jbg=,s+Rw71L2ludiSqDWujycUs6cOtU=
19,21,hHURjS+hjxcZxwgOsOCM9rI3Jbg=,s+Rw71L2ludiSqDWujycUs6cOtU=
22,19,hHURjS+hjxcZxwgOsOCM9rI3Jbg=,s+Rw71L2ludiSqDWujycUs6cOtU=
23,17,hHURjS+hjxcZxwgOsOCM9rI3Jbg=,s+Rw71L2ludiSqDWujycUs6cOtU=
21,20,hHURjS+hjxcZxwgOsOCM9rI3Jbg=,s+Rw71L2ludiSqDWujycUs6cOtU=
18,20,hHURjS+hjxcZxwgOsOCM9rI3Jbg=,s+Rw71L2ludiSqDWujycUs6cOtU=
19,16,hHURjS+hjxcZxwgOsOCM9rI3Jbg=,s+Rw71L2ludiSqDWujycUs6cOtU=
24,19,hHURjS+hjxcZxwgOsOCM9rI3Jbg=,2/NjC4BeHo7J6kPPleakOkXCwWA=
24,23,hHURjS+hjxcZxwgOsOCM9rI3Jbg=,2/NjC4BeHo7J6kPPleakOkXCwWA=
17,17,hHURjS+hjxcZxwgOsOCM9rI3Jbg=,s+Rw71L2ludiSqDWujycUs6cOtU=
22,20,hHURjS+hjxcZxwgOsOCM9rI3Jbg=,s+Rw71L2ludiSqDWujycUs6cOtU=
22,17,hHURjS+hjxcZxwgOsOCM9rI3Jbg=,s+Rw71L2ludiSqDWujycUs6cOtU=
24,18,hHURjS+hjxcZxwgOsOCM9rI3Jbg=,2/NjC4BeHo7J6kPPleakOkXCwWA=
21,19,hHURjS+hjxcZxwgOsOCM9rI3Jbg=,s+Rw71L2ludiSqDWujycUs6cOtU=
16,17,hHURjS+hjxcZxwgOsOCM9rI3Jbg=,s+Rw71L2ludiSqDWujycUs6cOtU=
21,17,hHURjS+hjxcZxwgOsOCM9rI3Jbg=,s+Rw71L2ludiSqDWujycUs6cOtU=
24,17,hHURjS+hjxcZxwgOsOCM9rI3Jbg=,2/NjC4BeHo7J6kPPleakOkXCwWA=
23,24,hHURjS+hjxcZxwgOsOCM9rI3Jbg=,sQrCB44BkEaymKoxul2XiGupzPQ=
24,22,hHURjS+hjxcZxwgOsOCM9rI3Jbg=,2/NjC4BeHo7J6kPPleakOkXCwWA=
22,24,hHURjS+hjxcZxwgOsOCM9rI3Jbg=,sQrCB44BkEaymKoxul2XiGupzPQ=
23,19,hHURjS+hjxcZxwgOsOCM9rI3Jbg=,s+Rw71L2ludiSqDWujycUs6cOtU=
22,23,hHURjS+hjxcZxwgOsOCM9rI3Jbg=,s+Rw71L2ludiSqDWujycUs6cOtU=
17,24,hHURjS+hjxcZxwgOsOCM9rI3Jbg=,sQrCB44BkEaymKoxul2XiGupzPQ=
23,16,hHURjS+hjxcZxwgOsOCM9rI3Jbg=,s+Rw71L2ludiSqDWujycUs6cOtU=
21,24,hHURjS+hjxcZxwgOsOCM9rI3Jbg=,sQrCB44BkEaymKoxul2XiGupzPQ=
18,24,hHURjS+hjxcZxwgOsOCM9rI3Jbg=,sQrCB44BkEaymKoxul2XiGupzPQ=
19,24,hHURjS+hjxcZxwgOsOCM9rI3Jbg=,sQrCB44BkEaymKoxul2XiGupzPQ=
20,24,hHURjS+hjxcZxwgOsOCM9rI3Jbg=,sQrCB44BkEaymKoxul2XiGupzPQ=
23,23,hHURjS+hjxcZxwgOsOCM9rI3Jbg=,s+Rw71L2ludiSqDWujycUs6cOtU=
16,23,hHURjS+hjxcZxwgOsOCM9rI3Jbg=,s+Rw71L2ludiSqDWujycUs6cOtU=
22,16,hHURjS+hjxcZxwgOsOCM9rI3Jbg=,s+Rw71L2ludiSqDWujycUs6cOtU=
21,23,hHURjS+hjxcZxwgOsOCM9rI3Jbg=,s+Rw71L2ludiSqDWujycUs6cOtU=
20,23,hHURjS+hjxcZxwgOsOCM9rI3Jbg=,s+Rw71L2ludiSqDWujycUs6cOtU=
17,23,hHURjS+hjxcZxwgOsOCM9rI3Jbg=,s+Rw71L2ludiSqDWujycUs6cOtU=
23,20,hHURjS+hjxcZxwgOsOCM9rI3Jbg=,s+Rw71L2ludiSqDWujycUs6cOtU=
24,21,hHURjS+hjxcZxwgOsOCM9rI3Jbg=,2/NjC4BeHo7J6kPPleakOkXCwWA=
18,23,hHURjS+hjxcZxwgOsOCM9rI3Jbg=,s+Rw71L2ludiSqDWujycUs6cOtU=
21,22,hHURjS+hjxcZxwgOsOCM9rI3Jbg=,s+Rw71L2ludiSqDWujycUs6cOtU=
22,22,hHURjS+hjxcZxwgOsOCM9rI3Jbg=,s+Rw71L2ludiSqDWujycUs6cOtU=
20,17,hHURjS+hjxcZxwgOsOCM9rI3Jbg=,s+Rw71L2ludiSqDWujycUs6cOtU=
19,23,hHURjS+hjxcZxwgOsOCM9rI3Jbg=,s+Rw71L2ludiSqDWujycUs6cOtU=
23,22,hHURjS+hjxcZxwgOsOCM9rI3Jbg=,s+Rw71L2ludiSqDWujycUs6cOtU=
24,16,hHURjS+hjxcZxwgOsOCM9rI3Jbg=,2/NjC4BeHo7J6kPPleakOkXCwWA=
17,22,hHURjS+hjxcZxwgOsOCM9rI3Jbg=,s+Rw71L2ludiSqDWujycUs6cOtU=
21,16,hHURjS+hjxcZxwgOsOCM9rI3Jbg=,s+Rw71L2ludiSqDWujycUs6cOtU=
20,22,hHURjS+hjxcZxwgOsOCM9rI3Jbg=,s+Rw71L2ludiSqDWujycUs6cOtU=
18,17,hHURjS+hjxcZxwgOsOCM9rI3Jbg=,s+Rw71L2ludiSqDWujycUs6cOtU=
16,22,hHURjS+hjxcZxwgOsOCM9rI3Jbg=,s+Rw71L2ludiSqDWujycUs6cOtU=
18,22,hHURjS+hjxcZxwgOsOCM9rI3Jbg=,s+Rw71L2ludiSqDWujycUs6cOtU=
19,22,hHURjS+hjxcZxwgOsOCM9rI3Jbg=,s+Rw71L2ludiSqDWujycUs6cOtU=
20,16,hHURjS+hjxcZxwgOsOCM9rI3Jbg=,s+Rw71L2ludiSqDWujycUs6cOtU=
20,19,hHURjS+hjxcZxwgOsOCM9rI3Jbg=,s+Rw71L2ludiSqDWujycUs6cOtU=
16,24,hHURjS+hjxcZxwgOsOCM9rI3Jbg=,sQrCB44BkEaymKoxul2XiGupzPQ=
19,19,hHURjS+hjxcZxwgOsOCM9rI3Jbg=,s+Rw71L2ludiSqDWujycUs6cOtU=
20,21,hHURjS+hjxcZxwgOsOCM9rI3Jbg=,s+Rw71L2ludiSqDWujycUs6cOtU=
23,21,hHURjS+hjxcZxwgOsOCM9rI3Jbg=,s+Rw71L2ludiSqDWujycUs6cOtU=
18,16,hHURjS+hjxcZxwgOsOCM9rI3Jbg=,s+Rw71L2ludiSqDWujycUs6cOtU=
24,20,hHURjS+hjxcZxwgOsOCM9rI3Jbg=,2/NjC4BeHo7J6kPPleakOkXCwWA=
18,19,hHURjS+hjxcZxwgOsOCM9rI3Jbg=,s+Rw71L2ludiSqDWujycUs6cOtU=
22,21,hHURjS+hjxcZxwgOsOCM9rI3Jbg=,s+Rw71L2ludiSqDWujycUs6cOtU=
21,21,hHURjS+hjxcZxwgOsOCM9rI3Jbg=,s+Rw71L2ludiSqDWujycUs6cOtU=
19,17,hHURjS+hjxcZxwgOsOCM9rI3Jbg=,s+Rw71L2ludiSqDWujycUs6cOtU=
23,18,hHURjS+hjxcZxwgOsOCM9rI3Jbg=,s+Rw71L2ludiSqDWujycUs6cOtU=
21,18,hHURjS+hjxcZxwgOsOCM9rI3Jbg=,s+Rw71L2ludiSqDWujycUs6cOtU=
17,18,hHURjS+hjxcZxwgOsOCM9rI3Jbg=,s+Rw71L2ludiSqDWujycUs6cOtU=
22,18,hHURjS+hjxcZxwgOsOCM9rI3Jbg=,s+Rw71L2ludiSqDWujycUs6cOtU=
16,18,hHURjS+hjxcZxwgOsOCM9rI3Jbg=,s+Rw71L2ludiSqDWujycUs6cOtU=
19,18,hHURjS+hjxcZxwgOsOCM9rI3Jbg=,s+Rw71L2ludiSqDWujycUs6cOtU=
20,18,hHURjS+hjxcZxwgOsOCM9rI3Jbg=,s+Rw71L2ludiSqDWujycUs6cOtU=
17,20,hHURjS+hjxcZxwgOsOCM9rI3Jbg=,s+Rw71L2ludiSqDWujycUs6cOtU=
18,18,hHURjS+hjxcZxwgOsOCM9rI3Jbg=,s+Rw71L2ludiSqDWujycUs6cOtU=
16,21,hHURjS+hjxcZxwgOsOCM9rI3Jbg=,s+Rw71L2ludiSqDWujycUs6cOtU=
24,24,hHURjS+hjxcZxwgOsOCM9rI3Jbg=,IO4+4JH8Kvrrv36rme1g5qAjXn0=
16,20,hHURjS+hjxcZxwgOsOCM9rI3Jbg=,s+Rw71L2ludiSqDWujycUs6cOtU=
16,19,hHURjS+hjxcZxwgOsOCM9rI3Jbg=,s+Rw71L2ludiSqDWujycUs6cOtU=
17,19,hHURjS+hjxcZxwgOsOCM9rI3Jbg=,s+Rw71L2ludiSqDWujycUs6cOtU=
17,16,hHURjS+hjxcZxwgOsOCM9rI3Jbg=,s+Rw71L2ludiSqDWujycUs6cOtU=
16,16,hHURjS+hjxcZxwgOsOCM9rI3Jbg=,s+Rw71L2ludiSqDWujycUs6cOtU=
28,13,hHURjS+hjxcZxwgOsOCM9rI3Jbg=,HM/e7sFmH85G9/aP6QT7P/cvSBw=
27,13,hHURjS+hjxcZxwgOsOCM9rI3Jbg=,HM/e7sFmH85G9/aP6QT7P/cvSBw=
26,13,hHURjS+hjxcZxwgOsOCM9rI3Jbg=,HM/e7sFmH85G9/aP6QT7P/cvSBw=
29,12,hHURjS+hjxcZxwgOsOCM9rI3Jbg=,HM/e7sFmH85G9/aP6QT7P/cvSBw=
25,13,hHURjS+hjxcZxwgOsOCM9rI3Jbg=,HM/e7sFmH85G9/aP6QT7P/cvSBw=
28,12,hHURjS+hjxcZxwgOsOCM9rI3Jbg=,HM/e7sFmH85G9/aP6QT7P/cvSBw=
30,12,hHURjS+hjxcZxwgOsOCM9rI3Jbg=,HM/e7sFmH85G9/aP6QT7P/cvSBw=
27,12,hHURjS+hjxcZxwgOsOCM9rI3Jbg=,HM/e7sFmH85G9/aP6QT7P/cvSBw=
26,12,hHURjS+hjxcZxwgOsOCM9rI3Jbg=,HM/e7sFmH85G9/aP6QT7P/cvSBw=
29,11,hHURjS+hjxcZxwgOsOCM9rI3Jbg=,HM/e7sFmH85G9/aP6QT7P/cvSBw=
25,12,hHURjS+hjxcZxwgOsOCM9rI3Jbg=,HM/e7sFmH85G9/aP6QT7P/cvSBw=
30,11,hHURjS+hjxcZxwgOsOCM9rI3Jbg=,HM/e7sFmH85G9/aP6QT7P/cvSBw=
27,11,hHURjS+hjxcZxwgOsOCM9rI3Jbg=,HM/e7sFmH85G9/aP6QT7P/cvSBw=
26,11,hHURjS+hjxcZxwgOsOCM9rI3Jbg=,HM/e7sFmH85G9/aP6QT7P/cvSBw=
28,11,hHURjS+hjxcZxwgOsOCM9rI3Jbg=,HM/e7sFmH85G9/aP6QT7P/cvSBw=
25,11,hHURjS+hjxcZxwgOsOCM9rI3Jbg=,HM/e7sFmH85G9/aP6QT7P/cvSBw=
30,10,hHURjS+hjxcZxwgOsOCM9rI3Jbg=,HM/e7sFmH85G9/aP6QT7P/cvSBw=
29,10,hHURjS+hjxcZxwgOsOCM9rI3Jbg=,HM/e7sFmH85G9/aP6QT7P/cvSBw=
27,10,hHURjS+hjxcZxwgOsOCM9rI3Jbg=,HM/e7sFmH85G9/aP6QT7P/cvSBw=
28,10,hHURjS+hjxcZxwgOsOCM9rI3Jbg=,HM/e7sFmH85G9/aP6QT7P/cvSBw=
26,10,hHURjS+hjxcZxwgOsOCM9rI3Jbg=,HM/e7sFmH85G9/aP6QT7P/cvSBw=
28,9,hHURjS+hjxcZxwgOsOCM9rI3Jbg=,HM/e7sFmH85G9/aP6QT7P/cvSBw=
29,9,hHURjS+hjxcZxwgOsOCM9rI3Jbg=,HM/e7sFmH85G9/aP6QT7P/cvSBw=
27,9,hHURjS+hjxcZxwgOsOCM9rI3Jbg=,HM/e7sFmH85G9/aP6QT7P/cvSBw=
30,9,hHURjS+hjxcZxwgOsOCM9rI3Jbg=,HM/e7sFmH85G9/aP6QT7P/cvSBw=
25,10,hHURjS+hjxcZxwgOsOCM9rI3Jbg=,HM/e7sFmH85G9/aP6QT7P/cvSBw=
30,14,hHURjS+hjxcZxwgOsOCM9rI3Jbg=,HM/e7sFmH85G9/aP6QT7P/cvSBw=
26,9,hHURjS+hjxcZxwgOsOCM9rI3Jbg=,HM/e7sFmH85G9/aP6QT7P/cvSBw=
29,14,hHURjS+hjxcZxwgOsOCM9rI3Jbg=,HM/e7sFmH85G9/aP6QT7P/cvSBw=
28,14,hHURjS+hjxcZxwgOsOCM9rI3Jbg=,HM/e7sFmH85G9/aP6QT7P/cvSBw=
27,14,hHURjS+hjxcZxwgOsOCM9rI3Jbg=,HM/e7sFmH85G9/aP6QT7P/cvSBw=
25,9,hHURjS+hjxcZxwgOsOCM9rI3Jbg=,HM/e7sFmH85G9/aP6QT7P/cvSBw=
26,14,hHURjS+hjxcZxwgOsOCM9rI3Jbg=,HM/e7sFmH85G9/aP6QT7P/cvSBw=
25,14,hHURjS+hjxcZxwgOsOCM9rI3Jbg=,HM/e7sFmH85G9/aP6QT7P/cvSBw=
29,13,hHURjS+hjxcZxwgOsOCM9rI3Jbg=,HM/e7sFmH85G9/aP6QT7P/cvSBw=
30,13,hHURjS+hjxcZxwgOsOCM9rI3Jbg=,HM/e7sFmH85G9/aP6QT7P/cvSBw=
24,14,hHURjS+hjxcZxwgOsOCM9rI3Jbg=,HM/e7sFmH85G9/aP6QT7P/cvSBw=
23,14,hHURjS+hjxcZxwgOsOCM9rI3Jbg=,RHmsvp1yAMwEeXVsoZVs1B4CKkk=
24,13,hHURjS+hjxcZxwgOsOCM9rI3Jbg=,HM/e7sFmH85G9/aP6QT7P/cvSBw=
17,15,hHURjS+hjxcZxwgOsOCM9rI3Jbg=,RHmsvp1yAMwEeXVsoZVs1B4CKkk=
18,15,hHURjS+hjxcZxwgOsOCM9rI3Jbg=,RHmsvp1yAMwEeXVsoZVs1B4CKkk=
22,14,hHURjS+hjxcZxwgOsOCM9rI3Jbg=,RHmsvp1yAMwEeXVsoZVs1B4CKkk=
19,15,hHURjS+hjxcZxwgOsOCM9rI3Jbg=,RHmsvp1yAMwEeXVsoZVs1B4CKkk=
20,14,hHURjS+hjxcZxwgOsOCM9rI3Jbg=,RHmsvp1yAMwEeXVsoZVs1B4CKkk=
20,15,hHURjS+hjxcZxwgOsOCM9rI3Jbg=,RHmsvp1yAMwEeXVsoZVs1B4CKkk=
21,14,hHURjS+hjxcZxwgOsOCM9rI3Jbg=,RHmsvp1yAMwEeXVsoZVs1B4CKkk=
24,12,tvonrZzvOyXVPbNqZKGSVszO+q4=,HM/e7sFmH85G9/aP6QT7P/cvSBw=
18,14,tvonrZzvOyXVPbNqZKGSVszO+q4=,RHmsvp1yAMwEeXVsoZVs1B4CKkk=
19,14,tvonrZzvOyXVPbNqZKGSVszO+q4=,RHmsvp1yAMwEeXVsoZVs1B4CKkk=
16,9,tvonrZzvOyXVPbNqZKGSVszO+q4=,RHmsvp1yAMwEeXVsoZVs1B4CKkk=
17,14,tvonrZzvOyXVPbNqZKGSVszO+q4=,RHmsvp1yAMwEeXVsoZVs1B4CKkk=
23,13,tvonrZzvOyXVPbNqZKGSVszO+q4=,RHmsvp1yAMwEeXVsoZVs1B4CKkk=
16,14,tvonrZzvOyXVPbNqZKGSVszO+q4=,RHmsvp1yAMwEeXVsoZVs1B4CKkk=
21,13,tvonrZzvOyXVPbNqZKGSVszO+q4=,RHmsvp1yAMwEeXVsoZVs1B4CKkk=
22,13,tvonrZzvOyXVPbNqZKGSVszO+q4=,RHmsvp1yAMwEeXVsoZVs1B4CKkk=
17,9,tvonrZzvOyXVPbNqZKGSVszO+q4=,RHmsvp1yAMwEeXVsoZVs1B4CKkk=
20,13,tvonrZzvOyXVPbNqZKGSVszO+q4=,RHmsvp1yAMwEeXVsoZVs1B4CKkk=
24,11,tvonrZzvOyXVPbNqZKGSVszO+q4=,HM/e7sFmH85G9/aP6QT7P/cvSBw=
19,13,tvonrZzvOyXVPbNqZKGSVszO+q4=,RHmsvp1yAMwEeXVsoZVs1B4CKkk=
18,13,tvonrZzvOyXVPbNqZKGSVszO+q4=,RHmsvp1yAMwEeXVsoZVs1B4CKkk=
21,15,tvonrZzvOyXVPbNqZKGSVszO+q4=,RHmsvp1yAMwEeXVsoZVs1B4CKkk=
24,10,tvonrZzvOyXVPbNqZKGSVszO+q4=,HM/e7sFmH85G9/aP6QT7P/cvSBw=
17,13,tvonrZzvOyXVPbNqZKGSVszO+q4=,RHmsvp1yAMwEeXVsoZVs1B4CKkk=
22,15,tvonrZzvOyXVPbNqZKGSVszO+q4=,RHmsvp1yAMwEeXVsoZVs1B4CKkk=
16,13,tvonrZzvOyXVPbNqZKGSVszO+q4=,RHmsvp1yAMwEeXVsoZVs1B4CKkk=
23,12,tvonrZzvOyXVPbNqZKGSVszO+q4=,RHmsvp1yAMwEeXVsoZVs1B4CKkk=
18,9,tvonrZzvOyXVPbNqZKGSVszO+q4=,RHmsvp1yAMwEeXVsoZVs1B4CKkk=
19,12,tvonrZzvOyXVPbNqZKGSVszO+q4=,RHmsvp1yAMwEeXVsoZVs1B4CKkk=
21,12,tvonrZzvOyXVPbNqZKGSVszO+q4=,RHmsvp1yAMwEeXVsoZVs1B4CKkk=
20,12,tvonrZzvOyXVPbNqZKGSVszO+q4=,RHmsvp1yAMwEeXVsoZVs1B4CKkk=
18,12,tvonrZzvOyXVPbNqZKGSVszO+q4=,RHmsvp1yAMwEeXVsoZVs1B4CKkk=
22,12,tvonrZzvOyXVPbNqZKGSVszO+q4=,RHmsvp1yAMwEeXVsoZVs1B4CKkk=
17,12,tvonrZzvOyXVPbNqZKGSVszO+q4=,RHmsvp1yAMwEeXVsoZVs1B4CKkk=
19,9,tvonrZzvOyXVPbNqZKGSVszO+q4=,RHmsvp1yAMwEeXVsoZVs1B4CKkk=
23,11,tvonrZzvOyXVPbNqZKGSVszO+q4=,RHmsvp1yAMwEeXVsoZVs1B4CKkk=
22,11,tvonrZzvOyXVPbNqZKGSVszO+q4=,RHmsvp1yAMwEeXVsoZVs1B4CKkk=
20,9,tvonrZzvOyXVPbNqZKGSVszO+q4=,RHmsvp1yAMwEeXVsoZVs1B4CKkk=
21,11,tvonrZzvOyXVPbNqZKGSVszO+q4=,RHmsvp1yAMwEeXVsoZVs1B4CKkk=
19,11,tvonrZzvOyXVPbNqZKGSVszO+q4=,RHmsvp1yAMwEeXVsoZVs1B4CKkk=
20,11,tvonrZzvOyXVPbNqZKGSVszO+q4=,RHmsvp1yAMwEeXVsoZVs1B4CKkk=
21,9,tvonrZzvOyXVPbNqZKGSVszO+q4=,RHmsvp1yAMwEeXVsoZVs1B4CKkk=
22,9,tvonrZzvOyXVPbNqZKGSVszO+q4=,RHmsvp1yAMwEeXVsoZVs1B4CKkk=
18,11,tvonrZzvOyXVPbNqZKGSVszO+q4=,RHmsvp1yAMwEeXVsoZVs1B4CKkk=
16,11,tvonrZzvOyXVPbNqZKGSVszO+q4=,RHmsvp1yAMwEeXVsoZVs1B4CKkk=
16,12,tvonrZzvOyXVPbNqZKGSVszO+q4=,RHmsvp1yAMwEeXVsoZVs1B4CKkk=
22,10,tvonrZzvOyXVPbNqZKGSVszO+q4=,RHmsvp1yAMwEeXVsoZVs1B4CKkk=
17,11,tvonrZzvOyXVPbNqZKGSVszO+q4=,RHmsvp1yAMwEeXVsoZVs1B4CKkk=
23,10,tvonrZzvOyXVPbNqZKGSVszO+q4=,RHmsvp1yAMwEeXVsoZVs1B4CKkk=
21,10,tvonrZzvOyXVPbNqZKGSVszO+q4=,RHmsvp1yAMwEeXVsoZVs1B4CKkk=
20,10,tvonrZzvOyXVPbNqZKGSVszO+q4=,RHmsvp1yAMwEeXVsoZVs1B4CKkk=
19,10,tvonrZzvOyXVPbNqZKGSVszO+q4=,RHmsvp1yAMwEeXVsoZVs1B4CKkk=
16,10,tvonrZzvOyXVPbNqZKGSVszO+q4=,RHmsvp1yAMwEeXVsoZVs1B4CKkk=
23,9,tvonrZzvOyXVPbNqZKGSVszO+q4=,RHmsvp1yAMwEeXVsoZVs1B4CKkk=
17,10,tvonrZzvOyXVPbNqZKGSVszO+q4=,RHmsvp1yAMwEeXVsoZVs1B4CKkk=
24,9,tvonrZzvOyXVPbNqZKGSVszO+q4=,HM/e7sFmH85G9/aP6QT7P/cvSBw=
18,10,tvonrZzvOyXVPbNqZKGSVszO+q4=,RHmsvp1yAMwEeXVsoZVs1B4CKkk=
30,15,tvonrZzvOyXVPbNqZKGSVszO+q4=,HM/e7sFmH85G9/aP6QT7P/cvSBw=
29,15,tvonrZzvOyXVPbNqZKGSVszO+q4=,HM/e7sFmH85G9/aP6QT7P/cvSBw=
28,15,tvonrZzvOyXVPbNqZKGSVszO+q4=,HM/e7sFmH85G9/aP6QT7P/cvSBw=
27,15,tvonrZzvOyXVPbNqZKGSVszO+q4=,HM/e7sFmH85G9/aP6QT7P/cvSBw=
26,15,tvonrZzvOyXVPbNqZKGSVszO+q4=,HM/e7sFmH85G9/aP6QT7P/cvSBw=
24,15,tvonrZzvOyXVPbNqZKGSVszO+q4=,HM/e7sFmH85G9/aP6QT7P/cvSBw=
25,15,tvonrZzvOyXVPbNqZKGSVszO+q4=,HM/e7sFmH85G9/aP6QT7P/cvSBw=
23,15,tvonrZzvOyXVPbNqZKGSVszO+q4=,RHmsvp1yAMwEeXVsoZVs1B4CKkk=
31,13,tvonrZzvOyXVPbNqZKGSVszO+q4=,HM/e7sFmH85G9/aP6QT7P/cvSBw=
31,11,tvonrZzvOyXVPbNqZKGSVszO+q4=,HM/e7sFmH85G9/aP6QT7P/cvSBw=
16,15,tvonrZzvOyXVPbNqZKGSVszO+q4=,RHmsvp1yAMwEeXVsoZVs1B4CKkk=
31,12,tvonrZzvOyXVPbNqZKGSVszO+q4=,HM/e7sFmH85G9/aP6QT7P/cvSBw=
31,14,tvonrZzvOyXVPbNqZKGSVszO+q4=,HM/e7sFmH85G9/aP6QT7P/cvSBw=
31,15,tvonrZzvOyXVPbNqZKGSVszO+q4=,HM/e7sFmH85G9/aP6QT7P/cvSBw=
20,7,tvonrZzvOyXVPbNqZKGSVszO+q4=,c16YM6CwcTERerYdZVNUqFEXXkE=
21,6,tvonrZzvOyXVPbNqZKGSVszO+q4=,c16YM6CwcTERerYdZVNUqFEXXkE=
19,7,tvonrZzvOyXVPbNqZKGSVszO+q4=,c16YM6CwcTERerYdZVNUqFEXXkE=
19,3,tvonrZzvOyXVPbNqZKGSVszO+q4=,c16YM6CwcTERerYdZVNUqFEXXkE=
31,10,tvonrZzvOyXVPbNqZKGSVszO+q4=,HM/e7sFmH85G9/aP6QT7P/cvSBw=
31,9,tvonrZzvOyXVPbNqZKGSVszO+q4=,HM/e7sFmH85G9/aP6QT7P/cvSBw=
21,7,tvonrZzvOyXVPbNqZKGSVszO+q4=,c16YM6CwcTERerYdZVNUqFEXXkE=
18,7,tvonrZzvOyXVPbNqZKGSVszO+q4=,c16YM6CwcTERerYdZVNUqFEXXkE=
17,7,tvonrZzvOyXVPbNqZKGSVszO+q4=,c16YM6CwcTERerYdZVNUqFEXXkE=
16,7,tvonrZzvOyXVPbNqZKGSVszO+q4=,c16YM6CwcTERerYdZVNUqFEXXkE=
19,1,tvonrZzvOyXVPbNqZKGSVszO+q4=,c16YM6CwcTERerYdZVNUqFEXXkE=
18,3,tvonrZzvOyXVPbNqZKGSVszO+q4=,c16YM6CwcTERerYdZVNUqFEXXkE=
22,7,tvonrZzvOyXVPbNqZKGSVszO+q4=,c16YM6CwcTERerYdZVNUqFEXXkE=
17,3,tvonrZzvOyXVPbNqZKGSVszO+q4=,c16YM6CwcTERerYdZVNUqFEXXkE=
22,6,tvonrZzvOyXVPbNqZKGSVszO+q4=,c16YM6CwcTERerYdZVNUqFEXXkE=
28,3,tvonrZzvOyXVPbNqZKGSVszO+q4=,mUF/hlg8QeSsJiq4UkAZzPgS++M=
19,0,tvonrZzvOyXVPbNqZKGSVszO+q4=,c16YM6CwcTERerYdZVNUqFEXXkE=
16,3,tvonrZzvOyXVPbNqZKGSVszO+q4=,c16YM6CwcTERerYdZVNUqFEXXkE=
17,4,tvonrZzvOyXVPbNqZKGSVszO+q4=,c16YM6CwcTERerYdZVNUqFEXXkE=
18,1,tvonrZzvOyXVPbNqZKGSVszO+q4=,c16YM6CwcTERerYdZVNUqFEXXkE=
23,7,tvonrZzvOyXVPbNqZKGSVszO+q4=,c16YM6CwcTERerYdZVNUqFEXXkE=
16,8,tvonrZzvOyXVPbNqZKGSVszO+q4=,RHmsvp1yAMwEeXVsoZVs1B4CKkk=
16,0,tvonrZzvOyXVPbNqZKGSVszO+q4=,c16YM6CwcTERerYdZVNUqFEXXkE=
20,5,tvonrZzvOyXVPbNqZKGSVszO+q4=,c16YM6CwcTERerYdZVNUqFEXXkE=
17,1,tvonrZzvOyXVPbNqZKGSVszO+q4=,c16YM6CwcTERerYdZVNUqFEXXkE=
21,5,tvonrZzvOyXVPbNqZKGSVszO+q4=,c16YM6CwcTERerYdZVNUqFEXXkE=
27,3,tvonrZzvOyXVPbNqZKGSVszO+q4=,mUF/hlg8QeSsJiq4UkAZzPgS++M=
19,2,tvonrZzvOyXVPbNqZKGSVszO+q4=,c16YM6CwcTERerYdZVNUqFEXXkE=
29,3,tvonrZzvOyXVPbNqZKGSVszO+q4=,mUF/hlg8QeSsJiq4UkAZzPgS++M=
18,2,tvonrZzvOyXVPbNqZKGSVszO+q4=,c16YM6CwcTERerYdZVNUqFEXXkE=
17,8,tvonrZzvOyXVPbNqZKGSVszO+q4=,RHmsvp1yAMwEeXVsoZVs1B4CKkk=
16,2,tvonrZzvOyXVPbNqZKGSVszO+q4=,c16YM6CwcTERerYdZVNUqFEXXkE=
16,1,tvonrZzvOyXVPbNqZKGSVszO+q4=,c16YM6CwcTERerYdZVNUqFEXXkE=
19,5,tvonrZzvOyXVPbNqZKGSVszO+q4=,c16YM6CwcTERerYdZVNUqFEXXkE=
17,2,tvonrZzvOyXVPbNqZKGSVszO+q4=,c16YM6CwcTERerYdZVNUqFEXXkE=
30,3,tvonrZzvOyXVPbNqZKGSVszO+q4=,mUF/hlg8QeSsJiq4UkAZzPgS++M=
22,4,tvonrZzvOyXVPbNqZKGSVszO+q4=,c16YM6CwcTERerYdZVNUqFEXXkE=
22,1,tvonrZzvOyXVPbNqZKGSVszO+q4=,c16YM6CwcTERerYdZVNUqFEXXkE=
18,8,tvonrZzvOyXVPbNqZKGSVszO+q4=,RHmsvp1yAMwEeXVsoZVs1B4CKkk=
21,1,tvonrZzvOyXVPbNqZKGSVszO+q4=,c16YM6CwcTERerYdZVNUqFEXXkE=
18,5,tvonrZzvOyXVPbNqZKGSVszO+q4=,c16YM6CwcTERerYdZVNUqFEXXkE=
22,2,tvonrZzvOyXVPbNqZKGSVszO+q4=,c16YM6CwcTERerYdZVNUqFEXXkE=
26,3,tvonrZzvOyXVPbNqZKGSVszO+q4=,mUF/hlg8QeSsJiq4UkAZzPgS++M=
23,3,tvonrZzvOyXVPbNqZKGSVszO+q4=,c16YM6CwcTERerYdZVNUqFEXXkE=
22,0,tvonrZzvOyXVPbNqZKGSVszO+q4=,c16YM6CwcTERerYdZVNUqFEXXkE=
20,1,tvonrZzvOyXVPbNqZKGSVszO+q4=,c16YM6CwcTERerYdZVNUqFEXXkE=
21,4,tvonrZzvOyXVPbNqZKGSVszO+q4=,c16YM6CwcTERerYdZVNUqFEXXkE=
20,3,tvonrZzvOyXVPbNqZKGSVszO+q4=,c16YM6CwcTERerYdZVNUqFEXXkE=
16,4,tvonrZzvOyXVPbNqZKGSVszO+q4=,c16YM6CwcTERerYdZVNUqFEXXkE=
23,8,tvonrZzvOyXVPbNqZKGSVszO+q4=,RHmsvp1yAMwEeXVsoZVs1B4CKkk=
20,6,tvonrZzvOyXVPbNqZKGSVszO+q4=,c16YM6CwcTERerYdZVNUqFEXXkE=
19,6,tvonrZzvOyXVPbNqZKGSVszO+q4=,c16YM6CwcTERerYdZVNUqFEXXkE=
18,6,tvonrZzvOyXVPbNqZKGSVszO+q4=,c16YM6CwcTERerYdZVNUqFEXXkE=
31,3,tvonrZzvOyXVPbNqZKGSVszO+q4=,mUF/hlg8QeSsJiq4UkAZzPgS++M=
21,0,tvonrZzvOyXVPbNqZKGSVszO+q4=,c16YM6CwcTERerYdZVNUqFEXXkE=
17,6,tvonrZzvOyXVPbNqZKGSVszO+q4=,c16YM6CwcTERerYdZVNUqFEXXkE=
21,3,tvonrZzvOyXVPbNqZKGSVszO+q4=,c16YM6CwcTERerYdZVNUqFEXXkE=
16,6,tvonrZzvOyXVPbNqZKGSVszO+q4=,c16YM6CwcTERerYdZVNUqFEXXkE=
21,2,tvonrZzvOyXVPbNqZKGSVszO+q4=,c16YM6CwcTERerYdZVNUqFEXXkE=
24,4,tvonrZzvOyXVPbNqZKGSVszO+q4=,mUF/hlg8QeSsJiq4UkAZzPgS++M=
20,4,tvonrZzvOyXVPbNqZKGSVszO+q4=,c16YM6CwcTERerYdZVNUqFEXXkE=
22,5,tvonrZzvOyXVPbNqZKGSVszO+q4=,c16YM6CwcTERerYdZVNUqFEXXkE=
17,5,tvonrZzvOyXVPbNqZKGSVszO+q4=,c16YM6CwcTERerYdZVNUqFEXXkE=
19,4,tvonrZzvOyXVPbNqZKGSVszO+q4=,c16YM6CwcTERerYdZVNUqFEXXkE=
20,0,tvonrZzvOyXVPbNqZKGSVszO+q4=,c16YM6CwcTERerYdZVNUqFEXXkE=
19,8,tvonrZzvOyXVPbNqZKGSVszO+q4=,RHmsvp1yAMwEeXVsoZVs1B4CKkk=
20,2,tvonrZzvOyXVPbNqZKGSVszO+q4=,c16YM6CwcTERerYdZVNUqFEXXkE=
24,8,tvonrZzvOyXVPbNqZKGSVszO+q4=,HM/e7sFmH85G9/aP6QT7P/cvSBw=
16,5,tvonrZzvOyXVPbNqZKGSVszO+q4=,c16YM6CwcTERerYdZVNUqFEXXkE=
22,8,tvonrZzvOyXVPbNqZKGSVszO+q4=,RHmsvp1yAMwEeXVsoZVs1B4CKkk=
21,8,tvonrZzvOyXVPbNqZKGSVszO+q4=,RHmsvp1yAMwEeXVsoZVs1B4CKkk=
18,0,tvonrZzvOyXVPbNqZKGSVszO+q4=,c16YM6CwcTERerYdZVNUqFEXXkE=
22,3,tvonrZzvOyXVPbNqZKGSVszO+q4=,c16YM6CwcTERerYdZVNUqFEXXkE=
23,4,tvonrZzvOyXVPbNqZKGSVszO+q4=,c16YM6CwcTERerYdZVNUqFEXXkE=
18,4,tvonrZzvOyXVPbNqZKGSVszO+q4=,c16YM6CwcTERerYdZVNUqFEXXkE=
20,8,tvonrZzvOyXVPbNqZKGSVszO+q4=,RHmsvp1yAMwEeXVsoZVs1B4CKkk=
25,8,tvonrZzvOyXVPbNqZKGSVszO+q4=,HM/e7sFmH85G9/aP6QT7P/cvSBw=
23,6,tvonrZzvOyXVPbNqZKGSVszO+q4=,c16YM6CwcTERerYdZVNUqFEXXkE=
17,0,tvonrZzvOyXVPbNqZKGSVszO+q4=,c16YM6CwcTERerYdZVNUqFEXXkE=
29,7,tvonrZzvOyXVPbNqZKGSVszO+q4=,mUF/hlg8QeSsJiq4UkAZzPgS++M=
25,3,tvonrZzvOyXVPbNqZKGSVszO+q4=,mUF/hlg8QeSsJiq4UkAZzPgS++M=
31,2,tvonrZzvOyXVPbNqZKGSVszO+q4=,mUF/hlg8QeSsJiq4UkAZzPgS++M=
28,7,tvonrZzvOyXVPbNqZKGSVszO+q4=,mUF/hlg8QeSsJiq4UkAZzPgS++M=
24,3,tvonrZzvOyXVPbNqZKGSVszO+q4=,mUF/hlg8QeSsJiq4UkAZzPgS++M=
30,7,tvonrZzvOyXVPbNqZKGSVszO+q4=,mUF/hlg8QeSsJiq4UkAZzPgS++M=
26,8,tvonrZzvOyXVPbNqZKGSVszO+q4=,HM/e7sFmH85G9/aP6QT7P/cvSBw=
28,2,tvonrZzvOyXVPbNqZKGSVszO+q4=,mUF/hlg8QeSsJiq4UkAZzPgS++M=
27,7,tvonrZzvOyXVPbNqZKGSVszO+q4=,mUF/hlg8QeSsJiq4UkAZzPgS++M=
29,2,tvonrZzvOyXVPbNqZKGSVszO+q4=,mUF/hlg8QeSsJiq4UkAZzPgS++M=
30,2,tvonrZzvOyXVPbNqZKGSVszO+q4=,mUF/hlg8QeSsJiq4UkAZzPgS++M=
25,4,tvonrZzvOyXVPbNqZKGSVszO+q4=,mUF/hlg8QeSsJiq4UkAZzPgS++M=
26,7,tvonrZzvOyXVPbNqZKGSVszO+q4=,mUF/hlg8QeSsJiq4UkAZzPgS++M=
27,2,tvonrZzvOyXVPbNqZKGSVszO+q4=,mUF/hlg8QeSsJiq4UkAZzPgS++M=
25,7,tvonrZzvOyXVPbNqZKGSVszO+q4=,mUF/hlg8QeSsJiq4UkAZzPgS++M=
26,2,tvonrZzvOyXVPbNqZKGSVszO+q4=,mUF/hlg8QeSsJiq4UkAZzPgS++M=
24,7,tvonrZzvOyXVPbNqZKGSVszO+q4=,mUF/hlg8QeSsJiq4UkAZzPgS++M=
31,6,tvonrZzvOyXVPbNqZKGSVszO+q4=,mUF/hlg8QeSsJiq4UkAZzPgS++M=
30,6,tvonrZzvOyXVPbNqZKGSVszO+q4=,mUF/hlg8QeSsJiq4UkAZzPgS++M=
25,2,tvonrZzvOyXVPbNqZKGSVszO+q4=,mUF/hlg8QeSsJiq4UkAZzPgS++M=
26,4,tvonrZzvOyXVPbNqZKGSVszO+q4=,mUF/hlg8QeSsJiq4UkAZzPgS++M=
27,6,tvonrZzvOyXVPbNqZKGSVszO+q4=,mUF/hlg8QeSsJiq4UkAZzPgS++M=
28,6,tvonrZzvOyXVPbNqZKGSVszO+q4=,mUF/hlg8QeSsJiq4UkAZzPgS++M=
29,6,tvonrZzvOyXVPbNqZKGSVszO+q4=,mUF/hlg8QeSsJiq4UkAZzPgS++M=
24,2,tvonrZzvOyXVPbNqZKGSVszO+q4=,mUF/hlg8QeSsJiq4UkAZzPgS++M=
31,1,tvonrZzvOyXVPbNqZKGSVszO+q4=,mUF/hlg8QeSsJiq4UkAZzPgS++M=
27,8,tvonrZzvOyXVPbNqZKGSVszO+q4=,HM/e7sFmH85G9/aP6QT7P/cvSBw=
28,8,tvonrZzvOyXVPbNqZKGSVszO+q4=,HM/e7sFmH85G9/aP6QT7P/cvSBw=
26,6,tvonrZzvOyXVPbNqZKGSVszO+q4=,mUF/hlg8QeSsJiq4UkAZzPgS++M=
30,1,tvonrZzvOyXVPbNqZKGSVszO+q4=,mUF/hlg8QeSsJiq4UkAZzPgS++M=
29,1,tvonrZzvOyXVPbNqZKGSVszO+q4=,mUF/hlg8QeSsJiq4UkAZzPgS++M=
28,1,tvonrZzvOyXVPbNqZKGSVszO+q4=,mUF/hlg8QeSsJiq4UkAZzPgS++M=
24,6,tvonrZzvOyXVPbNqZKGSVszO+q4=,mUF/hlg8QeSsJiq4UkAZzPgS++M=
30,5,tvonrZzvOyXVPbNqZKGSVszO+q4=,mUF/hlg8QeSsJiq4UkAZzPgS++M=
25,6,tvonrZzvOyXVPbNqZKGSVszO+q4=,mUF/hlg8QeSsJiq4UkAZzPgS++M=
31,5,tvonrZzvOyXVPbNqZKGSVszO+q4=,mUF/hlg8QeSsJiq4UkAZzPgS++M=
27,4,tvonrZzvOyXVPbNqZKGSVszO+q4=,mUF/hlg8QeSsJiq4UkAZzPgS++M=
29,8,tvonrZzvOyXVPbNqZKGSVszO+q4=,HM/e7sFmH85G9/aP6QT7P/cvSBw=
29,5,tvonrZzvOyXVPbNqZKGSVszO+q4=,mUF/hlg8QeSsJiq4UkAZzPgS++M=
28,5,tvonrZzvOyXVPbNqZKGSVszO+q4=,mUF/hlg8QeSsJiq4UkAZzPgS++M=
27,1,tvonrZzvOyXVPbNqZKGSVszO+q4=,mUF/hlg8QeSsJiq4UkAZzPgS++M=
23,2,tvonrZzvOyXVPbNqZKGSVszO+q4=,c16YM6CwcTERerYdZVNUqFEXXkE=
26,1,tvonrZzvOyXVPbNqZKGSVszO+q4=,mUF/hlg8QeSsJiq4UkAZzPgS++M=
31,0,tvonrZzvOyXVPbNqZKGSVszO+q4=,mUF/hlg8QeSsJiq4UkAZzPgS++M=
24,1,tvonrZzvOyXVPbNqZKGSVszO+q4=,mUF/hlg8QeSsJiq4UkAZzPgS++M=
27,5,tvonrZzvOyXVPbNqZKGSVszO+q4=,mUF/hlg8QeSsJiq4UkAZzPgS++M=
30,8,tvonrZzvOyXVPbNqZKGSVszO+q4=,HM/e7sFmH85G9/aP6QT7P/cvSBw=
25,1,tvonrZzvOyXVPbNqZKGSVszO+q4=,mUF/hlg8QeSsJiq4UkAZzPgS++M=
30,0,tvonrZzvOyXVPbNqZKGSVszO+q4=,mUF/hlg8QeSsJiq4UkAZzPgS++M=
28,0,tvonrZzvOyXVPbNqZKGSVszO+q4=,mUF/hlg8QeSsJiq4UkAZzPgS++M=
29,0,tvonrZzvOyXVPbNqZKGSVszO+q4=,mUF/hlg8QeSsJiq4UkAZzPgS++M=
23,5,tvonrZzvOyXVPbNqZKGSVszO+q4=,c16YM6CwcTERerYdZVNUqFEXXkE=
27,0,tvonrZzvOyXVPbNqZKGSVszO+q4=,mUF/hlg8QeSsJiq4UkAZzPgS++M=
26,0,tvonrZzvOyXVPbNqZKGSVszO+q4=,mUF/hlg8QeSsJiq4UkAZzPgS++M=
23,0,tvonrZzvOyXVPbNqZKGSVszO+q4=,c16YM6CwcTERerYdZVNUqFEXXkE=
24,0,tvonrZzvOyXVPbNqZKGSVszO+q4=,mUF/hlg8QeSsJiq4UkAZzPgS++M=
25,0,tvonrZzvOyXVPbNqZKGSVszO+q4=,mUF/hlg8QeSsJiq4UkAZzPgS++M=
23,1,tvonrZzvOyXVPbNqZKGSVszO+q4=,c16YM6CwcTERerYdZVNUqFEXXkE=
26,5,tvonrZzvOyXVPbNqZKGSVszO+q4=,mUF/hlg8QeSsJiq4UkAZzPgS++M=
31,4,tvonrZzvOyXVPbNqZKGSVszO+q4=,mUF/hlg8QeSsJiq4UkAZzPgS++M=
24,5,tvonrZzvOyXVPbNqZKGSVszO+q4=,mUF/hlg8QeSsJiq4UkAZzPgS++M=
31,8,tvonrZzvOyXVPbNqZKGSVszO+q4=,HM/e7sFmH85G9/aP6QT7P/cvSBw=
25,5,tvonrZzvOyXVPbNqZKGSVszO+q4=,mUF/hlg8QeSsJiq4UkAZzPgS++M=
30,4,tvonrZzvOyXVPbNqZKGSVszO+q4=,mUF/hlg8QeSsJiq4UkAZzPgS++M=
31,7,tvonrZzvOyXVPbNqZKGSVszO+q4=,mUF/hlg8QeSsJiq4UkAZzPgS++M=
28,4,tvonrZzvOyXVPbNqZKGSVszO+q4=,mUF/hlg8QeSsJiq4UkAZzPgS++M=
29,4,tvonrZzvOyXVPbNqZKGSVszO+q4=,mUF/hlg8QeSsJiq4UkAZzPgS++M=
