52,-43,2wEyRErSkE2lMFGZP4hMyBQduV8=,X3wO4p2gl/nU3rlCWSPyqtbZPUk=
51,-43,2wEyRErSkE2lMFGZP4hMyBQduV8=,X3wO4p2gl/nU3rlCWSPyqtbZPUk=
54,-44,2wEyRErSkE2lMFGZP4hMyBQduV8=,X3wO4p2gl/nU3rlCWSPyqtbZPUk=
53,-44,2wEyRErSkE2lMFGZP4hMyBQduV8=,X3wO4p2gl/nU3rlCWSPyqtbZPUk=
52,-44,2wEyRErSkE2lMFGZP4hMyBQduV8=,X3wO4p2gl/nU3rlCWSPyqtbZPUk=
53,-45,2wEyRErSkE2lMFGZP4hMyBQduV8=,X3wO4p2gl/nU3rlCWSPyqtbZPUk=
52,-45,2wEyRErSkE2lMFGZP4hMyBQduV8=,X3wO4p2gl/nU3rlCWSPyqtbZPUk=
51,-44,2wEyRErSkE2lMFGZP4hMyBQduV8=,X3wO4p2gl/nU3rlCWSPyqtbZPUk=
54,-45,2wEyRErSkE2lMFGZP4hMyBQduV8=,X3wO4p2gl/nU3rlCWSPyqtbZPUk=
51,-45,2wEyRErSkE2lMFGZP4hMyBQduV8=,X3wO4p2gl/nU3rlCWSPyqtbZPUk=
49,-45,2wEyRErSkE2lMFGZP4hMyBQduV8=,X3wO4p2gl/nU3rlCWSPyqtbZPUk=
54,-46,2wEyRErSkE2lMFGZP4hMyBQduV8=,X3wO4p2gl/nU3rlCWSPyqtbZPUk=
50,-45,2wEyRErSkE2lMFGZP4hMyBQduV8=,X3wO4p2gl/nU3rlCWSPyqtbZPUk=
52,-46,2wEyRErSkE2lMFGZP4hMyBQduV8=,X3wO4p2gl/nU3rlCWSPyqtbZPUk=
53,-46,2wEyRErSkE2lMFGZP4hMyBQduV8=,X3wO4p2gl/nU3rlCWSPyqtbZPUk=
51,-46,2wEyRErSkE2lMFGZP4hMyBQduV8=,X3wO4p2gl/nU3rlCWSPyqtbZPUk=
50,-46,2wEyRErSkE2lMFGZP4hMyBQduV8=,X3wO4p2gl/nU3rlCWSPyqtbZPUk=
54,-47,2wEyRErSkE2lMFGZP4hMyBQduV8=,X3wO4p2gl/nU3rlCWSPyqtbZPUk=
49,-46,2wEyRErSkE2lMFGZP4hMyBQduV8=,X3wO4p2gl/nU3rlCWSPyqtbZPUk=
53,-47,2wEyRErSkE2lMFGZP4hMyBQduV8=,X3wO4p2gl/nU3rlCWSPyqtbZPUk=
52,-47,2wEyRErSkE2lMFGZP4hMyBQduV8=,X3wO4p2gl/nU3rlCWSPyqtbZPUk=
51,-47,2wEyRErSkE2lMFGZP4hMyBQduV8=,X3wO4p2gl/nU3rlCWSPyqtbZPUk=
49,-47,2wEyRErSkE2lMFGZP4hMyBQduV8=,X3wO4p2gl/nU3rlCWSPyqtbZPUk=
54,-42,2wEyRErSkE2lMFGZP4hMyBQduV8=,X3wO4p2gl/nU3rlCWSPyqtbZPUk=
50,-47,2wEyRErSkE2lMFGZP4hMyBQduV8=,X3wO4p2gl/nU3rlCWSPyqtbZPUk=
53,-42,2wEyRErSkE2lMFGZP4hMyBQduV8=,X3wO4p2gl/nU3rlCWSPyqtbZPUk=
52,-42,2wEyRErSkE2lMFGZP4hMyBQduV8=,X3wO4p2gl/nU3rlCWSPyqtbZPUk=
50,-44,2wEyRErSkE2lMFGZP4hMyBQduV8=,X3wO4p2gl/nU3rlCWSPyqtbZPUk=
50,-43,2wEyRErSkE2lMFGZP4hMyBQduV8=,X3wO4p2gl/nU3rlCWSPyqtbZPUk=
49,-44,2wEyRErSkE2lMFGZP4hMyBQduV8=,X3wO4p2gl/nU3rlCWSPyqtbZPUk=
51,-42,2wEyRErSkE2lMFGZP4hMyBQduV8=,X3wO4p2gl/nU3rlCWSPyqtbZPUk=
54,-43,2wEyRErSkE2lMFGZP4hMyBQduV8=,X3wO4p2gl/nU3rlCWSPyqtbZPUk=
53,-43,2wEyRErSkE2lMFGZP4hMyBQduV8=,X3wO4p2gl/nU3rlCWSPyqtbZPUk=
49,-43,2wEyRErSkE2lMFGZP4hMyBQduV8=,X3wO4p2gl/nU3rlCWSPyqtbZPUk=
50,-42,2wEyRErSkE2lMFGZP4hMyBQduV8=,X3wO4p2gl/nU3rlCWSPyqtbZPUk=
49,-42,2wEyRErSkE2lMFGZP4hMyBQduV8=,X3wO4p2gl/nU3rlCWSPyqtbZPUk=
57,-37,2wEyRErSkE2lMFGZP4hMyBQduV8=,Os0QHq02Nb/enA0tzxoa/UEhcNg=
60,-36,2wEyRErSkE2lMFGZP4hMyBQduV8=,Os0QHq02Nb/enA0tzxoa/UEhcNg=
59,-36,2wEyRErSkE2lMFGZP4hMyBQduV8=,Os0QHq02Nb/enA0tzxoa/UEhcNg=
60,-34,2wEyRErSkE2lMFGZP4hMyBQduV8=,Os0QHq02Nb/enA0tzxoa/UEhcNg=
60,-41,2wEyRErSkE2lMFGZP4hMyBQduV8=,EJJ+HeF5rYuCXsuanNZRoESKpoo=
59,-41,2wEyRErSkE2lMFGZP4hMyBQduV8=,EJJ+HeF5rYuCXsuanNZRoESKpoo=
55,-44,2wEyRErSkE2lMFGZP4hMyBQduV8=,X3wO4p2gl/nU3rlCWSPyqtbZPUk=
55,-45,2wEyRErSkE2lMFGZP4hMyBQduV8=,X3wO4p2gl/nU3rlCWSPyqtbZPUk=
58,-41,2wEyRErSkE2lMFGZP4hMyBQduV8=,EJJ+HeF5rYuCXsuanNZRoESKpoo=
57,-41,2wEyRErSkE2lMFGZP4hMyBQduV8=,EJJ+HeF5rYuCXsuanNZRoESKpoo=
62,-35,2wEyRErSkE2lMFGZP4hMyBQduV8=,Os0QHq02Nb/enA0tzxoa/UEhcNg=
58,-38,2wEyRErSkE2lMFGZP4hMyBQduV8=,Os0QHq02Nb/enA0tzxoa/UEhcNg=
60,-39,2wEyRErSkE2lMFGZP4hMyBQduV8=,Os0QHq02Nb/enA0tzxoa/UEhcNg=
60,-42,2wEyRErSkE2lMFGZP4hMyBQduV8=,EJJ+HeF5rYuCXsuanNZRoESKpoo=
58,-36,2wEyRErSkE2lMFGZP4hMyBQduV8=,Os0QHq02Nb/enA0tzxoa/UEhcNg=
62,-36,2wEyRErSkE2lMFGZP4hMyBQduV8=,Os0QHq02Nb/enA0tzxoa/UEhcNg=
59,-42,2wEyRErSkE2lMFGZP4hMyBQduV8=,EJJ+HeF5rYuCXsuanNZRoESKpoo=
61,-34,2wEyRErSkE2lMFGZP4hMyBQduV8=,Os0QHq02Nb/enA0tzxoa/UEhcNg=
58,-40,2wEyRErSkE2lMFGZP4hMyBQduV8=,Os0QHq02Nb/enA0tzxoa/UEhcNg=
62,-37,2wEyRErSkE2lMFGZP4hMyBQduV8=,Os0QHq02Nb/enA0tzxoa/UEhcNg=
58,-42,2wEyRErSkE2lMFGZP4hMyBQduV8=,EJJ+HeF5rYuCXsuanNZRoESKpoo=
57,-36,2wEyRErSkE2lMFGZP4hMyBQduV8=,Os0QHq02Nb/enA0tzxoa/UEhcNg=
57,-42,2wEyRErSkE2lMFGZP4hMyBQduV8=,EJJ+HeF5rYuCXsuanNZRoESKpoo=
56,-42,2wEyRErSkE2lMFGZP4hMyBQduV8=,EJJ+HeF5rYuCXsuanNZRoESKpoo=
61,-36,2wEyRErSkE2lMFGZP4hMyBQduV8=,Os0QHq02Nb/enA0tzxoa/UEhcNg=
60,-43,2wEyRErSkE2lMFGZP4hMyBQduV8=,EJJ+HeF5rYuCXsuanNZRoESKpoo=
59,-34,2wEyRErSkE2lMFGZP4hMyBQduV8=,Os0QHq02Nb/enA0tzxoa/UEhcNg=
59,-43,2wEyRErSkE2lMFGZP4hMyBQduV8=,EJJ+HeF5rYuCXsuanNZRoESKpoo=
61,-41,2wEyRErSkE2lMFGZP4hMyBQduV8=,EJJ+HeF5rYuCXsuanNZRoESKpoo=
58,-43,2wEyRErSkE2lMFGZP4hMyBQduV8=,EJJ+HeF5rYuCXsuanNZRoESKpoo=
55,-43,2wEyRErSkE2lMFGZP4hMyBQduV8=,X3wO4p2gl/nU3rlCWSPyqtbZPUk=
57,-43,2wEyRErSkE2lMFGZP4hMyBQduV8=,EJJ+HeF5rYuCXsuanNZRoESKpoo=
55,-46,2wEyRErSkE2lMFGZP4hMyBQduV8=,X3wO4p2gl/nU3rlCWSPyqtbZPUk=
56,-43,2wEyRErSkE2lMFGZP4hMyBQduV8=,EJJ+HeF5rYuCXsuanNZRoESKpoo=
62,-34,2wEyRErSkE2lMFGZP4hMyBQduV8=,Os0QHq02Nb/enA0tzxoa/UEhcNg=
59,-39,2wEyRErSkE2lMFGZP4hMyBQduV8=,Os0QHq02Nb/enA0tzxoa/UEhcNg=
58,-39,2wEyRErSkE2lMFGZP4hMyBQduV8=,Os0QHq02Nb/enA0tzxoa/UEhcNg=
62,-42,2wEyRErSkE2lMFGZP4hMyBQduV8=,EJJ+HeF5rYuCXsuanNZRoESKpoo=
60,-44,2wEyRErSkE2lMFGZP4hMyBQduV8=,EJJ+HeF5rYuCXsuanNZRoESKpoo=
61,-42,2wEyRErSkE2lMFGZP4hMyBQduV8=,EJJ+HeF5rYuCXsuanNZRoESKpoo=
57,-39,2wEyRErSkE2lMFGZP4hMyBQduV8=,Os0QHq02Nb/enA0tzxoa/UEhcNg=
60,-37,2wEyRErSkE2lMFGZP4hMyBQduV8=,Os0QHq02Nb/enA0tzxoa/UEhcNg=
62,-43,2wEyRErSkE2lMFGZP4hMyBQduV8=,EJJ+HeF5rYuCXsuanNZRoESKpoo=
59,-44,2wEyRErSkE2lMFGZP4hMyBQduV8=,EJJ+HeF5rYuCXsuanNZRoESKpoo=
57,-44,2wEyRErSkE2lMFGZP4hMyBQduV8=,EJJ+HeF5rYuCXsuanNZRoESKpoo=
58,-44,2wEyRErSkE2lMFGZP4hMyBQduV8=,EJJ+HeF5rYuCXsuanNZRoESKpoo=
56,-44,2wEyRErSkE2lMFGZP4hMyBQduV8=,EJJ+HeF5rYuCXsuanNZRoESKpoo=
55,-47,2wEyRErSkE2lMFGZP4hMyBQduV8=,X3wO4p2gl/nU3rlCWSPyqtbZPUk=
59,-37,2wEyRErSkE2lMFGZP4hMyBQduV8=,Os0QHq02Nb/enA0tzxoa/UEhcNg=
59,-40,2wEyRErSkE2lMFGZP4hMyBQduV8=,Os0QHq02Nb/enA0tzxoa/UEhcNg=
61,-43,2wEyRErSkE2lMFGZP4hMyBQduV8=,EJJ+HeF5rYuCXsuanNZRoESKpoo=
60,-45,2wEyRErSkE2lMFGZP4hMyBQduV8=,EJJ+HeF5rYuCXsuanNZRoESKpoo=
62,-44,2wEyRErSkE2lMFGZP4hMyBQduV8=,EJJ+HeF5rYuCXsuanNZRoESKpoo=
61,-37,2wEyRErSkE2lMFGZP4hMyBQduV8=,Os0QHq02Nb/enA0tzxoa/UEhcNg=
61,-44,2wEyRErSkE2lMFGZP4hMyBQduV8=,EJJ+HeF5rYuCXsuanNZRoESKpoo=
59,-45,2wEyRErSkE2lMFGZP4hMyBQduV8=,EJJ+HeF5rYuCXsuanNZRoESKpoo=
58,-45,2wEyRErSkE2lMFGZP4hMyBQduV8=,EJJ+HeF5rYuCXsuanNZRoESKpoo=
60,-35,2wEyRErSkE2lMFGZP4hMyBQduV8=,Os0QHq02Nb/enA0tzxoa/UEhcNg=
57,-45,2wEyRErSkE2lMFGZP4hMyBQduV8=,EJJ+HeF5rYuCXsuanNZRoESKpoo=
58,-34,2wEyRErSkE2lMFGZP4hMyBQduV8=,Os0QHq02Nb/enA0tzxoa/UEhcNg=
56,-45,2wEyRErSkE2lMFGZP4hMyBQduV8=,EJJ+HeF5rYuCXsuanNZRoESKpoo=
57,-40,2wEyRErSkE2lMFGZP4hMyBQduV8=,Os0QHq02Nb/enA0tzxoa/UEhcNg=
59,-35,2wEyRErSkE2lMFGZP4hMyBQduV8=,Os0QHq02Nb/enA0tzxoa/UEhcNg=
62,-45,2wEyRErSkE2lMFGZP4hMyBQduV8=,EJJ+HeF5rYuCXsuanNZRoESKpoo=
62,-41,2wEyRErSkE2lMFGZP4hMyBQduV8=,EJJ+HeF5rYuCXsuanNZRoESKpoo=
55,-42,2wEyRErSkE2lMFGZP4hMyBQduV8=,X3wO4p2gl/nU3rlCWSPyqtbZPUk=
56,-47,2wEyRErSkE2lMFGZP4hMyBQduV8=,EJJ+HeF5rYuCXsuanNZRoESKpoo=
57,-47,2wEyRErSkE2lMFGZP4hMyBQduV8=,EJJ+HeF5rYuCXsuanNZRoESKpoo=
58,-47,2wEyRErSkE2lMFGZP4hMyBQduV8=,EJJ+HeF5rYuCXsuanNZRoESKpoo=
59,-47,2wEyRErSkE2lMFGZP4hMyBQduV8=,EJJ+HeF5rYuCXsuanNZRoESKpoo=
60,-47,2wEyRErSkE2lMFGZP4hMyBQduV8=,EJJ+HeF5rYuCXsuanNZRoESKpoo=
61,-39,2wEyRErSkE2lMFGZP4hMyBQduV8=,Os0QHq02Nb/enA0tzxoa/UEhcNg=
59,-38,2wEyRErSkE2lMFGZP4hMyBQduV8=,Os0QHq02Nb/enA0tzxoa/UEhcNg=
62,-38,2wEyRErSkE2lMFGZP4hMyBQduV8=,Os0QHq02Nb/enA0tzxoa/UEhcNg=
61,-45,2wEyRErSkE2lMFGZP4hMyBQduV8=,EJJ+HeF5rYuCXsuanNZRoESKpoo=
62,-40,2wEyRErSkE2lMFGZP4hMyBQduV8=,Os0QHq02Nb/enA0tzxoa/UEhcNg=
60,-46,2wEyRErSkE2lMFGZP4hMyBQduV8=,EJJ+HeF5rYuCXsuanNZRoESKpoo=
58,-35,2wEyRErSkE2lMFGZP4hMyBQduV8=,Os0QHq02Nb/enA0tzxoa/UEhcNg=
59,-46,2wEyRErSkE2lMFGZP4hMyBQduV8=,EJJ+HeF5rYuCXsuanNZRoESKpoo=
58,-46,2wEyRErSkE2lMFGZP4hMyBQduV8=,EJJ+HeF5rYuCXsuanNZRoESKpoo=
57,-46,2wEyRErSkE2lMFGZP4hMyBQduV8=,EJJ+HeF5rYuCXsuanNZRoESKpoo=
61,-35,2wEyRErSkE2lMFGZP4hMyBQduV8=,Os0QHq02Nb/enA0tzxoa/UEhcNg=
56,-46,2wEyRErSkE2lMFGZP4hMyBQduV8=,EJJ+HeF5rYuCXsuanNZRoESKpoo=
60,-40,2wEyRErSkE2lMFGZP4hMyBQduV8=,Os0QHq02Nb/enA0tzxoa/UEhcNg=
57,-35,2wEyRErSkE2lMFGZP4hMyBQduV8=,Os0QHq02Nb/enA0tzxoa/UEhcNg=
60,-38,2wEyRErSkE2lMFGZP4hMyBQduV8=,Os0QHq02Nb/enA0tzxoa/UEhcNg=
57,-38,2wEyRErSkE2lMFGZP4hMyBQduV8=,Os0QHq02Nb/enA0tzxoa/UEhcNg=
58,-37,2wEyRErSkE2lMFGZP4hMyBQduV8=,Os0QHq02Nb/enA0tzxoa/UEhcNg=
61,-40,2wEyRErSkE2lMFGZP4hMyBQduV8=,Os0QHq02Nb/enA0tzxoa/UEhcNg=
57,-34,2wEyRErSkE2lMFGZP4hMyBQduV8=,Os0QHq02Nb/enA0tzxoa/UEhcNg=
62,-46,2wEyRErSkE2lMFGZP4hMyBQduV8=,EJJ+HeF5rYuCXsuanNZRoESKpoo=
62,-39,2wEyRErSkE2lMFGZP4hMyBQduV8=,Os0QHq02Nb/enA0tzxoa/UEhcNg=
61,-47,2wEyRErSkE2lMFGZP4hMyBQduV8=,EJJ+HeF5rYuCXsuanNZRoESKpoo=
62,-47,2wEyRErSkE2lMFGZP4hMyBQduV8=,EJJ+HeF5rYuCXsuanNZRoESKpoo=
61,-38,2wEyRErSkE2lMFGZP4hMyBQduV8=,Os0QHq02Nb/enA0tzxoa/UEhcNg=
50,-37,2wEyRErSkE2lMFGZP4hMyBQduV8=,Riu60GIW9dnoV3G+5Cu2w0tmST4=
51,-37,2wEyRErSkE2lMFGZP4hMyBQduV8=,Riu60GIW9dnoV3G+5Cu2w0tmST4=
55,-38,2wEyRErSkE2lMFGZP4hMyBQduV8=,Riu60GIW9dnoV3G+5Cu2w0tmST4=
49,-37,2wEyRErSkE2lMFGZP4hMyBQduV8=,Riu60GIW9dnoV3G+5Cu2w0tmST4=
52,-37,2wEyRErSkE2lMFGZP4hMyBQduV8=,Riu60GIW9dnoV3G+5Cu2w0tmST4=
53,-38,2wEyRErSkE2lMFGZP4hMyBQduV8=,Riu60GIW9dnoV3G+5Cu2w0tmST4=
52,-38,2wEyRErSkE2lMFGZP4hMyBQduV8=,Riu60GIW9dnoV3G+5Cu2w0tmST4=
54,-38,2wEyRErSkE2lMFGZP4hMyBQduV8=,Riu60GIW9dnoV3G+5Cu2w0tmST4=
53,-37,2wEyRErSkE2lMFGZP4hMyBQduV8=,Riu60GIW9dnoV3G+5Cu2w0tmST4=
55,-39,2wEyRErSkE2lMFGZP4hMyBQduV8=,Riu60GIW9dnoV3G+5Cu2w0tmST4=
51,-38,2wEyRErSkE2lMFGZP4hMyBQduV8=,Riu60GIW9dnoV3G+5Cu2w0tmST4=
56,-40,2wEyRErSkE2lMFGZP4hMyBQduV8=,Os0QHq02Nb/enA0tzxoa/UEhcNg=
56,-41,2wEyRErSkE2lMFGZP4hMyBQduV8=,EJJ+HeF5rYuCXsuanNZRoESKpoo=
54,-37,2wEyRErSkE2lMFGZP4hMyBQduV8=,Riu60GIW9dnoV3G+5Cu2w0tmST4=
54,-39,2wEyRErSkE2lMFGZP4hMyBQduV8=,Riu60GIW9dnoV3G+5Cu2w0tmST4=
53,-39,2wEyRErSkE2lMFGZP4hMyBQduV8=,Riu60GIW9dnoV3G+5Cu2w0tmST4=
56,-37,2wEyRErSkE2lMFGZP4hMyBQduV8=,Os0QHq02Nb/enA0tzxoa/UEhcNg=
52,-39,2wEyRErSkE2lMFGZP4hMyBQduV8=,Riu60GIW9dnoV3G+5Cu2w0tmST4=
55,-34,2wEyRErSkE2lMFGZP4hMyBQduV8=,Riu60GIW9dnoV3G+5Cu2w0tmST4=
54,-34,2wEyRErSkE2lMFGZP4hMyBQduV8=,Riu60GIW9dnoV3G+5Cu2w0tmST4=
51,-39,2wEyRErSkE2lMFGZP4hMyBQduV8=,Riu60GIW9dnoV3G+5Cu2w0tmST4=
53,-34,2wEyRErSkE2lMFGZP4hMyBQduV8=,Riu60GIW9dnoV3G+5Cu2w0tmST4=
52,-34,2wEyRErSkE2lMFGZP4hMyBQduV8=,Riu60GIW9dnoV3G+5Cu2w0tmST4=
51,-34,2wEyRErSkE2lMFGZP4hMyBQduV8=,Riu60GIW9dnoV3G+5Cu2w0tmST4=
50,-34,2wEyRErSkE2lMFGZP4hMyBQduV8=,Riu60GIW9dnoV3G+5Cu2w0tmST4=
61,-46,2wEyRErSkE2lMFGZP4hMyBQduV8=,EJJ+HeF5rYuCXsuanNZRoESKpoo=
55,-35,2wEyRErSkE2lMFGZP4hMyBQduV8=,Riu60GIW9dnoV3G+5Cu2w0tmST4=
54,-35,2wEyRErSkE2lMFGZP4hMyBQduV8=,Riu60GIW9dnoV3G+5Cu2w0tmST4=
53,-35,2wEyRErSkE2lMFGZP4hMyBQduV8=,Riu60GIW9dnoV3G+5Cu2w0tmST4=
52,-35,2wEyRErSkE2lMFGZP4hMyBQduV8=,Riu60GIW9dnoV3G+5Cu2w0tmST4=
51,-35,2wEyRErSkE2lMFGZP4hMyBQduV8=,Riu60GIW9dnoV3G+5Cu2w0tmST4=
50,-35,2wEyRErSkE2lMFGZP4hMyBQduV8=,Riu60GIW9dnoV3G+5Cu2w0tmST4=
50,-38,2wEyRErSkE2lMFGZP4hMyBQduV8=,Riu60GIW9dnoV3G+5Cu2w0tmST4=
55,-40,2wEyRErSkE2lMFGZP4hMyBQduV8=,Riu60GIW9dnoV3G+5Cu2w0tmST4=
56,-39,2wEyRErSkE2lMFGZP4hMyBQduV8=,Os0QHq02Nb/enA0tzxoa/UEhcNg=
55,-36,2wEyRErSkE2lMFGZP4hMyBQduV8=,Riu60GIW9dnoV3G+5Cu2w0tmST4=
54,-40,2wEyRErSkE2lMFGZP4hMyBQduV8=,Riu60GIW9dnoV3G+5Cu2w0tmST4=
54,-36,2wEyRErSkE2lMFGZP4hMyBQduV8=,Riu60GIW9dnoV3G+5Cu2w0tmST4=
53,-36,2wEyRErSkE2lMFGZP4hMyBQduV8=,Riu60GIW9dnoV3G+5Cu2w0tmST4=
53,-40,2wEyRErSkE2lMFGZP4hMyBQduV8=,Riu60GIW9dnoV3G+5Cu2w0tmST4=
52,-40,2wEyRErSkE2lMFGZP4hMyBQduV8=,Riu60GIW9dnoV3G+5Cu2w0tmST4=
56,-35,2wEyRErSkE2lMFGZP4hMyBQduV8=,Os0QHq02Nb/enA0tzxoa/UEhcNg=
56,-38,2wEyRErSkE2lMFGZP4hMyBQduV8=,Os0QHq02Nb/enA0tzxoa/UEhcNg=
52,-36,2wEyRErSkE2lMFGZP4hMyBQduV8=,Riu60GIW9dnoV3G+5Cu2w0tmST4=
56,-36,2wEyRErSkE2lMFGZP4hMyBQduV8=,Os0QHq02Nb/enA0tzxoa/UEhcNg=
49,-38,2wEyRErSkE2lMFGZP4hMyBQduV8=,Riu60GIW9dnoV3G+5Cu2w0tmST4=
55,-41,2wEyRErSkE2lMFGZP4hMyBQduV8=,X3wO4p2gl/nU3rlCWSPyqtbZPUk=
54,-41,2wEyRErSkE2lMFGZP4hMyBQduV8=,X3wO4p2gl/nU3rlCWSPyqtbZPUk=
53,-41,2wEyRErSkE2lMFGZP4hMyBQduV8=,X3wO4p2gl/nU3rlCWSPyqtbZPUk=
51,-36,2wEyRErSkE2lMFGZP4hMyBQduV8=,Riu60GIW9dnoV3G+5Cu2w0tmST4=
51,-40,2wEyRErSkE2lMFGZP4hMyBQduV8=,Riu60GIW9dnoV3G+5Cu2w0tmST4=
52,-41,2wEyRErSkE2lMFGZP4hMyBQduV8=,X3wO4p2gl/nU3rlCWSPyqtbZPUk=
55,-37,2wEyRErSkE2lMFGZP4hMyBQduV8=,Riu60GIW9dnoV3G+5Cu2w0tmST4=
50,-36,2wEyRErSkE2lMFGZP4hMyBQduV8=,Riu60GIW9dnoV3G+5Cu2w0tmST4=
56,-34,2wEyRErSkE2lMFGZP4hMyBQduV8=,Os0QHq02Nb/enA0tzxoa/UEhcNg=
49,-36,2wEyRErSkE2lMFGZP4hMyBQduV8=,Riu60GIW9dnoV3G+5Cu2w0tmST4=
49,-34,2wEyRErSkE2lMFGZP4hMyBQduV8=,Riu60GIW9dnoV3G+5Cu2w0tmST4=
50,-39,2wEyRErSkE2lMFGZP4hMyBQduV8=,Riu60GIW9dnoV3G+5Cu2w0tmST4=
51,-41,2wEyRErSkE2lMFGZP4hMyBQduV8=,X3wO4p2gl/nU3rlCWSPyqtbZPUk=
50,-40,2wEyRErSkE2lMFGZP4hMyBQduV8=,Riu60GIW9dnoV3G+5Cu2w0tmST4=
49,-39,2wEyRErSkE2lMFGZP4hMyBQduV8=,Riu60GIW9dnoV3G+5Cu2w0tmST4=
49,-35,2wEyRErSkE2lMFGZP4hMyBQduV8=,Riu60GIW9dnoV3G+5Cu2w0tmST4=
50,-41,2wEyRErSkE2lMFGZP4hMyBQduV8=,X3wO4p2gl/nU3rlCWSPyqtbZPUk=
49,-41,2wEyRErSkE2lMFGZP4hMyBQduV8=,X3wO4p2gl/nU3rlCWSPyqtbZPUk=
49,-40,2wEyRErSkE2lMFGZP4hMyBQduV8=,Riu60GIW9dnoV3G+5Cu2w0tmST4=
54,-33,2wEyRErSkE2lMFGZP4hMyBQduV8=,Riu60GIW9dnoV3G+5Cu2w0tmST4=
52,-33,2wEyRErSkE2lMFGZP4hMyBQduV8=,Riu60GIW9dnoV3G+5Cu2w0tmST4=
53,-33,2wEyRErSkE2lMFGZP4hMyBQduV8=,Riu60GIW9dnoV3G+5Cu2w0tmST4=
51,-33,2wEyRErSkE2lMFGZP4hMyBQduV8=,Riu60GIW9dnoV3G+5Cu2w0tmST4=
50,-33,2wEyRErSkE2lMFGZP4hMyBQduV8=,Riu60GIW9dnoV3G+5Cu2w0tmST4=
60,-33,2wEyRErSkE2lMFGZP4hMyBQduV8=,Os0QHq02Nb/enA0tzxoa/UEhcNg=
49,-33,2wEyRErSkE2lMFGZP4hMyBQduV8=,Riu60GIW9dnoV3G+5Cu2w0tmST4=
59,-33,2wEyRErSkE2lMFGZP4hMyBQduV8=,Os0QHq02Nb/enA0tzxoa/UEhcNg=
55,-33,2wEyRErSkE2lMFGZP4hMyBQduV8=,Riu60GIW9dnoV3G+5Cu2w0tmST4=
58,-33,2wEyRErSkE2lMFGZP4hMyBQduV8=,Os0QHq02Nb/enA0tzxoa/UEhcNg=
57,-33,2wEyRErSkE2lMFGZP4hMyBQduV8=,Os0QHq02Nb/enA0tzxoa/UEhcNg=
56,-33,2wEyRErSkE2lMFGZP4hMyBQduV8=,Os0QHq02Nb/enA0tzxoa/UEhcNg=
48,-46,2wEyRErSkE2lMFGZP4hMyBQduV8=,X3wO4p2gl/nU3rlCWSPyqtbZPUk=
48,-45,2wEyRErSkE2lMFGZP4hMyBQduV8=,X3wO4p2gl/nU3rlCWSPyqtbZPUk=
48,-44,2wEyRErSkE2lMFGZP4hMyBQduV8=,X3wO4p2gl/nU3rlCWSPyqtbZPUk=
48,-47,2wEyRErSkE2lMFGZP4hMyBQduV8=,X3wO4p2gl/nU3rlCWSPyqtbZPUk=
61,-33,2wEyRErSkE2lMFGZP4hMyBQduV8=,Os0QHq02Nb/enA0tzxoa/UEhcNg=
62,-33,2wEyRErSkE2lMFGZP4hMyBQduV8=,Os0QHq02Nb/enA0tzxoa/UEhcNg=
48,-43,2wEyRErSkE2lMFGZP4hMyBQduV8=,X3wO4p2gl/nU3rlCWSPyqtbZPUk=
48,-41,2wEyRErSkE2lMFGZP4hMyBQduV8=,X3wO4p2gl/nU3rlCWSPyqtbZPUk=
48,-42,2wEyRErSkE2lMFGZP4hMyBQduV8=,X3wO4p2gl/nU3rlCWSPyqtbZPUk=
48,-37,2wEyRErSkE2lMFGZP4hMyBQduV8=,Riu60GIW9dnoV3G+5Cu2w0tmST4=
48,-40,2wEyRErSkE2lMFGZP4hMyBQduV8=,Riu60GIW9dnoV3G+5Cu2w0tmST4=
48,-39,2wEyRErSkE2lMFGZP4hMyBQduV8=,Riu60GIW9dnoV3G+5Cu2w0tmST4=
48,-38,2wEyRErSkE2lMFGZP4hMyBQduV8=,Riu60GIW9dnoV3G+5Cu2w0tmST4=
48,-36,2wEyRErSkE2lMFGZP4hMyBQduV8=,Riu60GIW9dnoV3G+5Cu2w0tmST4=
48,-35,2wEyRErSkE2lMFGZP4hMyBQduV8=,Riu60GIW9dnoV3G+5Cu2w0tmST4=
48,-34,2wEyRErSkE2lMFGZP4hMyBQduV8=,Riu60GIW9dnoV3G+5Cu2w0tmST4=
53,-48,2wEyRErSkE2lMFGZP4hMyBQduV8=,X3wO4p2gl/nU3rlCWSPyqtbZPUk=
51,-48,2wEyRErSkE2lMFGZP4hMyBQduV8=,X3wO4p2gl/nU3rlCWSPyqtbZPUk=
49,-48,2wEyRErSkE2lMFGZP4hMyBQduV8=,X3wO4p2gl/nU3rlCWSPyqtbZPUk=
52,-48,2wEyRErSkE2lMFGZP4hMyBQduV8=,X3wO4p2gl/nU3rlCWSPyqtbZPUk=
54,-48,2wEyRErSkE2lMFGZP4hMyBQduV8=,X3wO4p2gl/nU3rlCWSPyqtbZPUk=
55,-48,2wEyRErSkE2lMFGZP4hMyBQduV8=,X3wO4p2gl/nU3rlCWSPyqtbZPUk=
50,-48,2wEyRErSkE2lMFGZP4hMyBQduV8=,X3wO4p2gl/nU3rlCWSPyqtbZPUk=
56,-48,2wEyRErSkE2lMFGZP4hMyBQduV8=,EJJ+HeF5rYuCXsuanNZRoESKpoo=
58,-48,2wEyRErSkE2lMFGZP4hMyBQduV8=,EJJ+HeF5rYuCXsuanNZRoESKpoo=
57,-48,2wEyRErSkE2lMFGZP4hMyBQduV8=,EJJ+HeF5rYuCXsuanNZRoESKpoo=
59,-48,2wEyRErSkE2lMFGZP4hMyBQduV8=,EJJ+HeF5rYuCXsuanNZRoESKpoo=
63,-43,2wEyRErSkE2lMFGZP4hMyBQduV8=,EJJ+HeF5rYuCXsuanNZRoESKpoo=
63,-45,2wEyRErSkE2lMFGZP4hMyBQduV8=,EJJ+HeF5rYuCXsuanNZRoESKpoo=
63,-44,2wEyRErSkE2lMFGZP4hMyBQduV8=,EJJ+HeF5rYuCXsuanNZRoESKpoo=
63,-42,2wEyRErSkE2lMFGZP4hMyBQduV8=,EJJ+HeF5rYuCXsuanNZRoESKpoo=
63,-46,2wEyRErSkE2lMFGZP4hMyBQduV8=,EJJ+HeF5rYuCXsuanNZRoESKpoo=
60,-48,2wEyRErSkE2lMFGZP4hMyBQduV8=,EJJ+HeF5rYuCXsuanNZRoESKpoo=
63,-38,2wEyRErSkE2lMFGZP4hMyBQduV8=,Os0QHq02Nb/enA0tzxoa/UEhcNg=
63,-40,2wEyRErSkE2lMFGZP4hMyBQduV8=,Os0QHq02Nb/enA0tzxoa/UEhcNg=
63,-34,2wEyRErSkE2lMFGZP4hMyBQduV8=,Os0QHq02Nb/enA0tzxoa/UEhcNg=
63,-36,2wEyRErSkE2lMFGZP4hMyBQduV8=,Os0QHq02Nb/enA0tzxoa/UEhcNg=
63,-41,2wEyRErSkE2lMFGZP4hMyBQduV8=,EJJ+HeF5rYuCXsuanNZRoESKpoo=
63,-39,2wEyRErSkE2lMFGZP4hMyBQduV8=,Os0QHq02Nb/enA0tzxoa/UEhcNg=
63,-47,2wEyRErSkE2lMFGZP4hMyBQduV8=,EJJ+HeF5rYuCXsuanNZRoESKpoo=
63,-37,2wEyRErSkE2lMFGZP4hMyBQduV8=,Os0QHq02Nb/enA0tzxoa/UEhcNg=
63,-35,2wEyRErSkE2lMFGZP4hMyBQduV8=,Os0QHq02Nb/enA0tzxoa/UEhcNg=
62,-48,2wEyRErSkE2lMFGZP4hMyBQduV8=,EJJ+HeF5rYuCXsuanNZRoESKpoo=
61,-48,2wEyRErSkE2lMFGZP4hMyBQduV8=,EJJ+HeF5rYuCXsuanNZRoESKpoo=
63,-33,2wEyRErSkE2lMFGZP4hMyBQduV8=,Os0QHq02Nb/enA0tzxoa/UEhcNg=
48,-48,2wEyRErSkE2lMFGZP4hMyBQduV8=,X3wO4p2gl/nU3rlCWSPyqtbZPUk=
63,-48,2wEyRErSkE2lMFGZP4hMyBQduV8=,EJJ+HeF5rYuCXsuanNZRoESKpoo=
48,-33,2wEyRErSkE2lMFGZP4hMyBQduV8=,Riu60GIW9dnoV3G+5Cu2w0tmST4=
52,-59,2wEyRErSkE2lMFGZP4hMyBQduV8=,aP8LcN6x3P5941IyBwBaDnkW870=
51,-59,2wEyRErSkE2lMFGZP4hMyBQduV8=,aP8LcN6x3P5941IyBwBaDnkW870=
49,-59,2wEyRErSkE2lMFGZP4hMyBQduV8=,aP8LcN6x3P5941IyBwBaDnkW870=
50,-59,2wEyRErSkE2lMFGZP4hMyBQduV8=,aP8LcN6x3P5941IyBwBaDnkW870=
48,-59,2wEyRErSkE2lMFGZP4hMyBQduV8=,aP8LcN6x3P5941IyBwBaDnkW870=
54,-60,2wEyRErSkE2lMFGZP4hMyBQduV8=,aP8LcN6x3P5941IyBwBaDnkW870=
53,-60,HwD4Bo0efZAChVTL5VpzqGSmDL8=,aP8LcN6x3P5941IyBwBaDnkW870=
51,-60,HwD4Bo0efZAChVTL5VpzqGSmDL8=,aP8LcN6x3P5941IyBwBaDnkW870=
50,-60,HwD4Bo0efZAChVTL5VpzqGSmDL8=,aP8LcN6x3P5941IyBwBaDnkW870=
52,-60,HwD4Bo0efZAChVTL5VpzqGSmDL8=,aP8LcN6x3P5941IyBwBaDnkW870=
49,-60,HwD4Bo0efZAChVTL5VpzqGSmDL8=,aP8LcN6x3P5941IyBwBaDnkW870=
48,-60,HwD4Bo0efZAChVTL5VpzqGSmDL8=,aP8LcN6x3P5941IyBwBaDnkW870=
54,-61,HwD4Bo0efZAChVTL5VpzqGSmDL8=,aP8LcN6x3P5941IyBwBaDnkW870=
52,-61,HwD4Bo0efZAChVTL5VpzqGSmDL8=,aP8LcN6x3P5941IyBwBaDnkW870=
51,-61,HwD4Bo0efZAChVTL5VpzqGSmDL8=,aP8LcN6x3P5941IyBwBaDnkW870=
53,-61,HwD4Bo0efZAChVTL5VpzqGSmDL8=,aP8LcN6x3P5941IyBwBaDnkW870=
49,-61,HwD4Bo0efZAChVTL5VpzqGSmDL8=,aP8LcN6x3P5941IyBwBaDnkW870=
48,-61,HwD4Bo0efZAChVTL5VpzqGSmDL8=,aP8LcN6x3P5941IyBwBaDnkW870=
50,-61,HwD4Bo0efZAChVTL5VpzqGSmDL8=,aP8LcN6x3P5941IyBwBaDnkW870=
52,-62,HwD4Bo0efZAChVTL5VpzqGSmDL8=,aP8LcN6x3P5941IyBwBaDnkW870=
49,-62,HwD4Bo0efZAChVTL5VpzqGSmDL8=,aP8LcN6x3P5941IyBwBaDnkW870=
53,-62,HwD4Bo0efZAChVTL5VpzqGSmDL8=,aP8LcN6x3P5941IyBwBaDnkW870=
48,-62,HwD4Bo0efZAChVTL5VpzqGSmDL8=,aP8LcN6x3P5941IyBwBaDnkW870=
54,-57,HwD4Bo0efZAChVTL5VpzqGSmDL8=,aP8LcN6x3P5941IyBwBaDnkW870=
50,-62,HwD4Bo0efZAChVTL5VpzqGSmDL8=,aP8LcN6x3P5941IyBwBaDnkW870=
51,-62,HwD4Bo0efZAChVTL5VpzqGSmDL8=,aP8LcN6x3P5941IyBwBaDnkW870=
53,-57,HwD4Bo0efZAChVTL5VpzqGSmDL8=,aP8LcN6x3P5941IyBwBaDnkW870=
52,-57,HwD4Bo0efZAChVTL5VpzqGSmDL8=,aP8LcN6x3P5941IyBwBaDnkW870=
51,-57,HwD4Bo0efZAChVTL5VpzqGSmDL8=,aP8LcN6x3P5941IyBwBaDnkW870=
50,-57,HwD4Bo0efZAChVTL5VpzqGSmDL8=,aP8LcN6x3P5941IyBwBaDnkW870=
49,-57,HwD4Bo0efZAChVTL5VpzqGSmDL8=,aP8LcN6x3P5941IyBwBaDnkW870=
48,-57,HwD4Bo0efZAChVTL5VpzqGSmDL8=,aP8LcN6x3P5941IyBwBaDnkW870=
54,-58,HwD4Bo0efZAChVTL5VpzqGSmDL8=,aP8LcN6x3P5941IyBwBaDnkW870=
54,-62,HwD4Bo0efZAChVTL5VpzqGSmDL8=,aP8LcN6x3P5941IyBwBaDnkW870=
53,-58,HwD4Bo0efZAChVTL5VpzqGSmDL8=,aP8LcN6x3P5941IyBwBaDnkW870=
52,-58,HwD4Bo0efZAChVTL5VpzqGSmDL8=,aP8LcN6x3P5941IyBwBaDnkW870=
50,-58,HwD4Bo0efZAChVTL5VpzqGSmDL8=,aP8LcN6x3P5941IyBwBaDnkW870=
51,-58,HwD4Bo0efZAChVTL5VpzqGSmDL8=,aP8LcN6x3P5941IyBwBaDnkW870=
49,-58,HwD4Bo0efZAChVTL5VpzqGSmDL8=,aP8LcN6x3P5941IyBwBaDnkW870=
48,-58,HwD4Bo0efZAChVTL5VpzqGSmDL8=,aP8LcN6x3P5941IyBwBaDnkW870=
49,-63,HwD4Bo0efZAChVTL5VpzqGSmDL8=,aP8LcN6x3P5941IyBwBaDnkW870=
48,-63,HwD4Bo0efZAChVTL5VpzqGSmDL8=,aP8LcN6x3P5941IyBwBaDnkW870=
53,-63,HwD4Bo0efZAChVTL5VpzqGSmDL8=,aP8LcN6x3P5941IyBwBaDnkW870=
52,-63,HwD4Bo0efZAChVTL5VpzqGSmDL8=,aP8LcN6x3P5941IyBwBaDnkW870=
51,-63,HwD4Bo0efZAChVTL5VpzqGSmDL8=,aP8LcN6x3P5941IyBwBaDnkW870=
54,-59,HwD4Bo0efZAChVTL5VpzqGSmDL8=,aP8LcN6x3P5941IyBwBaDnkW870=
53,-59,HwD4Bo0efZAChVTL5VpzqGSmDL8=,aP8LcN6x3P5941IyBwBaDnkW870=
50,-63,HwD4Bo0efZAChVTL5VpzqGSmDL8=,aP8LcN6x3P5941IyBwBaDnkW870=
54,-63,HwD4Bo0efZAChVTL5VpzqGSmDL8=,aP8LcN6x3P5941IyBwBaDnkW870=
49,-64,HwD4Bo0efZAChVTL5VpzqGSmDL8=,aP8LcN6x3P5941IyBwBaDnkW870=
51,-64,HwD4Bo0efZAChVTL5VpzqGSmDL8=,aP8LcN6x3P5941IyBwBaDnkW870=
50,-64,HwD4Bo0efZAChVTL5VpzqGSmDL8=,aP8LcN6x3P5941IyBwBaDnkW870=
48,-64,HwD4Bo0efZAChVTL5VpzqGSmDL8=,aP8LcN6x3P5941IyBwBaDnkW870=
52,-64,HwD4Bo0efZAChVTL5VpzqGSmDL8=,aP8LcN6x3P5941IyBwBaDnkW870=
54,-64,HwD4Bo0efZAChVTL5VpzqGSmDL8=,aP8LcN6x3P5941IyBwBaDnkW870=
53,-64,HwD4Bo0efZAChVTL5VpzqGSmDL8=,aP8LcN6x3P5941IyBwBaDnkW870=
59,-49,HwD4Bo0efZAChVTL5VpzqGSmDL8=,dO1BASrnCf+gSZDuNyUrqIchkNA=
56,-52,HwD4Bo0efZAChVTL5VpzqGSmDL8=,dO1BASrnCf+gSZDuNyUrqIchkNA=
57,-52,HwD4Bo0efZAChVTL5VpzqGSmDL8=,dO1BASrnCf+gSZDuNyUrqIchkNA=
60,-49,HwD4Bo0efZAChVTL5VpzqGSmDL8=,dO1BASrnCf+gSZDuNyUrqIchkNA=
58,-49,HwD4Bo0efZAChVTL5VpzqGSmDL8=,dO1BASrnCf+gSZDuNyUrqIchkNA=
60,-51,HwD4Bo0efZAChVTL5VpzqGSmDL8=,dO1BASrnCf+gSZDuNyUrqIchkNA=
62,-52,HwD4Bo0efZAChVTL5VpzqGSmDL8=,dO1BASrnCf+gSZDuNyUrqIchkNA=
59,-51,HwD4Bo0efZAChVTL5VpzqGSmDL8=,dO1BASrnCf+gSZDuNyUrqIchkNA=
62,-53,HwD4Bo0efZAChVTL5VpzqGSmDL8=,dO1BASrnCf+gSZDuNyUrqIchkNA=
58,-51,HwD4Bo0efZAChVTL5VpzqGSmDL8=,dO1BASrnCf+gSZDuNyUrqIchkNA=
57,-53,HwD4Bo0efZAChVTL5VpzqGSmDL8=,dO1BASrnCf+gSZDuNyUrqIchkNA=
57,-51,HwD4Bo0efZAChVTL5VpzqGSmDL8=,dO1BASrnCf+gSZDuNyUrqIchkNA=
56,-53,HwD4Bo0efZAChVTL5VpzqGSmDL8=,dO1BASrnCf+gSZDuNyUrqIchkNA=
56,-51,HwD4Bo0efZAChVTL5VpzqGSmDL8=,dO1BASrnCf+gSZDuNyUrqIchkNA=
60,-50,HwD4Bo0efZAChVTL5VpzqGSmDL8=,dO1BASrnCf+gSZDuNyUrqIchkNA=
59,-50,HwD4Bo0efZAChVTL5VpzqGSmDL8=,dO1BASrnCf+gSZDuNyUrqIchkNA=
60,-52,HwD4Bo0efZAChVTL5VpzqGSmDL8=,dO1BASrnCf+gSZDuNyUrqIchkNA=
57,-49,HwD4Bo0efZAChVTL5VpzqGSmDL8=,dO1BASrnCf+gSZDuNyUrqIchkNA=
58,-50,HwD4Bo0efZAChVTL5VpzqGSmDL8=,dO1BASrnCf+gSZDuNyUrqIchkNA=
61,-50,HwD4Bo0efZAChVTL5VpzqGSmDL8=,dO1BASrnCf+gSZDuNyUrqIchkNA=
61,-49,HwD4Bo0efZAChVTL5VpzqGSmDL8=,dO1BASrnCf+gSZDuNyUrqIchkNA=
56,-49,HwD4Bo0efZAChVTL5VpzqGSmDL8=,dO1BASrnCf+gSZDuNyUrqIchkNA=
59,-52,HwD4Bo0efZAChVTL5VpzqGSmDL8=,dO1BASrnCf+gSZDuNyUrqIchkNA=
63,-52,HwD4Bo0efZAChVTL5VpzqGSmDL8=,dO1BASrnCf+gSZDuNyUrqIchkNA=
63,-53,HwD4Bo0efZAChVTL5VpzqGSmDL8=,dO1BASrnCf+gSZDuNyUrqIchkNA=
62,-51,HwD4Bo0efZAChVTL5VpzqGSmDL8=,dO1BASrnCf+gSZDuNyUrqIchkNA=
58,-52,HwD4Bo0efZAChVTL5VpzqGSmDL8=,dO1BASrnCf+gSZDuNyUrqIchkNA=
60,-54,HwD4Bo0efZAChVTL5VpzqGSmDL8=,dO1BASrnCf+gSZDuNyUrqIchkNA=
57,-50,HwD4Bo0efZAChVTL5VpzqGSmDL8=,dO1BASrnCf+gSZDuNyUrqIchkNA=
61,-51,HwD4Bo0efZAChVTL5VpzqGSmDL8=,dO1BASrnCf+gSZDuNyUrqIchkNA=
59,-55,HwD4Bo0efZAChVTL5VpzqGSmDL8=,dO1BASrnCf+gSZDuNyUrqIchkNA=
61,-53,HwD4Bo0efZAChVTL5VpzqGSmDL8=,dO1BASrnCf+gSZDuNyUrqIchkNA=
59,-54,HwD4Bo0efZAChVTL5VpzqGSmDL8=,dO1BASrnCf+gSZDuNyUrqIchkNA=
60,-53,HwD4Bo0efZAChVTL5VpzqGSmDL8=,dO1BASrnCf+gSZDuNyUrqIchkNA=
63,-54,HwD4Bo0efZAChVTL5VpzqGSmDL8=,dO1BASrnCf+gSZDuNyUrqIchkNA=
58,-55,HwD4Bo0efZAChVTL5VpzqGSmDL8=,dO1BASrnCf+gSZDuNyUrqIchkNA=
59,-53,HwD4Bo0efZAChVTL5VpzqGSmDL8=,dO1BASrnCf+gSZDuNyUrqIchkNA=
56,-55,HwD4Bo0efZAChVTL5VpzqGSmDL8=,dO1BASrnCf+gSZDuNyUrqIchkNA=
57,-55,HwD4Bo0efZAChVTL5VpzqGSmDL8=,dO1BASrnCf+gSZDuNyUrqIchkNA=
56,-50,HwD4Bo0efZAChVTL5VpzqGSmDL8=,dO1BASrnCf+gSZDuNyUrqIchkNA=
57,-54,HwD4Bo0efZAChVTL5VpzqGSmDL8=,dO1BASrnCf+gSZDuNyUrqIchkNA=
58,-53,HwD4Bo0efZAChVTL5VpzqGSmDL8=,dO1BASrnCf+gSZDuNyUrqIchkNA=
56,-54,HwD4Bo0efZAChVTL5VpzqGSmDL8=,dO1BASrnCf+gSZDuNyUrqIchkNA=
62,-49,HwD4Bo0efZAChVTL5VpzqGSmDL8=,dO1BASrnCf+gSZDuNyUrqIchkNA=
58,-54,HwD4Bo0efZAChVTL5VpzqGSmDL8=,dO1BASrnCf+gSZDuNyUrqIchkNA=
60,-55,HwD4Bo0efZAChVTL5VpzqGSmDL8=,dO1BASrnCf+gSZDuNyUrqIchkNA=
61,-52,HwD4Bo0efZAChVTL5VpzqGSmDL8=,dO1BASrnCf+gSZDuNyUrqIchkNA=
62,-54,HwD4Bo0efZAChVTL5VpzqGSmDL8=,dO1BASrnCf+gSZDuNyUrqIchkNA=
63,-50,HwD4Bo0efZAChVTL5VpzqGSmDL8=,dO1BASrnCf+gSZDuNyUrqIchkNA=
63,-49,HwD4Bo0efZAChVTL5VpzqGSmDL8=,dO1BASrnCf+gSZDuNyUrqIchkNA=
62,-50,HwD4Bo0efZAChVTL5VpzqGSmDL8=,dO1BASrnCf+gSZDuNyUrqIchkNA=
63,-51,HwD4Bo0efZAChVTL5VpzqGSmDL8=,dO1BASrnCf+gSZDuNyUrqIchkNA=
63,-55,HwD4Bo0efZAChVTL5VpzqGSmDL8=,dO1BASrnCf+gSZDuNyUrqIchkNA=
61,-55,HwD4Bo0efZAChVTL5VpzqGSmDL8=,dO1BASrnCf+gSZDuNyUrqIchkNA=
61,-54,HwD4Bo0efZAChVTL5VpzqGSmDL8=,dO1BASrnCf+gSZDuNyUrqIchkNA=
62,-55,HwD4Bo0efZAChVTL5VpzqGSmDL8=,dO1BASrnCf+gSZDuNyUrqIchkNA=
57,-57,HwD4Bo0efZAChVTL5VpzqGSmDL8=,lplTRmJ2vOTsY0IPuE97iqyM/fY=
58,-57,HwD4Bo0efZAChVTL5VpzqGSmDL8=,lplTRmJ2vOTsY0IPuE97iqyM/fY=
56,-57,HwD4Bo0efZAChVTL5VpzqGSmDL8=,lplTRmJ2vOTsY0IPuE97iqyM/fY=
59,-57,HwD4Bo0efZAChVTL5VpzqGSmDL8=,lplTRmJ2vOTsY0IPuE97iqyM/fY=
60,-57,HwD4Bo0efZAChVTL5VpzqGSmDL8=,lplTRmJ2vOTsY0IPuE97iqyM/fY=
60,-58,HwD4Bo0efZAChVTL5VpzqGSmDL8=,lplTRmJ2vOTsY0IPuE97iqyM/fY=
55,-60,HwD4Bo0efZAChVTL5VpzqGSmDL8=,aP8LcN6x3P5941IyBwBaDnkW870=
59,-58,HwD4Bo0efZAChVTL5VpzqGSmDL8=,lplTRmJ2vOTsY0IPuE97iqyM/fY=
58,-58,HwD4Bo0efZAChVTL5VpzqGSmDL8=,lplTRmJ2vOTsY0IPuE97iqyM/fY=
57,-58,HwD4Bo0efZAChVTL5VpzqGSmDL8=,lplTRmJ2vOTsY0IPuE97iqyM/fY=
55,-61,HwD4Bo0efZAChVTL5VpzqGSmDL8=,aP8LcN6x3P5941IyBwBaDnkW870=
56,-58,HwD4Bo0efZAChVTL5VpzqGSmDL8=,lplTRmJ2vOTsY0IPuE97iqyM/fY=
60,-59,HwD4Bo0efZAChVTL5VpzqGSmDL8=,lplTRmJ2vOTsY0IPuE97iqyM/fY=
58,-56,HwD4Bo0efZAChVTL5VpzqGSmDL8=,dO1BASrnCf+gSZDuNyUrqIchkNA=
59,-59,HwD4Bo0efZAChVTL5VpzqGSmDL8=,lplTRmJ2vOTsY0IPuE97iqyM/fY=
58,-59,HwD4Bo0efZAChVTL5VpzqGSmDL8=,lplTRmJ2vOTsY0IPuE97iqyM/fY=
57,-59,HwD4Bo0efZAChVTL5VpzqGSmDL8=,lplTRmJ2vOTsY0IPuE97iqyM/fY=
56,-59,HwD4Bo0efZAChVTL5VpzqGSmDL8=,lplTRmJ2vOTsY0IPuE97iqyM/fY=
63,-60,HwD4Bo0efZAChVTL5VpzqGSmDL8=,lplTRmJ2vOTsY0IPuE97iqyM/fY=
60,-60,HwD4Bo0efZAChVTL5VpzqGSmDL8=,lplTRmJ2vOTsY0IPuE97iqyM/fY=
63,-59,HwD4Bo0efZAChVTL5VpzqGSmDL8=,lplTRmJ2vOTsY0IPuE97iqyM/fY=
63,-58,HwD4Bo0efZAChVTL5VpzqGSmDL8=,lplTRmJ2vOTsY0IPuE97iqyM/fY=
58,-60,HwD4Bo0efZAChVTL5VpzqGSmDL8=,lplTRmJ2vOTsY0IPuE97iqyM/fY=
57,-60,HwD4Bo0efZAChVTL5VpzqGSmDL8=,lplTRmJ2vOTsY0IPuE97iqyM/fY=
56,-60,HwD4Bo0efZAChVTL5VpzqGSmDL8=,lplTRmJ2vOTsY0IPuE97iqyM/fY=
63,-61,HwD4Bo0efZAChVTL5VpzqGSmDL8=,lplTRmJ2vOTsY0IPuE97iqyM/fY=
59,-60,HwD4Bo0efZAChVTL5VpzqGSmDL8=,lplTRmJ2vOTsY0IPuE97iqyM/fY=
61,-57,HwD4Bo0efZAChVTL5VpzqGSmDL8=,lplTRmJ2vOTsY0IPuE97iqyM/fY=
61,-58,HwD4Bo0efZAChVTL5VpzqGSmDL8=,lplTRmJ2vOTsY0IPuE97iqyM/fY=
60,-61,HwD4Bo0efZAChVTL5VpzqGSmDL8=,lplTRmJ2vOTsY0IPuE97iqyM/fY=
59,-61,HwD4Bo0efZAChVTL5VpzqGSmDL8=,lplTRmJ2vOTsY0IPuE97iqyM/fY=
58,-61,HwD4Bo0efZAChVTL5VpzqGSmDL8=,lplTRmJ2vOTsY0IPuE97iqyM/fY=
57,-61,HwD4Bo0efZAChVTL5VpzqGSmDL8=,lplTRmJ2vOTsY0IPuE97iqyM/fY=
55,-62,HwD4Bo0efZAChVTL5VpzqGSmDL8=,aP8LcN6x3P5941IyBwBaDnkW870=
56,-61,HwD4Bo0efZAChVTL5VpzqGSmDL8=,lplTRmJ2vOTsY0IPuE97iqyM/fY=
61,-59,HwD4Bo0efZAChVTL5VpzqGSmDL8=,lplTRmJ2vOTsY0IPuE97iqyM/fY=
55,-57,HwD4Bo0efZAChVTL5VpzqGSmDL8=,aP8LcN6x3P5941IyBwBaDnkW870=
62,-61,HwD4Bo0efZAChVTL5VpzqGSmDL8=,lplTRmJ2vOTsY0IPuE97iqyM/fY=
55,-58,HwD4Bo0efZAChVTL5VpzqGSmDL8=,aP8LcN6x3P5941IyBwBaDnkW870=
60,-62,HwD4Bo0efZAChVTL5VpzqGSmDL8=,lplTRmJ2vOTsY0IPuE97iqyM/fY=
59,-62,HwD4Bo0efZAChVTL5VpzqGSmDL8=,lplTRmJ2vOTsY0IPuE97iqyM/fY=
63,-62,HwD4Bo0efZAChVTL5VpzqGSmDL8=,lplTRmJ2vOTsY0IPuE97iqyM/fY=
58,-62,HwD4Bo0efZAChVTL5VpzqGSmDL8=,lplTRmJ2vOTsY0IPuE97iqyM/fY=
57,-62,HwD4Bo0efZAChVTL5VpzqGSmDL8=,lplTRmJ2vOTsY0IPuE97iqyM/fY=
56,-62,HwD4Bo0efZAChVTL5VpzqGSmDL8=,lplTRmJ2vOTsY0IPuE97iqyM/fY=
61,-60,HwD4Bo0efZAChVTL5VpzqGSmDL8=,lplTRmJ2vOTsY0IPuE97iqyM/fY=
62,-60,HwD4Bo0efZAChVTL5VpzqGSmDL8=,lplTRmJ2vOTsY0IPuE97iqyM/fY=
60,-63,HwD4Bo0efZAChVTL5VpzqGSmDL8=,lplTRmJ2vOTsY0IPuE97iqyM/fY=
63,-63,HwD4Bo0efZAChVTL5VpzqGSmDL8=,lplTRmJ2vOTsY0IPuE97iqyM/fY=
61,-61,HwD4Bo0efZAChVTL5VpzqGSmDL8=,lplTRmJ2vOTsY0IPuE97iqyM/fY=
59,-63,HwD4Bo0efZAChVTL5VpzqGSmDL8=,lplTRmJ2vOTsY0IPuE97iqyM/fY=
55,-59,HwD4Bo0efZAChVTL5VpzqGSmDL8=,aP8LcN6x3P5941IyBwBaDnkW870=
62,-59,HwD4Bo0efZAChVTL5VpzqGSmDL8=,lplTRmJ2vOTsY0IPuE97iqyM/fY=
58,-63,HwD4Bo0efZAChVTL5VpzqGSmDL8=,lplTRmJ2vOTsY0IPuE97iqyM/fY=
62,-58,HwD4Bo0efZAChVTL5VpzqGSmDL8=,lplTRmJ2vOTsY0IPuE97iqyM/fY=
62,-62,HwD4Bo0efZAChVTL5VpzqGSmDL8=,lplTRmJ2vOTsY0IPuE97iqyM/fY=
63,-56,HwD4Bo0efZAChVTL5VpzqGSmDL8=,dO1BASrnCf+gSZDuNyUrqIchkNA=
57,-63,HwD4Bo0efZAChVTL5VpzqGSmDL8=,lplTRmJ2vOTsY0IPuE97iqyM/fY=
62,-57,HwD4Bo0efZAChVTL5VpzqGSmDL8=,lplTRmJ2vOTsY0IPuE97iqyM/fY=
61,-62,HwD4Bo0efZAChVTL5VpzqGSmDL8=,lplTRmJ2vOTsY0IPuE97iqyM/fY=
59,-56,HwD4Bo0efZAChVTL5VpzqGSmDL8=,dO1BASrnCf+gSZDuNyUrqIchkNA=
63,-64,HwD4Bo0efZAChVTL5VpzqGSmDL8=,lplTRmJ2vOTsY0IPuE97iqyM/fY=
61,-63,HwD4Bo0efZAChVTL5VpzqGSmDL8=,lplTRmJ2vOTsY0IPuE97iqyM/fY=
62,-63,HwD4Bo0efZAChVTL5VpzqGSmDL8=,lplTRmJ2vOTsY0IPuE97iqyM/fY=
63,-57,HwD4Bo0efZAChVTL5VpzqGSmDL8=,lplTRmJ2vOTsY0IPuE97iqyM/fY=
56,-56,HwD4Bo0efZAChVTL5VpzqGSmDL8=,dO1BASrnCf+gSZDuNyUrqIchkNA=
60,-56,HwD4Bo0efZAChVTL5VpzqGSmDL8=,dO1BASrnCf+gSZDuNyUrqIchkNA=
57,-56,HwD4Bo0efZAChVTL5VpzqGSmDL8=,dO1BASrnCf+gSZDuNyUrqIchkNA=
55,-63,HwD4Bo0efZAChVTL5VpzqGSmDL8=,aP8LcN6x3P5941IyBwBaDnkW870=
62,-64,HwD4Bo0efZAChVTL5VpzqGSmDL8=,lplTRmJ2vOTsY0IPuE97iqyM/fY=
61,-64,HwD4Bo0efZAChVTL5VpzqGSmDL8=,lplTRmJ2vOTsY0IPuE97iqyM/fY=
59,-64,HwD4Bo0efZAChVTL5VpzqGSmDL8=,lplTRmJ2vOTsY0IPuE97iqyM/fY=
56,-63,HwD4Bo0efZAChVTL5VpzqGSmDL8=,lplTRmJ2vOTsY0IPuE97iqyM/fY=
62,-56,HwD4Bo0efZAChVTL5VpzqGSmDL8=,dO1BASrnCf+gSZDuNyUrqIchkNA=
60,-64,HwD4Bo0efZAChVTL5VpzqGSmDL8=,lplTRmJ2vOTsY0IPuE97iqyM/fY=
58,-64,HwD4Bo0efZAChVTL5VpzqGSmDL8=,lplTRmJ2vOTsY0IPuE97iqyM/fY=
61,-56,HwD4Bo0efZAChVTL5VpzqGSmDL8=,dO1BASrnCf+gSZDuNyUrqIchkNA=
57,-64,HwD4Bo0efZAChVTL5VpzqGSmDL8=,lplTRmJ2vOTsY0IPuE97iqyM/fY=
55,-64,HwD4Bo0efZAChVTL5VpzqGSmDL8=,aP8LcN6x3P5941IyBwBaDnkW870=
56,-64,HwD4Bo0efZAChVTL5VpzqGSmDL8=,lplTRmJ2vOTsY0IPuE97iqyM/fY=
47,-60,4Dnzxb0PEFIF12Ew5XX38KRGDlA=,Brk4OSGQZk/WwwFaW2zI4Lkgjg8=
46,-60,4Dnzxb0PEFIF12Ew5XX38KRGDlA=,Brk4OSGQZk/WwwFaW2zI4Lkgjg8=
44,-59,4Dnzxb0PEFIF12Ew5XX38KRGDlA=,Brk4OSGQZk/WwwFaW2zI4Lkgjg8=
43,-59,4Dnzxb0PEFIF12Ew5XX38KRGDlA=,Brk4OSGQZk/WwwFaW2zI4Lkgjg8=
42,-59,4Dnzxb0PEFIF12Ew5XX38KRGDlA=,Brk4OSGQZk/WwwFaW2zI4Lkgjg8=
42,-57,4Dnzxb0PEFIF12Ew5XX38KRGDlA=,Brk4OSGQZk/WwwFaW2zI4Lkgjg8=
43,-57,4Dnzxb0PEFIF12Ew5XX38KRGDlA=,Brk4OSGQZk/WwwFaW2zI4Lkgjg8=
45,-60,4Dnzxb0PEFIF12Ew5XX38KRGDlA=,Brk4OSGQZk/WwwFaW2zI4Lkgjg8=
47,-61,4Dnzxb0PEFIF12Ew5XX38KRGDlA=,Brk4OSGQZk/WwwFaW2zI4Lkgjg8=
44,-60,4Dnzxb0PEFIF12Ew5XX38KRGDlA=,Brk4OSGQZk/WwwFaW2zI4Lkgjg8=
41,-57,4Dnzxb0PEFIF12Ew5XX38KRGDlA=,Brk4OSGQZk/WwwFaW2zI4Lkgjg8=
47,-63,4Dnzxb0PEFIF12Ew5XX38KRGDlA=,Brk4OSGQZk/WwwFaW2zI4Lkgjg8=
46,-61,4Dnzxb0PEFIF12Ew5XX38KRGDlA=,Brk4OSGQZk/WwwFaW2zI4Lkgjg8=
45,-61,4Dnzxb0PEFIF12Ew5XX38KRGDlA=,Brk4OSGQZk/WwwFaW2zI4Lkgjg8=
42,-63,4Dnzxb0PEFIF12Ew5XX38KRGDlA=,Brk4OSGQZk/WwwFaW2zI4Lkgjg8=
46,-62,4Dnzxb0PEFIF12Ew5XX38KRGDlA=,Brk4OSGQZk/WwwFaW2zI4Lkgjg8=
47,-62,4Dnzxb0PEFIF12Ew5XX38KRGDlA=,Brk4OSGQZk/WwwFaW2zI4Lkgjg8=
47,-58,4Dnzxb0PEFIF12Ew5XX38KRGDlA=,Brk4OSGQZk/WwwFaW2zI4Lkgjg8=
45,-62,4Dnzxb0PEFIF12Ew5XX38KRGDlA=,Brk4OSGQZk/WwwFaW2zI4Lkgjg8=
46,-58,4Dnzxb0PEFIF12Ew5XX38KRGDlA=,Brk4OSGQZk/WwwFaW2zI4Lkgjg8=
44,-62,4Dnzxb0PEFIF12Ew5XX38KRGDlA=,Brk4OSGQZk/WwwFaW2zI4Lkgjg8=
43,-62,4Dnzxb0PEFIF12Ew5XX38KRGDlA=,Brk4OSGQZk/WwwFaW2zI4Lkgjg8=
42,-62,4Dnzxb0PEFIF12Ew5XX38KRGDlA=,Brk4OSGQZk/WwwFaW2zI4Lkgjg8=
45,-58,4Dnzxb0PEFIF12Ew5XX38KRGDlA=,Brk4OSGQZk/WwwFaW2zI4Lkgjg8=
44,-61,4Dnzxb0PEFIF12Ew5XX38KRGDlA=,Brk4OSGQZk/WwwFaW2zI4Lkgjg8=
46,-63,4Dnzxb0PEFIF12Ew5XX38KRGDlA=,Brk4OSGQZk/WwwFaW2zI4Lkgjg8=
45,-63,4Dnzxb0PEFIF12Ew5XX38KRGDlA=,Brk4OSGQZk/WwwFaW2zI4Lkgjg8=
44,-58,4Dnzxb0PEFIF12Ew5XX38KRGDlA=,Brk4OSGQZk/WwwFaW2zI4Lkgjg8=
47,-57,4Dnzxb0PEFIF12Ew5XX38KRGDlA=,Brk4OSGQZk/WwwFaW2zI4Lkgjg8=
43,-60,4Dnzxb0PEFIF12Ew5XX38KRGDlA=,Brk4OSGQZk/WwwFaW2zI4Lkgjg8=
43,-58,4Dnzxb0PEFIF12Ew5XX38KRGDlA=,Brk4OSGQZk/WwwFaW2zI4Lkgjg8=
42,-58,4Dnzxb0PEFIF12Ew5XX38KRGDlA=,Brk4OSGQZk/WwwFaW2zI4Lkgjg8=
42,-61,4Dnzxb0PEFIF12Ew5XX38KRGDlA=,Brk4OSGQZk/WwwFaW2zI4Lkgjg8=
41,-58,4Dnzxb0PEFIF12Ew5XX38KRGDlA=,Brk4OSGQZk/WwwFaW2zI4Lkgjg8=
47,-59,4Dnzxb0PEFIF12Ew5XX38KRGDlA=,Brk4OSGQZk/WwwFaW2zI4Lkgjg8=
46,-59,4Dnzxb0PEFIF12Ew5XX38KRGDlA=,Brk4OSGQZk/WwwFaW2zI4Lkgjg8=
41,-59,4Dnzxb0PEFIF12Ew5XX38KRGDlA=,Brk4OSGQZk/WwwFaW2zI4Lkgjg8=
41,-60,4Dnzxb0PEFIF12Ew5XX38KRGDlA=,Brk4OSGQZk/WwwFaW2zI4Lkgjg8=
43,-61,4Dnzxb0PEFIF12Ew5XX38KRGDlA=,Brk4OSGQZk/WwwFaW2zI4Lkgjg8=
41,-61,4Dnzxb0PEFIF12Ew5XX38KRGDlA=,Brk4OSGQZk/WwwFaW2zI4Lkgjg8=
44,-63,4Dnzxb0PEFIF12Ew5XX38KRGDlA=,Brk4OSGQZk/WwwFaW2zI4Lkgjg8=
42,-60,4Dnzxb0PEFIF12Ew5XX38KRGDlA=,Brk4OSGQZk/WwwFaW2zI4Lkgjg8=
46,-57,4Dnzxb0PEFIF12Ew5XX38KRGDlA=,Brk4OSGQZk/WwwFaW2zI4Lkgjg8=
45,-59,4Dnzxb0PEFIF12Ew5XX38KRGDlA=,Brk4OSGQZk/WwwFaW2zI4Lkgjg8=
45,-57,4Dnzxb0PEFIF12Ew5XX38KRGDlA=,Brk4OSGQZk/WwwFaW2zI4Lkgjg8=
43,-63,4Dnzxb0PEFIF12Ew5XX38KRGDlA=,Brk4OSGQZk/WwwFaW2zI4Lkgjg8=
44,-57,4Dnzxb0PEFIF12Ew5XX38KRGDlA=,Brk4OSGQZk/WwwFaW2zI4Lkgjg8=
41,-62,4Dnzxb0PEFIF12Ew5XX38KRGDlA=,Brk4OSGQZk/WwwFaW2zI4Lkgjg8=
42,-64,4Dnzxb0PEFIF12Ew5XX38KRGDlA=,Brk4OSGQZk/WwwFaW2zI4Lkgjg8=
44,-64,4Dnzxb0PEFIF12Ew5XX38KRGDlA=,Brk4OSGQZk/WwwFaW2zI4Lkgjg8=
47,-64,4Dnzxb0PEFIF12Ew5XX38KRGDlA=,Brk4OSGQZk/WwwFaW2zI4Lkgjg8=
41,-63,4Dnzxb0PEFIF12Ew5XX38KRGDlA=,Brk4OSGQZk/WwwFaW2zI4Lkgjg8=
43,-64,4Dnzxb0PEFIF12Ew5XX38KRGDlA=,Brk4OSGQZk/WwwFaW2zI4Lkgjg8=
41,-64,4Dnzxb0PEFIF12Ew5XX38KRGDlA=,Brk4OSGQZk/WwwFaW2zI4Lkgjg8=
46,-64,4Dnzxb0PEFIF12Ew5XX38KRGDlA=,Brk4OSGQZk/WwwFaW2zI4Lkgjg8=
45,-64,4Dnzxb0PEFIF12Ew5XX38KRGDlA=,Brk4OSGQZk/WwwFaW2zI4Lkgjg8=
36,-53,4Dnzxb0PEFIF12Ew5XX38KRGDlA=,O0ixrS8io1o9tRXr65CLCZyZzZI=
38,-53,4Dnzxb0PEFIF12Ew5XX38KRGDlA=,O0ixrS8io1o9tRXr65CLCZyZzZI=
37,-53,4Dnzxb0PEFIF12Ew5XX38KRGDlA=,O0ixrS8io1o9tRXr65CLCZyZzZI=
39,-53,4Dnzxb0PEFIF12Ew5XX38KRGDlA=,O0ixrS8io1o9tRXr65CLCZyZzZI=
39,-49,4Dnzxb0PEFIF12Ew5XX38KRGDlA=,O0ixrS8io1o9tRXr65CLCZyZzZI=
38,-49,4Dnzxb0PEFIF12Ew5XX38KRGDlA=,O0ixrS8io1o9tRXr65CLCZyZzZI=
36,-49,4Dnzxb0PEFIF12Ew5XX38KRGDlA=,O0ixrS8io1o9tRXr65CLCZyZzZI=
37,-49,4Dnzxb0PEFIF12Ew5XX38KRGDlA=,O0ixrS8io1o9tRXr65CLCZyZzZI=
35,-49,4Dnzxb0PEFIF12Ew5XX38KRGDlA=,O0ixrS8io1o9tRXr65CLCZyZzZI=
34,-49,4Dnzxb0PEFIF12Ew5XX38KRGDlA=,O0ixrS8io1o9tRXr65CLCZyZzZI=
39,-54,4Dnzxb0PEFIF12Ew5XX38KRGDlA=,O0ixrS8io1o9tRXr65CLCZyZzZI=
38,-54,4Dnzxb0PEFIF12Ew5XX38KRGDlA=,O0ixrS8io1o9tRXr65CLCZyZzZI=
37,-54,4Dnzxb0PEFIF12Ew5XX38KRGDlA=,O0ixrS8io1o9tRXr65CLCZyZzZI=
33,-49,4Dnzxb0PEFIF12Ew5XX38KRGDlA=,O0ixrS8io1o9tRXr65CLCZyZzZI=
35,-53,4Dnzxb0PEFIF12Ew5XX38KRGDlA=,O0ixrS8io1o9tRXr65CLCZyZzZI=
39,-50,4Dnzxb0PEFIF12Ew5XX38KRGDlA=,O0ixrS8io1o9tRXr65CLCZyZzZI=
32,-49,4Dnzxb0PEFIF12Ew5XX38KRGDlA=,O0ixrS8io1o9tRXr65CLCZyZzZI=
36,-54,4Dnzxb0PEFIF12Ew5XX38KRGDlA=,O0ixrS8io1o9tRXr65CLCZyZzZI=
38,-50,4Dnzxb0PEFIF12Ew5XX38KRGDlA=,O0ixrS8io1o9tRXr65CLCZyZzZI=
37,-50,4Dnzxb0PEFIF12Ew5XX38KRGDlA=,O0ixrS8io1o9tRXr65CLCZyZzZI=
38,-55,4Dnzxb0PEFIF12Ew5XX38KRGDlA=,O0ixrS8io1o9tRXr65CLCZyZzZI=
39,-55,4Dnzxb0PEFIF12Ew5XX38KRGDlA=,O0ixrS8io1o9tRXr65CLCZyZzZI=
36,-50,4Dnzxb0PEFIF12Ew5XX38KRGDlA=,O0ixrS8io1o9tRXr65CLCZyZzZI=
34,-53,4Dnzxb0PEFIF12Ew5XX38KRGDlA=,O0ixrS8io1o9tRXr65CLCZyZzZI=
32,-52,4Dnzxb0PEFIF12Ew5XX38KRGDlA=,O0ixrS8io1o9tRXr65CLCZyZzZI=
33,-53,4Dnzxb0PEFIF12Ew5XX38KRGDlA=,O0ixrS8io1o9tRXr65CLCZyZzZI=
37,-55,4Dnzxb0PEFIF12Ew5XX38KRGDlA=,O0ixrS8io1o9tRXr65CLCZyZzZI=
32,-53,4Dnzxb0PEFIF12Ew5XX38KRGDlA=,O0ixrS8io1o9tRXr65CLCZyZzZI=
34,-54,4Dnzxb0PEFIF12Ew5XX38KRGDlA=,O0ixrS8io1o9tRXr65CLCZyZzZI=
35,-50,4Dnzxb0PEFIF12Ew5XX38KRGDlA=,O0ixrS8io1o9tRXr65CLCZyZzZI=
34,-50,4Dnzxb0PEFIF12Ew5XX38KRGDlA=,O0ixrS8io1o9tRXr65CLCZyZzZI=
33,-50,4Dnzxb0PEFIF12Ew5XX38KRGDlA=,O0ixrS8io1o9tRXr65CLCZyZzZI=
33,-54,4Dnzxb0PEFIF12Ew5XX38KRGDlA=,O0ixrS8io1o9tRXr65CLCZyZzZI=
39,-51,4Dnzxb0PEFIF12Ew5XX38KRGDlA=,O0ixrS8io1o9tRXr65CLCZyZzZI=
35,-54,4Dnzxb0PEFIF12Ew5XX38KRGDlA=,O0ixrS8io1o9tRXr65CLCZyZzZI=
32,-55,4Dnzxb0PEFIF12Ew5XX38KRGDlA=,O0ixrS8io1o9tRXr65CLCZyZzZI=
37,-51,4Dnzxb0PEFIF12Ew5XX38KRGDlA=,O0ixrS8io1o9tRXr65CLCZyZzZI=
36,-51,4Dnzxb0PEFIF12Ew5XX38KRGDlA=,O0ixrS8io1o9tRXr65CLCZyZzZI=
38,-51,4Dnzxb0PEFIF12Ew5XX38KRGDlA=,O0ixrS8io1o9tRXr65CLCZyZzZI=
35,-51,4Dnzxb0PEFIF12Ew5XX38KRGDlA=,O0ixrS8io1o9tRXr65CLCZyZzZI=
32,-54,4Dnzxb0PEFIF12Ew5XX38KRGDlA=,O0ixrS8io1o9tRXr65CLCZyZzZI=
39,-52,4Dnzxb0PEFIF12Ew5XX38KRGDlA=,O0ixrS8io1o9tRXr65CLCZyZzZI=
35,-55,4Dnzxb0PEFIF12Ew5XX38KRGDlA=,O0ixrS8io1o9tRXr65CLCZyZzZI=
37,-52,4Dnzxb0PEFIF12Ew5XX38KRGDlA=,O0ixrS8io1o9tRXr65CLCZyZzZI=
36,-52,4Dnzxb0PEFIF12Ew5XX38KRGDlA=,O0ixrS8io1o9tRXr65CLCZyZzZI=
35,-52,4Dnzxb0PEFIF12Ew5XX38KRGDlA=,O0ixrS8io1o9tRXr65CLCZyZzZI=
34,-51,4Dnzxb0PEFIF12Ew5XX38KRGDlA=,O0ixrS8io1o9tRXr65CLCZyZzZI=
38,-52,4Dnzxb0PEFIF12Ew5XX38KRGDlA=,O0ixrS8io1o9tRXr65CLCZyZzZI=
34,-55,4Dnzxb0PEFIF12Ew5XX38KRGDlA=,O0ixrS8io1o9tRXr65CLCZyZzZI=
36,-55,4Dnzxb0PEFIF12Ew5XX38KRGDlA=,O0ixrS8io1o9tRXr65CLCZyZzZI=
34,-52,4Dnzxb0PEFIF12Ew5XX38KRGDlA=,O0ixrS8io1o9tRXr65CLCZyZzZI=
32,-50,4Dnzxb0PEFIF12Ew5XX38KRGDlA=,O0ixrS8io1o9tRXr65CLCZyZzZI=
33,-55,4Dnzxb0PEFIF12Ew5XX38KRGDlA=,O0ixrS8io1o9tRXr65CLCZyZzZI=
33,-52,4Dnzxb0PEFIF12Ew5XX38KRGDlA=,O0ixrS8io1o9tRXr65CLCZyZzZI=
32,-51,4Dnzxb0PEFIF12Ew5XX38KRGDlA=,O0ixrS8io1o9tRXr65CLCZyZzZI=
33,-51,4Dnzxb0PEFIF12Ew5XX38KRGDlA=,O0ixrS8io1o9tRXr65CLCZyZzZI=
34,-59,4Dnzxb0PEFIF12Ew5XX38KRGDlA=,xh0/cVUmTpOprC4slG0lO7AFBNA=
32,-59,4Dnzxb0PEFIF12Ew5XX38KRGDlA=,xh0/cVUmTpOprC4slG0lO7AFBNA=
33,-59,4Dnzxb0PEFIF12Ew5XX38KRGDlA=,xh0/cVUmTpOprC4slG0lO7AFBNA=
35,-60,4Dnzxb0PEFIF12Ew5XX38KRGDlA=,xh0/cVUmTpOprC4slG0lO7AFBNA=
34,-60,4Dnzxb0PEFIF12Ew5XX38KRGDlA=,xh0/cVUmTpOprC4slG0lO7AFBNA=
33,-60,4Dnzxb0PEFIF12Ew5XX38KRGDlA=,xh0/cVUmTpOprC4slG0lO7AFBNA=
32,-60,4Dnzxb0PEFIF12Ew5XX38KRGDlA=,xh0/cVUmTpOprC4slG0lO7AFBNA=
40,-60,4Dnzxb0PEFIF12Ew5XX38KRGDlA=,Brk4OSGQZk/WwwFaW2zI4Lkgjg8=
38,-60,4Dnzxb0PEFIF12Ew5XX38KRGDlA=,xh0/cVUmTpOprC4slG0lO7AFBNA=
35,-59,4Dnzxb0PEFIF12Ew5XX38KRGDlA=,xh0/cVUmTpOprC4slG0lO7AFBNA=
39,-61,4Dnzxb0PEFIF12Ew5XX38KRGDlA=,xh0/cVUmTpOprC4slG0lO7AFBNA=
34,-61,4Dnzxb0PEFIF12Ew5XX38KRGDlA=,xh0/cVUmTpOprC4slG0lO7AFBNA=
35,-61,4Dnzxb0PEFIF12Ew5XX38KRGDlA=,xh0/cVUmTpOprC4slG0lO7AFBNA=
33,-61,4Dnzxb0PEFIF12Ew5XX38KRGDlA=,xh0/cVUmTpOprC4slG0lO7AFBNA=
32,-61,4Dnzxb0PEFIF12Ew5XX38KRGDlA=,xh0/cVUmTpOprC4slG0lO7AFBNA=
36,-60,4Dnzxb0PEFIF12Ew5XX38KRGDlA=,xh0/cVUmTpOprC4slG0lO7AFBNA=
38,-61,4Dnzxb0PEFIF12Ew5XX38KRGDlA=,xh0/cVUmTpOprC4slG0lO7AFBNA=
36,-61,4Dnzxb0PEFIF12Ew5XX38KRGDlA=,xh0/cVUmTpOprC4slG0lO7AFBNA=
36,-62,4Dnzxb0PEFIF12Ew5XX38KRGDlA=,xh0/cVUmTpOprC4slG0lO7AFBNA=
35,-62,4Dnzxb0PEFIF12Ew5XX38KRGDlA=,xh0/cVUmTpOprC4slG0lO7AFBNA=
34,-62,4Dnzxb0PEFIF12Ew5XX38KRGDlA=,xh0/cVUmTpOprC4slG0lO7AFBNA=
39,-60,4Dnzxb0PEFIF12Ew5XX38KRGDlA=,xh0/cVUmTpOprC4slG0lO7AFBNA=
33,-62,4Dnzxb0PEFIF12Ew5XX38KRGDlA=,xh0/cVUmTpOprC4slG0lO7AFBNA=
32,-62,4Dnzxb0PEFIF12Ew5XX38KRGDlA=,xh0/cVUmTpOprC4slG0lO7AFBNA=
39,-56,4Dnzxb0PEFIF12Ew5XX38KRGDlA=,O0ixrS8io1o9tRXr65CLCZyZzZI=
37,-60,4Dnzxb0PEFIF12Ew5XX38KRGDlA=,xh0/cVUmTpOprC4slG0lO7AFBNA=
39,-62,4Dnzxb0PEFIF12Ew5XX38KRGDlA=,xh0/cVUmTpOprC4slG0lO7AFBNA=
38,-56,4Dnzxb0PEFIF12Ew5XX38KRGDlA=,O0ixrS8io1o9tRXr65CLCZyZzZI=
36,-59,4Dnzxb0PEFIF12Ew5XX38KRGDlA=,xh0/cVUmTpOprC4slG0lO7AFBNA=
40,-62,4Dnzxb0PEFIF12Ew5XX38KRGDlA=,Brk4OSGQZk/WwwFaW2zI4Lkgjg8=
37,-63,4Dnzxb0PEFIF12Ew5XX38KRGDlA=,xh0/cVUmTpOprC4slG0lO7AFBNA=
37,-59,4Dnzxb0PEFIF12Ew5XX38KRGDlA=,xh0/cVUmTpOprC4slG0lO7AFBNA=
36,-63,4Dnzxb0PEFIF12Ew5XX38KRGDlA=,xh0/cVUmTpOprC4slG0lO7AFBNA=
37,-61,4Dnzxb0PEFIF12Ew5XX38KRGDlA=,xh0/cVUmTpOprC4slG0lO7AFBNA=
37,-62,4Dnzxb0PEFIF12Ew5XX38KRGDlA=,xh0/cVUmTpOprC4slG0lO7AFBNA=
35,-63,4Dnzxb0PEFIF12Ew5XX38KRGDlA=,xh0/cVUmTpOprC4slG0lO7AFBNA=
38,-62,4Dnzxb0PEFIF12Ew5XX38KRGDlA=,xh0/cVUmTpOprC4slG0lO7AFBNA=
35,-56,4Dnzxb0PEFIF12Ew5XX38KRGDlA=,O0ixrS8io1o9tRXr65CLCZyZzZI=
40,-57,4Dnzxb0PEFIF12Ew5XX38KRGDlA=,Brk4OSGQZk/WwwFaW2zI4Lkgjg8=
37,-56,4Dnzxb0PEFIF12Ew5XX38KRGDlA=,O0ixrS8io1o9tRXr65CLCZyZzZI=
32,-63,4Dnzxb0PEFIF12Ew5XX38KRGDlA=,xh0/cVUmTpOprC4slG0lO7AFBNA=
34,-63,4Dnzxb0PEFIF12Ew5XX38KRGDlA=,xh0/cVUmTpOprC4slG0lO7AFBNA=
38,-63,4Dnzxb0PEFIF12Ew5XX38KRGDlA=,xh0/cVUmTpOprC4slG0lO7AFBNA=
32,-56,4Dnzxb0PEFIF12Ew5XX38KRGDlA=,O0ixrS8io1o9tRXr65CLCZyZzZI=
39,-57,4Dnzxb0PEFIF12Ew5XX38KRGDlA=,xh0/cVUmTpOprC4slG0lO7AFBNA=
36,-56,4Dnzxb0PEFIF12Ew5XX38KRGDlA=,O0ixrS8io1o9tRXr65CLCZyZzZI=
33,-63,4Dnzxb0PEFIF12Ew5XX38KRGDlA=,xh0/cVUmTpOprC4slG0lO7AFBNA=
39,-63,4Dnzxb0PEFIF12Ew5XX38KRGDlA=,xh0/cVUmTpOprC4slG0lO7AFBNA=
33,-56,4Dnzxb0PEFIF12Ew5XX38KRGDlA=,O0ixrS8io1o9tRXr65CLCZyZzZI=
38,-59,4Dnzxb0PEFIF12Ew5XX38KRGDlA=,xh0/cVUmTpOprC4slG0lO7AFBNA=
36,-57,4Dnzxb0PEFIF12Ew5XX38KRGDlA=,xh0/cVUmTpOprC4slG0lO7AFBNA=
34,-56,4Dnzxb0PEFIF12Ew5XX38KRGDlA=,O0ixrS8io1o9tRXr65CLCZyZzZI=
38,-57,4Dnzxb0PEFIF12Ew5XX38KRGDlA=,xh0/cVUmTpOprC4slG0lO7AFBNA=
33,-57,4Dnzxb0PEFIF12Ew5XX38KRGDlA=,xh0/cVUmTpOprC4slG0lO7AFBNA=
40,-61,4Dnzxb0PEFIF12Ew5XX38KRGDlA=,Brk4OSGQZk/WwwFaW2zI4Lkgjg8=
40,-63,4Dnzxb0PEFIF12Ew5XX38KRGDlA=,Brk4OSGQZk/WwwFaW2zI4Lkgjg8=
35,-57,4Dnzxb0PEFIF12Ew5XX38KRGDlA=,xh0/cVUmTpOprC4slG0lO7AFBNA=
36,-64,4Dnzxb0PEFIF12Ew5XX38KRGDlA=,xh0/cVUmTpOprC4slG0lO7AFBNA=
32,-57,4Dnzxb0PEFIF12Ew5XX38KRGDlA=,xh0/cVUmTpOprC4slG0lO7AFBNA=
34,-57,4Dnzxb0PEFIF12Ew5XX38KRGDlA=,xh0/cVUmTpOprC4slG0lO7AFBNA=
37,-57,4Dnzxb0PEFIF12Ew5XX38KRGDlA=,xh0/cVUmTpOprC4slG0lO7AFBNA=
35,-64,4Dnzxb0PEFIF12Ew5XX38KRGDlA=,xh0/cVUmTpOprC4slG0lO7AFBNA=
34,-64,4Dnzxb0PEFIF12Ew5XX38KRGDlA=,xh0/cVUmTpOprC4slG0lO7AFBNA=
40,-58,4Dnzxb0PEFIF12Ew5XX38KRGDlA=,Brk4OSGQZk/WwwFaW2zI4Lkgjg8=
39,-58,4Dnzxb0PEFIF12Ew5XX38KRGDlA=,xh0/cVUmTpOprC4slG0lO7AFBNA=
39,-59,4Dnzxb0PEFIF12Ew5XX38KRGDlA=,xh0/cVUmTpOprC4slG0lO7AFBNA=
40,-59,4Dnzxb0PEFIF12Ew5XX38KRGDlA=,Brk4OSGQZk/WwwFaW2zI4Lkgjg8=
37,-64,4Dnzxb0PEFIF12Ew5XX38KRGDlA=,xh0/cVUmTpOprC4slG0lO7AFBNA=
38,-64,4Dnzxb0PEFIF12Ew5XX38KRGDlA=,xh0/cVUmTpOprC4slG0lO7AFBNA=
33,-58,4Dnzxb0PEFIF12Ew5XX38KRGDlA=,xh0/cVUmTpOprC4slG0lO7AFBNA=
32,-58,4Dnzxb0PEFIF12Ew5XX38KRGDlA=,xh0/cVUmTpOprC4slG0lO7AFBNA=
33,-64,4Dnzxb0PEFIF12Ew5XX38KRGDlA=,xh0/cVUmTpOprC4slG0lO7AFBNA=
34,-58,4Dnzxb0PEFIF12Ew5XX38KRGDlA=,xh0/cVUmTpOprC4slG0lO7AFBNA=
39,-64,4Dnzxb0PEFIF12Ew5XX38KRGDlA=,xh0/cVUmTpOprC4slG0lO7AFBNA=
37,-58,4Dnzxb0PEFIF12Ew5XX38KRGDlA=,xh0/cVUmTpOprC4slG0lO7AFBNA=
32,-64,4Dnzxb0PEFIF12Ew5XX38KRGDlA=,xh0/cVUmTpOprC4slG0lO7AFBNA=
36,-58,4Dnzxb0PEFIF12Ew5XX38KRGDlA=,xh0/cVUmTpOprC4slG0lO7AFBNA=
35,-58,4Dnzxb0PEFIF12Ew5XX38KRGDlA=,xh0/cVUmTpOprC4slG0lO7AFBNA=
40,-64,4Dnzxb0PEFIF12Ew5XX38KRGDlA=,Brk4OSGQZk/WwwFaW2zI4Lkgjg8=
38,-58,4Dnzxb0PEFIF12Ew5XX38KRGDlA=,xh0/cVUmTpOprC4slG0lO7AFBNA=
36,-45,4Dnzxb0PEFIF12Ew5XX38KRGDlA=,iJe/Rk/z4x73HTygi9FPX1YeH7Q=
35,-45,4Dnzxb0PEFIF12Ew5XX38KRGDlA=,iJe/Rk/z4x73HTygi9FPX1YeH7Q=
34,-45,4Dnzxb0PEFIF12Ew5XX38KRGDlA=,iJe/Rk/z4x73HTygi9FPX1YeH7Q=
33,-45,4Dnzxb0PEFIF12Ew5XX38KRGDlA=,iJe/Rk/z4x73HTygi9FPX1YeH7Q=
38,-46,4Dnzxb0PEFIF12Ew5XX38KRGDlA=,iJe/Rk/z4x73HTygi9FPX1YeH7Q=
37,-46,4Dnzxb0PEFIF12Ew5XX38KRGDlA=,iJe/Rk/z4x73HTygi9FPX1YeH7Q=
36,-46,4Dnzxb0PEFIF12Ew5XX38KRGDlA=,iJe/Rk/z4x73HTygi9FPX1YeH7Q=
35,-46,4Dnzxb0PEFIF12Ew5XX38KRGDlA=,iJe/Rk/z4x73HTygi9FPX1YeH7Q=
38,-42,4Dnzxb0PEFIF12Ew5XX38KRGDlA=,iJe/Rk/z4x73HTygi9FPX1YeH7Q=
37,-42,4Dnzxb0PEFIF12Ew5XX38KRGDlA=,iJe/Rk/z4x73HTygi9FPX1YeH7Q=
34,-46,4Dnzxb0PEFIF12Ew5XX38KRGDlA=,iJe/Rk/z4x73HTygi9FPX1YeH7Q=
36,-42,4Dnzxb0PEFIF12Ew5XX38KRGDlA=,iJe/Rk/z4x73HTygi9FPX1YeH7Q=
35,-42,4Dnzxb0PEFIF12Ew5XX38KRGDlA=,iJe/Rk/z4x73HTygi9FPX1YeH7Q=
33,-46,4Dnzxb0PEFIF12Ew5XX38KRGDlA=,iJe/Rk/z4x73HTygi9FPX1YeH7Q=
38,-47,4Dnzxb0PEFIF12Ew5XX38KRGDlA=,iJe/Rk/z4x73HTygi9FPX1YeH7Q=
34,-42,4Dnzxb0PEFIF12Ew5XX38KRGDlA=,iJe/Rk/z4x73HTygi9FPX1YeH7Q=
37,-47,4Dnzxb0PEFIF12Ew5XX38KRGDlA=,iJe/Rk/z4x73HTygi9FPX1YeH7Q=
36,-47,4Dnzxb0PEFIF12Ew5XX38KRGDlA=,iJe/Rk/z4x73HTygi9FPX1YeH7Q=
35,-47,4Dnzxb0PEFIF12Ew5XX38KRGDlA=,iJe/Rk/z4x73HTygi9FPX1YeH7Q=
33,-47,4Dnzxb0PEFIF12Ew5XX38KRGDlA=,iJe/Rk/z4x73HTygi9FPX1YeH7Q=
34,-47,4Dnzxb0PEFIF12Ew5XX38KRGDlA=,iJe/Rk/z4x73HTygi9FPX1YeH7Q=
38,-43,4Dnzxb0PEFIF12Ew5XX38KRGDlA=,iJe/Rk/z4x73HTygi9FPX1YeH7Q=
37,-43,4Dnzxb0PEFIF12Ew5XX38KRGDlA=,iJe/Rk/z4x73HTygi9FPX1YeH7Q=
36,-43,4Dnzxb0PEFIF12Ew5XX38KRGDlA=,iJe/Rk/z4x73HTygi9FPX1YeH7Q=
35,-43,4Dnzxb0PEFIF12Ew5XX38KRGDlA=,iJe/Rk/z4x73HTygi9FPX1YeH7Q=
33,-42,4Dnzxb0PEFIF12Ew5XX38KRGDlA=,iJe/Rk/z4x73HTygi9FPX1YeH7Q=
34,-43,4Dnzxb0PEFIF12Ew5XX38KRGDlA=,iJe/Rk/z4x73HTygi9FPX1YeH7Q=
38,-44,4Dnzxb0PEFIF12Ew5XX38KRGDlA=,iJe/Rk/z4x73HTygi9FPX1YeH7Q=
37,-44,4Dnzxb0PEFIF12Ew5XX38KRGDlA=,iJe/Rk/z4x73HTygi9FPX1YeH7Q=
36,-44,4Dnzxb0PEFIF12Ew5XX38KRGDlA=,iJe/Rk/z4x73HTygi9FPX1YeH7Q=
35,-44,4Dnzxb0PEFIF12Ew5XX38KRGDlA=,iJe/Rk/z4x73HTygi9FPX1YeH7Q=
34,-44,4Dnzxb0PEFIF12Ew5XX38KRGDlA=,iJe/Rk/z4x73HTygi9FPX1YeH7Q=
33,-44,4Dnzxb0PEFIF12Ew5XX38KRGDlA=,iJe/Rk/z4x73HTygi9FPX1YeH7Q=
38,-45,4Dnzxb0PEFIF12Ew5XX38KRGDlA=,iJe/Rk/z4x73HTygi9FPX1YeH7Q=
37,-45,4Dnzxb0PEFIF12Ew5XX38KRGDlA=,iJe/Rk/z4x73HTygi9FPX1YeH7Q=
33,-43,4Dnzxb0PEFIF12Ew5XX38KRGDlA=,iJe/Rk/z4x73HTygi9FPX1YeH7Q=
39,-46,4Dnzxb0PEFIF12Ew5XX38KRGDlA=,iJe/Rk/z4x73HTygi9FPX1YeH7Q=
39,-42,4Dnzxb0PEFIF12Ew5XX38KRGDlA=,iJe/Rk/z4x73HTygi9FPX1YeH7Q=
40,-43,4Dnzxb0PEFIF12Ew5XX38KRGDlA=,WiaqUQ/fdZs0L+hLezxoIu3BdcM=
44,-43,4Dnzxb0PEFIF12Ew5XX38KRGDlA=,WiaqUQ/fdZs0L+hLezxoIu3BdcM=
41,-43,4Dnzxb0PEFIF12Ew5XX38KRGDlA=,WiaqUQ/fdZs0L+hLezxoIu3BdcM=
39,-47,4Dnzxb0PEFIF12Ew5XX38KRGDlA=,iJe/Rk/z4x73HTygi9FPX1YeH7Q=
42,-43,TCXZE1aDDRKZV4H1hzYOPm+rmYo=,WiaqUQ/fdZs0L+hLezxoIu3BdcM=
40,-44,TCXZE1aDDRKZV4H1hzYOPm+rmYo=,WiaqUQ/fdZs0L+hLezxoIu3BdcM=
39,-43,TCXZE1aDDRKZV4H1hzYOPm+rmYo=,iJe/Rk/z4x73HTygi9FPX1YeH7Q=
44,-45,TCXZE1aDDRKZV4H1hzYOPm+rmYo=,WiaqUQ/fdZs0L+hLezxoIu3BdcM=
41,-44,TCXZE1aDDRKZV4H1hzYOPm+rmYo=,WiaqUQ/fdZs0L+hLezxoIu3BdcM=
42,-45,TCXZE1aDDRKZV4H1hzYOPm+rmYo=,WiaqUQ/fdZs0L+hLezxoIu3BdcM=
46,-44,TCXZE1aDDRKZV4H1hzYOPm+rmYo=,WiaqUQ/fdZs0L+hLezxoIu3BdcM=
43,-45,TCXZE1aDDRKZV4H1hzYOPm+rmYo=,WiaqUQ/fdZs0L+hLezxoIu3BdcM=
44,-44,TCXZE1aDDRKZV4H1hzYOPm+rmYo=,WiaqUQ/fdZs0L+hLezxoIu3BdcM=
43,-43,TCXZE1aDDRKZV4H1hzYOPm+rmYo=,WiaqUQ/fdZs0L+hLezxoIu3BdcM=
45,-44,TCXZE1aDDRKZV4H1hzYOPm+rmYo=,WiaqUQ/fdZs0L+hLezxoIu3BdcM=
41,-45,TCXZE1aDDRKZV4H1hzYOPm+rmYo=,WiaqUQ/fdZs0L+hLezxoIu3BdcM=
40,-45,TCXZE1aDDRKZV4H1hzYOPm+rmYo=,WiaqUQ/fdZs0L+hLezxoIu3BdcM=
43,-44,TCXZE1aDDRKZV4H1hzYOPm+rmYo=,WiaqUQ/fdZs0L+hLezxoIu3BdcM=
44,-46,TCXZE1aDDRKZV4H1hzYOPm+rmYo=,WiaqUQ/fdZs0L+hLezxoIu3BdcM=
45,-46,TCXZE1aDDRKZV4H1hzYOPm+rmYo=,WiaqUQ/fdZs0L+hLezxoIu3BdcM=
43,-46,TCXZE1aDDRKZV4H1hzYOPm+rmYo=,WiaqUQ/fdZs0L+hLezxoIu3BdcM=
39,-44,TCXZE1aDDRKZV4H1hzYOPm+rmYo=,iJe/Rk/z4x73HTygi9FPX1YeH7Q=
42,-44,TCXZE1aDDRKZV4H1hzYOPm+rmYo=,WiaqUQ/fdZs0L+hLezxoIu3BdcM=
42,-46,TCXZE1aDDRKZV4H1hzYOPm+rmYo=,WiaqUQ/fdZs0L+hLezxoIu3BdcM=
41,-46,TCXZE1aDDRKZV4H1hzYOPm+rmYo=,WiaqUQ/fdZs0L+hLezxoIu3BdcM=
45,-43,TCXZE1aDDRKZV4H1hzYOPm+rmYo=,WiaqUQ/fdZs0L+hLezxoIu3BdcM=
40,-46,TCXZE1aDDRKZV4H1hzYOPm+rmYo=,WiaqUQ/fdZs0L+hLezxoIu3BdcM=
45,-45,TCXZE1aDDRKZV4H1hzYOPm+rmYo=,WiaqUQ/fdZs0L+hLezxoIu3BdcM=
46,-47,TCXZE1aDDRKZV4H1hzYOPm+rmYo=,WiaqUQ/fdZs0L+hLezxoIu3BdcM=
46,-46,TCXZE1aDDRKZV4H1hzYOPm+rmYo=,WiaqUQ/fdZs0L+hLezxoIu3BdcM=
45,-47,TCXZE1aDDRKZV4H1hzYOPm+rmYo=,WiaqUQ/fdZs0L+hLezxoIu3BdcM=
44,-47,TCXZE1aDDRKZV4H1hzYOPm+rmYo=,WiaqUQ/fdZs0L+hLezxoIu3BdcM=
43,-47,TCXZE1aDDRKZV4H1hzYOPm+rmYo=,WiaqUQ/fdZs0L+hLezxoIu3BdcM=
42,-47,TCXZE1aDDRKZV4H1hzYOPm+rmYo=,WiaqUQ/fdZs0L+hLezxoIu3BdcM=
41,-47,TCXZE1aDDRKZV4H1hzYOPm+rmYo=,WiaqUQ/fdZs0L+hLezxoIu3BdcM=
40,-47,TCXZE1aDDRKZV4H1hzYOPm+rmYo=,WiaqUQ/fdZs0L+hLezxoIu3BdcM=
39,-45,TCXZE1aDDRKZV4H1hzYOPm+rmYo=,iJe/Rk/z4x73HTygi9FPX1YeH7Q=
40,-42,TCXZE1aDDRKZV4H1hzYOPm+rmYo=,WiaqUQ/fdZs0L+hLezxoIu3BdcM=
46,-42,TCXZE1aDDRKZV4H1hzYOPm+rmYo=,WiaqUQ/fdZs0L+hLezxoIu3BdcM=
46,-45,TCXZE1aDDRKZV4H1hzYOPm+rmYo=,WiaqUQ/fdZs0L+hLezxoIu3BdcM=
43,-42,TCXZE1aDDRKZV4H1hzYOPm+rmYo=,WiaqUQ/fdZs0L+hLezxoIu3BdcM=
41,-42,TCXZE1aDDRKZV4H1hzYOPm+rmYo=,WiaqUQ/fdZs0L+hLezxoIu3BdcM=
44,-42,TCXZE1aDDRKZV4H1hzYOPm+rmYo=,WiaqUQ/fdZs0L+hLezxoIu3BdcM=
46,-43,TCXZE1aDDRKZV4H1hzYOPm+rmYo=,WiaqUQ/fdZs0L+hLezxoIu3BdcM=
45,-42,TCXZE1aDDRKZV4H1hzYOPm+rmYo=,WiaqUQ/fdZs0L+hLezxoIu3BdcM=
42,-42,TCXZE1aDDRKZV4H1hzYOPm+rmYo=,WiaqUQ/fdZs0L+hLezxoIu3BdcM=
47,-47,TCXZE1aDDRKZV4H1hzYOPm+rmYo=,WiaqUQ/fdZs0L+hLezxoIu3BdcM=
47,-43,TCXZE1aDDRKZV4H1hzYOPm+rmYo=,WiaqUQ/fdZs0L+hLezxoIu3BdcM=
47,-42,TCXZE1aDDRKZV4H1hzYOPm+rmYo=,WiaqUQ/fdZs0L+hLezxoIu3BdcM=
47,-46,TCXZE1aDDRKZV4H1hzYOPm+rmYo=,WiaqUQ/fdZs0L+hLezxoIu3BdcM=
47,-44,TCXZE1aDDRKZV4H1hzYOPm+rmYo=,WiaqUQ/fdZs0L+hLezxoIu3BdcM=
44,-35,TCXZE1aDDRKZV4H1hzYOPm+rmYo=,OW7tJJxd6rj3+sLNXLj/8OEgok4=
47,-45,TCXZE1aDDRKZV4H1hzYOPm+rmYo=,WiaqUQ/fdZs0L+hLezxoIu3BdcM=
45,-40,TCXZE1aDDRKZV4H1hzYOPm+rmYo=,OW7tJJxd6rj3+sLNXLj/8OEgok4=
43,-33,TCXZE1aDDRKZV4H1hzYOPm+rmYo=,OW7tJJxd6rj3+sLNXLj/8OEgok4=
41,-36,TCXZE1aDDRKZV4H1hzYOPm+rmYo=,OW7tJJxd6rj3+sLNXLj/8OEgok4=
42,-33,TCXZE1aDDRKZV4H1hzYOPm+rmYo=,OW7tJJxd6rj3+sLNXLj/8OEgok4=
44,-39,TCXZE1aDDRKZV4H1hzYOPm+rmYo=,OW7tJJxd6rj3+sLNXLj/8OEgok4=
41,-33,TCXZE1aDDRKZV4H1hzYOPm+rmYo=,OW7tJJxd6rj3+sLNXLj/8OEgok4=
45,-35,TCXZE1aDDRKZV4H1hzYOPm+rmYo=,OW7tJJxd6rj3+sLNXLj/8OEgok4=
43,-39,TCXZE1aDDRKZV4H1hzYOPm+rmYo=,OW7tJJxd6rj3+sLNXLj/8OEgok4=
44,-40,TCXZE1aDDRKZV4H1hzYOPm+rmYo=,OW7tJJxd6rj3+sLNXLj/8OEgok4=
43,-35,TCXZE1aDDRKZV4H1hzYOPm+rmYo=,OW7tJJxd6rj3+sLNXLj/8OEgok4=
45,-39,TCXZE1aDDRKZV4H1hzYOPm+rmYo=,OW7tJJxd6rj3+sLNXLj/8OEgok4=
46,-39,TCXZE1aDDRKZV4H1hzYOPm+rmYo=,OW7tJJxd6rj3+sLNXLj/8OEgok4=
42,-39,TCXZE1aDDRKZV4H1hzYOPm+rmYo=,OW7tJJxd6rj3+sLNXLj/8OEgok4=
43,-40,TCXZE1aDDRKZV4H1hzYOPm+rmYo=,OW7tJJxd6rj3+sLNXLj/8OEgok4=
42,-35,TCXZE1aDDRKZV4H1hzYOPm+rmYo=,OW7tJJxd6rj3+sLNXLj/8OEgok4=
47,-37,TCXZE1aDDRKZV4H1hzYOPm+rmYo=,OW7tJJxd6rj3+sLNXLj/8OEgok4=
47,-39,TCXZE1aDDRKZV4H1hzYOPm+rmYo=,OW7tJJxd6rj3+sLNXLj/8OEgok4=
46,-35,TCXZE1aDDRKZV4H1hzYOPm+rmYo=,OW7tJJxd6rj3+sLNXLj/8OEgok4=
44,-33,TCXZE1aDDRKZV4H1hzYOPm+rmYo=,OW7tJJxd6rj3+sLNXLj/8OEgok4=
41,-35,TCXZE1aDDRKZV4H1hzYOPm+rmYo=,OW7tJJxd6rj3+sLNXLj/8OEgok4=
45,-34,TCXZE1aDDRKZV4H1hzYOPm+rmYo=,OW7tJJxd6rj3+sLNXLj/8OEgok4=
46,-36,TCXZE1aDDRKZV4H1hzYOPm+rmYo=,OW7tJJxd6rj3+sLNXLj/8OEgok4=
45,-36,TCXZE1aDDRKZV4H1hzYOPm+rmYo=,OW7tJJxd6rj3+sLNXLj/8OEgok4=
46,-41,TCXZE1aDDRKZV4H1hzYOPm+rmYo=,WiaqUQ/fdZs0L+hLezxoIu3BdcM=
44,-34,TCXZE1aDDRKZV4H1hzYOPm+rmYo=,OW7tJJxd6rj3+sLNXLj/8OEgok4=
41,-39,TCXZE1aDDRKZV4H1hzYOPm+rmYo=,OW7tJJxd6rj3+sLNXLj/8OEgok4=
43,-34,TCXZE1aDDRKZV4H1hzYOPm+rmYo=,OW7tJJxd6rj3+sLNXLj/8OEgok4=
45,-41,TCXZE1aDDRKZV4H1hzYOPm+rmYo=,WiaqUQ/fdZs0L+hLezxoIu3BdcM=
44,-36,TCXZE1aDDRKZV4H1hzYOPm+rmYo=,OW7tJJxd6rj3+sLNXLj/8OEgok4=
43,-36,TCXZE1aDDRKZV4H1hzYOPm+rmYo=,OW7tJJxd6rj3+sLNXLj/8OEgok4=
47,-41,TCXZE1aDDRKZV4H1hzYOPm+rmYo=,WiaqUQ/fdZs0L+hLezxoIu3BdcM=
44,-37,TCXZE1aDDRKZV4H1hzYOPm+rmYo=,OW7tJJxd6rj3+sLNXLj/8OEgok4=
42,-34,TCXZE1aDDRKZV4H1hzYOPm+rmYo=,OW7tJJxd6rj3+sLNXLj/8OEgok4=
45,-37,TCXZE1aDDRKZV4H1hzYOPm+rmYo=,OW7tJJxd6rj3+sLNXLj/8OEgok4=
46,-34,TCXZE1aDDRKZV4H1hzYOPm+rmYo=,OW7tJJxd6rj3+sLNXLj/8OEgok4=
46,-37,TCXZE1aDDRKZV4H1hzYOPm+rmYo=,OW7tJJxd6rj3+sLNXLj/8OEgok4=
44,-41,TCXZE1aDDRKZV4H1hzYOPm+rmYo=,WiaqUQ/fdZs0L+hLezxoIu3BdcM=
47,-34,TCXZE1aDDRKZV4H1hzYOPm+rmYo=,OW7tJJxd6rj3+sLNXLj/8OEgok4=
43,-37,TCXZE1aDDRKZV4H1hzYOPm+rmYo=,OW7tJJxd6rj3+sLNXLj/8OEgok4=
44,-38,TCXZE1aDDRKZV4H1hzYOPm+rmYo=,OW7tJJxd6rj3+sLNXLj/8OEgok4=
43,-38,TCXZE1aDDRKZV4H1hzYOPm+rmYo=,OW7tJJxd6rj3+sLNXLj/8OEgok4=
42,-38,TCXZE1aDDRKZV4H1hzYOPm+rmYo=,OW7tJJxd6rj3+sLNXLj/8OEgok4=
47,-38,TCXZE1aDDRKZV4H1hzYOPm+rmYo=,OW7tJJxd6rj3+sLNXLj/8OEgok4=
47,-40,TCXZE1aDDRKZV4H1hzYOPm+rmYo=,OW7tJJxd6rj3+sLNXLj/8OEgok4=
41,-34,TCXZE1aDDRKZV4H1hzYOPm+rmYo=,OW7tJJxd6rj3+sLNXLj/8OEgok4=
42,-37,TCXZE1aDDRKZV4H1hzYOPm+rmYo=,OW7tJJxd6rj3+sLNXLj/8OEgok4=
47,-35,TCXZE1aDDRKZV4H1hzYOPm+rmYo=,OW7tJJxd6rj3+sLNXLj/8OEgok4=
42,-36,TCXZE1aDDRKZV4H1hzYOPm+rmYo=,OW7tJJxd6rj3+sLNXLj/8OEgok4=
45,-33,TCXZE1aDDRKZV4H1hzYOPm+rmYo=,OW7tJJxd6rj3+sLNXLj/8OEgok4=
43,-41,TCXZE1aDDRKZV4H1hzYOPm+rmYo=,WiaqUQ/fdZs0L+hLezxoIu3BdcM=
46,-40,TCXZE1aDDRKZV4H1hzYOPm+rmYo=,OW7tJJxd6rj3+sLNXLj/8OEgok4=
41,-37,TCXZE1aDDRKZV4H1hzYOPm+rmYo=,OW7tJJxd6rj3+sLNXLj/8OEgok4=
41,-41,TCXZE1aDDRKZV4H1hzYOPm+rmYo=,WiaqUQ/fdZs0L+hLezxoIu3BdcM=
41,-40,TCXZE1aDDRKZV4H1hzYOPm+rmYo=,OW7tJJxd6rj3+sLNXLj/8OEgok4=
42,-41,TCXZE1aDDRKZV4H1hzYOPm+rmYo=,WiaqUQ/fdZs0L+hLezxoIu3BdcM=
45,-38,TCXZE1aDDRKZV4H1hzYOPm+rmYo=,OW7tJJxd6rj3+sLNXLj/8OEgok4=
46,-38,TCXZE1aDDRKZV4H1hzYOPm+rmYo=,OW7tJJxd6rj3+sLNXLj/8OEgok4=
42,-40,TCXZE1aDDRKZV4H1hzYOPm+rmYo=,OW7tJJxd6rj3+sLNXLj/8OEgok4=
41,-38,TCXZE1aDDRKZV4H1hzYOPm+rmYo=,OW7tJJxd6rj3+sLNXLj/8OEgok4=
47,-36,TCXZE1aDDRKZV4H1hzYOPm+rmYo=,OW7tJJxd6rj3+sLNXLj/8OEgok4=
38,-33,TCXZE1aDDRKZV4H1hzYOPm+rmYo=,A2/9n88AAjp7HvZDjShys1y+M3c=
46,-33,TCXZE1aDDRKZV4H1hzYOPm+rmYo=,OW7tJJxd6rj3+sLNXLj/8OEgok4=
39,-41,TCXZE1aDDRKZV4H1hzYOPm+rmYo=,iJe/Rk/z4x73HTygi9FPX1YeH7Q=
38,-41,TCXZE1aDDRKZV4H1hzYOPm+rmYo=,iJe/Rk/z4x73HTygi9FPX1YeH7Q=
35,-37,TCXZE1aDDRKZV4H1hzYOPm+rmYo=,A2/9n88AAjp7HvZDjShys1y+M3c=
36,-37,TCXZE1aDDRKZV4H1hzYOPm+rmYo=,A2/9n88AAjp7HvZDjShys1y+M3c=
40,-40,TCXZE1aDDRKZV4H1hzYOPm+rmYo=,OW7tJJxd6rj3+sLNXLj/8OEgok4=
37,-37,TCXZE1aDDRKZV4H1hzYOPm+rmYo=,A2/9n88AAjp7HvZDjShys1y+M3c=
33,-37,TCXZE1aDDRKZV4H1hzYOPm+rmYo=,A2/9n88AAjp7HvZDjShys1y+M3c=
37,-33,TCXZE1aDDRKZV4H1hzYOPm+rmYo=,A2/9n88AAjp7HvZDjShys1y+M3c=
33,-33,TCXZE1aDDRKZV4H1hzYOPm+rmYo=,A2/9n88AAjp7HvZDjShys1y+M3c=
34,-33,TCXZE1aDDRKZV4H1hzYOPm+rmYo=,A2/9n88AAjp7HvZDjShys1y+M3c=
38,-37,TCXZE1aDDRKZV4H1hzYOPm+rmYo=,A2/9n88AAjp7HvZDjShys1y+M3c=
38,-38,TCXZE1aDDRKZV4H1hzYOPm+rmYo=,A2/9n88AAjp7HvZDjShys1y+M3c=
37,-38,TCXZE1aDDRKZV4H1hzYOPm+rmYo=,A2/9n88AAjp7HvZDjShys1y+M3c=
36,-38,TCXZE1aDDRKZV4H1hzYOPm+rmYo=,A2/9n88AAjp7HvZDjShys1y+M3c=
38,-34,TCXZE1aDDRKZV4H1hzYOPm+rmYo=,A2/9n88AAjp7HvZDjShys1y+M3c=
40,-38,TCXZE1aDDRKZV4H1hzYOPm+rmYo=,OW7tJJxd6rj3+sLNXLj/8OEgok4=
39,-33,TCXZE1aDDRKZV4H1hzYOPm+rmYo=,A2/9n88AAjp7HvZDjShys1y+M3c=
34,-37,TCXZE1aDDRKZV4H1hzYOPm+rmYo=,A2/9n88AAjp7HvZDjShys1y+M3c=
37,-41,TCXZE1aDDRKZV4H1hzYOPm+rmYo=,iJe/Rk/z4x73HTygi9FPX1YeH7Q=
35,-33,TCXZE1aDDRKZV4H1hzYOPm+rmYo=,A2/9n88AAjp7HvZDjShys1y+M3c=
37,-34,TCXZE1aDDRKZV4H1hzYOPm+rmYo=,A2/9n88AAjp7HvZDjShys1y+M3c=
36,-41,TCXZE1aDDRKZV4H1hzYOPm+rmYo=,iJe/Rk/z4x73HTygi9FPX1YeH7Q=
35,-41,TCXZE1aDDRKZV4H1hzYOPm+rmYo=,iJe/Rk/z4x73HTygi9FPX1YeH7Q=
34,-41,TCXZE1aDDRKZV4H1hzYOPm+rmYo=,iJe/Rk/z4x73HTygi9FPX1YeH7Q=
39,-34,TCXZE1aDDRKZV4H1hzYOPm+rmYo=,A2/9n88AAjp7HvZDjShys1y+M3c=
39,-38,TCXZE1aDDRKZV4H1hzYOPm+rmYo=,A2/9n88AAjp7HvZDjShys1y+M3c=
33,-34,TCXZE1aDDRKZV4H1hzYOPm+rmYo=,A2/9n88AAjp7HvZDjShys1y+M3c=
40,-34,TCXZE1aDDRKZV4H1hzYOPm+rmYo=,OW7tJJxd6rj3+sLNXLj/8OEgok4=
35,-38,TCXZE1aDDRKZV4H1hzYOPm+rmYo=,A2/9n88AAjp7HvZDjShys1y+M3c=
40,-36,TCXZE1aDDRKZV4H1hzYOPm+rmYo=,OW7tJJxd6rj3+sLNXLj/8OEgok4=
33,-38,TCXZE1aDDRKZV4H1hzYOPm+rmYo=,A2/9n88AAjp7HvZDjShys1y+M3c=
36,-34,TCXZE1aDDRKZV4H1hzYOPm+rmYo=,A2/9n88AAjp7HvZDjShys1y+M3c=
38,-39,TCXZE1aDDRKZV4H1hzYOPm+rmYo=,A2/9n88AAjp7HvZDjShys1y+M3c=
37,-39,TCXZE1aDDRKZV4H1hzYOPm+rmYo=,A2/9n88AAjp7HvZDjShys1y+M3c=
36,-39,TCXZE1aDDRKZV4H1hzYOPm+rmYo=,A2/9n88AAjp7HvZDjShys1y+M3c=
33,-41,TCXZE1aDDRKZV4H1hzYOPm+rmYo=,iJe/Rk/z4x73HTygi9FPX1YeH7Q=
36,-33,TCXZE1aDDRKZV4H1hzYOPm+rmYo=,A2/9n88AAjp7HvZDjShys1y+M3c=
40,-33,TCXZE1aDDRKZV4H1hzYOPm+rmYo=,OW7tJJxd6rj3+sLNXLj/8OEgok4=
34,-34,TCXZE1aDDRKZV4H1hzYOPm+rmYo=,A2/9n88AAjp7HvZDjShys1y+M3c=
39,-40,TCXZE1aDDRKZV4H1hzYOPm+rmYo=,A2/9n88AAjp7HvZDjShys1y+M3c=
38,-40,TCXZE1aDDRKZV4H1hzYOPm+rmYo=,A2/9n88AAjp7HvZDjShys1y+M3c=
35,-34,TCXZE1aDDRKZV4H1hzYOPm+rmYo=,A2/9n88AAjp7HvZDjShys1y+M3c=
37,-40,TCXZE1aDDRKZV4H1hzYOPm+rmYo=,A2/9n88AAjp7HvZDjShys1y+M3c=
34,-38,TCXZE1aDDRKZV4H1hzYOPm+rmYo=,A2/9n88AAjp7HvZDjShys1y+M3c=
38,-35,TCXZE1aDDRKZV4H1hzYOPm+rmYo=,A2/9n88AAjp7HvZDjShys1y+M3c=
36,-40,TCXZE1aDDRKZV4H1hzYOPm+rmYo=,A2/9n88AAjp7HvZDjShys1y+M3c=
35,-40,TCXZE1aDDRKZV4H1hzYOPm+rmYo=,A2/9n88AAjp7HvZDjShys1y+M3c=
39,-35,TCXZE1aDDRKZV4H1hzYOPm+rmYo=,A2/9n88AAjp7HvZDjShys1y+M3c=
39,-37,TCXZE1aDDRKZV4H1hzYOPm+rmYo=,A2/9n88AAjp7HvZDjShys1y+M3c=
33,-39,TCXZE1aDDRKZV4H1hzYOPm+rmYo=,A2/9n88AAjp7HvZDjShys1y+M3c=
35,-39,TCXZE1aDDRKZV4H1hzYOPm+rmYo=,A2/9n88AAjp7HvZDjShys1y+M3c=
37,-35,TCXZE1aDDRKZV4H1hzYOPm+rmYo=,A2/9n88AAjp7HvZDjShys1y+M3c=
39,-39,TCXZE1aDDRKZV4H1hzYOPm+rmYo=,A2/9n88AAjp7HvZDjShys1y+M3c=
33,-36,TCXZE1aDDRKZV4H1hzYOPm+rmYo=,A2/9n88AAjp7HvZDjShys1y+M3c=
33,-35,TCXZE1aDDRKZV4H1hzYOPm+rmYo=,A2/9n88AAjp7HvZDjShys1y+M3c=
40,-41,TCXZE1aDDRKZV4H1hzYOPm+rmYo=,WiaqUQ/fdZs0L+hLezxoIu3BdcM=
34,-40,TCXZE1aDDRKZV4H1hzYOPm+rmYo=,A2/9n88AAjp7HvZDjShys1y+M3c=
36,-35,TCXZE1aDDRKZV4H1hzYOPm+rmYo=,A2/9n88AAjp7HvZDjShys1y+M3c=
40,-37,TCXZE1aDDRKZV4H1hzYOPm+rmYo=,OW7tJJxd6rj3+sLNXLj/8OEgok4=
34,-39,TCXZE1aDDRKZV4H1hzYOPm+rmYo=,A2/9n88AAjp7HvZDjShys1y+M3c=
35,-35,TCXZE1aDDRKZV4H1hzYOPm+rmYo=,A2/9n88AAjp7HvZDjShys1y+M3c=
34,-35,TCXZE1aDDRKZV4H1hzYOPm+rmYo=,A2/9n88AAjp7HvZDjShys1y+M3c=
37,-36,TCXZE1aDDRKZV4H1hzYOPm+rmYo=,A2/9n88AAjp7HvZDjShys1y+M3c=
40,-39,TCXZE1aDDRKZV4H1hzYOPm+rmYo=,OW7tJJxd6rj3+sLNXLj/8OEgok4=
34,-36,TCXZE1aDDRKZV4H1hzYOPm+rmYo=,A2/9n88AAjp7HvZDjShys1y+M3c=
40,-35,TCXZE1aDDRKZV4H1hzYOPm+rmYo=,OW7tJJxd6rj3+sLNXLj/8OEgok4=
38,-36,TCXZE1aDDRKZV4H1hzYOPm+rmYo=,A2/9n88AAjp7HvZDjShys1y+M3c=
33,-40,TCXZE1aDDRKZV4H1hzYOPm+rmYo=,A2/9n88AAjp7HvZDjShys1y+M3c=
39,-36,TCXZE1aDDRKZV4H1hzYOPm+rmYo=,A2/9n88AAjp7HvZDjShys1y+M3c=
35,-36,TCXZE1aDDRKZV4H1hzYOPm+rmYo=,A2/9n88AAjp7HvZDjShys1y+M3c=
36,-36,TCXZE1aDDRKZV4H1hzYOPm+rmYo=,A2/9n88AAjp7HvZDjShys1y+M3c=
45,-48,TCXZE1aDDRKZV4H1hzYOPm+rmYo=,WiaqUQ/fdZs0L+hLezxoIu3BdcM=
41,-48,TCXZE1aDDRKZV4H1hzYOPm+rmYo=,WiaqUQ/fdZs0L+hLezxoIu3BdcM=
44,-48,TCXZE1aDDRKZV4H1hzYOPm+rmYo=,WiaqUQ/fdZs0L+hLezxoIu3BdcM=
46,-48,TCXZE1aDDRKZV4H1hzYOPm+rmYo=,WiaqUQ/fdZs0L+hLezxoIu3BdcM=
43,-48,TCXZE1aDDRKZV4H1hzYOPm+rmYo=,WiaqUQ/fdZs0L+hLezxoIu3BdcM=
42,-48,TCXZE1aDDRKZV4H1hzYOPm+rmYo=,WiaqUQ/fdZs0L+hLezxoIu3BdcM=
32,-36,TCXZE1aDDRKZV4H1hzYOPm+rmYo=,A2/9n88AAjp7HvZDjShys1y+M3c=
32,-39,TCXZE1aDDRKZV4H1hzYOPm+rmYo=,A2/9n88AAjp7HvZDjShys1y+M3c=
32,-38,TCXZE1aDDRKZV4H1hzYOPm+rmYo=,A2/9n88AAjp7HvZDjShys1y+M3c=
32,-35,TCXZE1aDDRKZV4H1hzYOPm+rmYo=,A2/9n88AAjp7HvZDjShys1y+M3c=
32,-34,TCXZE1aDDRKZV4H1hzYOPm+rmYo=,A2/9n88AAjp7HvZDjShys1y+M3c=
32,-37,TCXZE1aDDRKZV4H1hzYOPm+rmYo=,A2/9n88AAjp7HvZDjShys1y+M3c=
32,-33,TCXZE1aDDRKZV4H1hzYOPm+rmYo=,A2/9n88AAjp7HvZDjShys1y+M3c=
39,-48,TCXZE1aDDRKZV4H1hzYOPm+rmYo=,iJe/Rk/z4x73HTygi9FPX1YeH7Q=
40,-48,TCXZE1aDDRKZV4H1hzYOPm+rmYo=,WiaqUQ/fdZs0L+hLezxoIu3BdcM=
33,-48,TCXZE1aDDRKZV4H1hzYOPm+rmYo=,iJe/Rk/z4x73HTygi9FPX1YeH7Q=
38,-48,TCXZE1aDDRKZV4H1hzYOPm+rmYo=,iJe/Rk/z4x73HTygi9FPX1YeH7Q=
34,-48,TCXZE1aDDRKZV4H1hzYOPm+rmYo=,iJe/Rk/z4x73HTygi9FPX1YeH7Q=
35,-48,TCXZE1aDDRKZV4H1hzYOPm+rmYo=,iJe/Rk/z4x73HTygi9FPX1YeH7Q=
36,-48,TCXZE1aDDRKZV4H1hzYOPm+rmYo=,iJe/Rk/z4x73HTygi9FPX1YeH7Q=
37,-48,TCXZE1aDDRKZV4H1hzYOPm+rmYo=,iJe/Rk/z4x73HTygi9FPX1YeH7Q=
32,-45,TCXZE1aDDRKZV4H1hzYOPm+rmYo=,iJe/Rk/z4x73HTygi9FPX1YeH7Q=
32,-47,TCXZE1aDDRKZV4H1hzYOPm+rmYo=,iJe/Rk/z4x73HTygi9FPX1YeH7Q=
32,-46,TCXZE1aDDRKZV4H1hzYOPm+rmYo=,iJe/Rk/z4x73HTygi9FPX1YeH7Q=
32,-44,TCXZE1aDDRKZV4H1hzYOPm+rmYo=,iJe/Rk/z4x73HTygi9FPX1YeH7Q=
32,-40,TCXZE1aDDRKZV4H1hzYOPm+rmYo=,A2/9n88AAjp7HvZDjShys1y+M3c=
32,-43,TCXZE1aDDRKZV4H1hzYOPm+rmYo=,iJe/Rk/z4x73HTygi9FPX1YeH7Q=
32,-42,TCXZE1aDDRKZV4H1hzYOPm+rmYo=,iJe/Rk/z4x73HTygi9FPX1YeH7Q=
32,-41,TCXZE1aDDRKZV4H1hzYOPm+rmYo=,iJe/Rk/z4x73HTygi9FPX1YeH7Q=
32,-48,TCXZE1aDDRKZV4H1hzYOPm+rmYo=,iJe/Rk/z4x73HTygi9FPX1YeH7Q=
47,-48,TCXZE1aDDRKZV4H1hzYOPm+rmYo=,WiaqUQ/fdZs0L+hLezxoIu3BdcM=
47,-33,TCXZE1aDDRKZV4H1hzYOPm+rmYo=,OW7tJJxd6rj3+sLNXLj/8OEgok4=
