-6,-38,7pU6LGyK97r6qbPcDNKF4oPeRy0=,JF7MFoHD41zfTqoeimQcmohNx0o=
-5,-38,7pU6LGyK97r6qbPcDNKF4oPeRy0=,JF7MFoHD41zfTqoeimQcmohNx0o=
-8,-37,7pU6LGyK97r6qbPcDNKF4oPeRy0=,JF7MFoHD41zfTqoeimQcmohNx0o=
-7,-37,7pU6LGyK97r6qbPcDNKF4oPeRy0=,JF7MFoHD41zfTqoeimQcmohNx0o=
-6,-37,7pU6LGyK97r6qbPcDNKF4oPeRy0=,JF7MFoHD41zfTqoeimQcmohNx0o=
-5,-37,7pU6LGyK97r6qbPcDNKF4oPeRy0=,JF7MFoHD41zfTqoeimQcmohNx0o=
-9,-36,5V2kAxKR93P974FdBzilP2j1O7Q=,2Vpm/BJ2j5rKeo5L2JFEsyUCM1w=
-8,-36,5V2kAxKR93P974FdBzilP2j1O7Q=,JF7MFoHD41zfTqoeimQcmohNx0o=
-5,-36,5V2kAxKR93P974FdBzilP2j1O7Q=,JF7MFoHD41zfTqoeimQcmohNx0o=
-9,-35,5V2kAxKR93P974FdBzilP2j1O7Q=,2Vpm/BJ2j5rKeo5L2JFEsyUCM1w=
-5,-35,5V2kAxKR93P974FdBzilP2j1O7Q=,JF7MFoHD41zfTqoeimQcmohNx0o=
-9,-34,5V2kAxKR93P974FdBzilP2j1O7Q=,2Vpm/BJ2j5rKeo5L2JFEsyUCM1w=
-5,-34,5V2kAxKR93P974FdBzilP2j1O7Q=,JF7MFoHD41zfTqoeimQcmohNx0o=
-4,-34,5V2kAxKR93P974FdBzilP2j1O7Q=,JF7MFoHD41zfTqoeimQcmohNx0o=
-9,-33,5V2kAxKR93P974FdBzilP2j1O7Q=,2Vpm/BJ2j5rKeo5L2JFEsyUCM1w=
-5,-33,5V2kAxKR93P974FdBzilP2j1O7Q=,JF7MFoHD41zfTqoeimQcmohNx0o=
-4,-33,5V2kAxKR93P974FdBzilP2j1O7Q=,JF7MFoHD41zfTqoeimQcmohNx0o=
