-12,-43,WAaUugj0yRjELDHCnytwcEJpUU4=,CAy0kQ2wxvD78XHJ12EPxNekk3Y=
-11,-44,WAaUugj0yRjELDHCnytwcEJpUU4=,CAy0kQ2wxvD78XHJ12EPxNekk3Y=
-10,-44,WAaUugj0yRjELDHCnytwcEJpUU4=,CAy0kQ2wxvD78XHJ12EPxNekk3Y=
-12,-44,WAaUugj0yRjELDHCnytwcEJpUU4=,CAy0kQ2wxvD78XHJ12EPxNekk3Y=
-11,-45,WAaUugj0yRjELDHCnytwcEJpUU4=,CAy0kQ2wxvD78XHJ12EPxNekk3Y=
-12,-45,WAaUugj0yRjELDHCnytwcEJpUU4=,CAy0kQ2wxvD78XHJ12EPxNekk3Y=
-10,-45,WAaUugj0yRjELDHCnytwcEJpUU4=,CAy0kQ2wxvD78XHJ12EPxNekk3Y=
-10,-46,WAaUugj0yRjELDHCnytwcEJpUU4=,CAy0kQ2wxvD78XHJ12EPxNekk3Y=
-11,-46,WAaUugj0yRjELDHCnytwcEJpUU4=,CAy0kQ2wxvD78XHJ12EPxNekk3Y=
-13,-43,WAaUugj0yRjELDHCnytwcEJpUU4=,CAy0kQ2wxvD78XHJ12EPxNekk3Y=
-12,-46,WAaUugj0yRjELDHCnytwcEJpUU4=,CAy0kQ2wxvD78XHJ12EPxNekk3Y=
-15,-43,WAaUugj0yRjELDHCnytwcEJpUU4=,CAy0kQ2wxvD78XHJ12EPxNekk3Y=
-13,-46,WAaUugj0yRjELDHCnytwcEJpUU4=,CAy0kQ2wxvD78XHJ12EPxNekk3Y=
-13,-44,WAaUugj0yRjELDHCnytwcEJpUU4=,CAy0kQ2wxvD78XHJ12EPxNekk3Y=
-13,-45,WAaUugj0yRjELDHCnytwcEJpUU4=,CAy0kQ2wxvD78XHJ12EPxNekk3Y=
-14,-46,WAaUugj0yRjELDHCnytwcEJpUU4=,CAy0kQ2wxvD78XHJ12EPxNekk3Y=
-14,-43,WAaUugj0yRjELDHCnytwcEJpUU4=,CAy0kQ2wxvD78XHJ12EPxNekk3Y=
-11,-47,WAaUugj0yRjELDHCnytwcEJpUU4=,CAy0kQ2wxvD78XHJ12EPxNekk3Y=
-12,-47,WAaUugj0yRjELDHCnytwcEJpUU4=,CAy0kQ2wxvD78XHJ12EPxNekk3Y=
-13,-47,WAaUugj0yRjELDHCnytwcEJpUU4=,CAy0kQ2wxvD78XHJ12EPxNekk3Y=
-10,-42,WAaUugj0yRjELDHCnytwcEJpUU4=,CAy0kQ2wxvD78XHJ12EPxNekk3Y=
-10,-47,WAaUugj0yRjELDHCnytwcEJpUU4=,CAy0kQ2wxvD78XHJ12EPxNekk3Y=
-14,-44,WAaUugj0yRjELDHCnytwcEJpUU4=,CAy0kQ2wxvD78XHJ12EPxNekk3Y=
-11,-42,WAaUugj0yRjELDHCnytwcEJpUU4=,CAy0kQ2wxvD78XHJ12EPxNekk3Y=
-14,-47,WAaUugj0yRjELDHCnytwcEJpUU4=,CAy0kQ2wxvD78XHJ12EPxNekk3Y=
-15,-44,WAaUugj0yRjELDHCnytwcEJpUU4=,CAy0kQ2wxvD78XHJ12EPxNekk3Y=
-14,-45,WAaUugj0yRjELDHCnytwcEJpUU4=,CAy0kQ2wxvD78XHJ12EPxNekk3Y=
-15,-45,WAaUugj0yRjELDHCnytwcEJpUU4=,CAy0kQ2wxvD78XHJ12EPxNekk3Y=
-15,-46,WAaUugj0yRjELDHCnytwcEJpUU4=,CAy0kQ2wxvD78XHJ12EPxNekk3Y=
-12,-42,WAaUugj0yRjELDHCnytwcEJpUU4=,CAy0kQ2wxvD78XHJ12EPxNekk3Y=
-10,-43,WAaUugj0yRjELDHCnytwcEJpUU4=,CAy0kQ2wxvD78XHJ12EPxNekk3Y=
-11,-43,WAaUugj0yRjELDHCnytwcEJpUU4=,CAy0kQ2wxvD78XHJ12EPxNekk3Y=
-15,-42,WAaUugj0yRjELDHCnytwcEJpUU4=,CAy0kQ2wxvD78XHJ12EPxNekk3Y=
-14,-42,WAaUugj0yRjELDHCnytwcEJpUU4=,CAy0kQ2wxvD78XHJ12EPxNekk3Y=
-15,-47,WAaUugj0yRjELDHCnytwcEJpUU4=,CAy0kQ2wxvD78XHJ12EPxNekk3Y=
-13,-42,WAaUugj0yRjELDHCnytwcEJpUU4=,CAy0kQ2wxvD78XHJ12EPxNekk3Y=
-11,-37,WAaUugj0yRjELDHCnytwcEJpUU4=,+9yQjDPsvJphtEaNsNiLjJrr+jg=
-13,-37,WAaUugj0yRjELDHCnytwcEJpUU4=,+9yQjDPsvJphtEaNsNiLjJrr+jg=
-10,-37,WAaUugj0yRjELDHCnytwcEJpUU4=,+9yQjDPsvJphtEaNsNiLjJrr+jg=
-12,-37,WAaUugj0yRjELDHCnytwcEJpUU4=,+9yQjDPsvJphtEaNsNiLjJrr+jg=
-14,-37,WAaUugj0yRjELDHCnytwcEJpUU4=,+9yQjDPsvJphtEaNsNiLjJrr+jg=
-15,-38,WAaUugj0yRjELDHCnytwcEJpUU4=,+9yQjDPsvJphtEaNsNiLjJrr+jg=
-15,-37,WAaUugj0yRjELDHCnytwcEJpUU4=,+9yQjDPsvJphtEaNsNiLjJrr+jg=
-14,-38,WAaUugj0yRjELDHCnytwcEJpUU4=,+9yQjDPsvJphtEaNsNiLjJrr+jg=
-13,-38,WAaUugj0yRjELDHCnytwcEJpUU4=,+9yQjDPsvJphtEaNsNiLjJrr+jg=
-10,-38,WAaUugj0yRjELDHCnytwcEJpUU4=,+9yQjDPsvJphtEaNsNiLjJrr+jg=
-15,-39,WAaUugj0yRjELDHCnytwcEJpUU4=,+9yQjDPsvJphtEaNsNiLjJrr+jg=
-11,-38,WAaUugj0yRjELDHCnytwcEJpUU4=,+9yQjDPsvJphtEaNsNiLjJrr+jg=
-14,-39,WAaUugj0yRjELDHCnytwcEJpUU4=,+9yQjDPsvJphtEaNsNiLjJrr+jg=
-15,-36,WAaUugj0yRjELDHCnytwcEJpUU4=,+9yQjDPsvJphtEaNsNiLjJrr+jg=
-12,-38,WAaUugj0yRjELDHCnytwcEJpUU4=,+9yQjDPsvJphtEaNsNiLjJrr+jg=
-10,-39,WAaUugj0yRjELDHCnytwcEJpUU4=,+9yQjDPsvJphtEaNsNiLjJrr+jg=
-12,-34,WAaUugj0yRjELDHCnytwcEJpUU4=,+9yQjDPsvJphtEaNsNiLjJrr+jg=
-13,-39,WAaUugj0yRjELDHCnytwcEJpUU4=,+9yQjDPsvJphtEaNsNiLjJrr+jg=
-11,-39,WAaUugj0yRjELDHCnytwcEJpUU4=,+9yQjDPsvJphtEaNsNiLjJrr+jg=
-12,-39,WAaUugj0yRjELDHCnytwcEJpUU4=,+9yQjDPsvJphtEaNsNiLjJrr+jg=
-10,-34,WAaUugj0yRjELDHCnytwcEJpUU4=,+9yQjDPsvJphtEaNsNiLjJrr+jg=
-11,-34,WAaUugj0yRjELDHCnytwcEJpUU4=,+9yQjDPsvJphtEaNsNiLjJrr+jg=
-13,-34,WAaUugj0yRjELDHCnytwcEJpUU4=,+9yQjDPsvJphtEaNsNiLjJrr+jg=
-10,-40,WAaUugj0yRjELDHCnytwcEJpUU4=,+9yQjDPsvJphtEaNsNiLjJrr+jg=
-14,-36,WAaUugj0yRjELDHCnytwcEJpUU4=,+9yQjDPsvJphtEaNsNiLjJrr+jg=
-13,-40,WAaUugj0yRjELDHCnytwcEJpUU4=,+9yQjDPsvJphtEaNsNiLjJrr+jg=
-15,-41,WAaUugj0yRjELDHCnytwcEJpUU4=,CAy0kQ2wxvD78XHJ12EPxNekk3Y=
-10,-35,WAaUugj0yRjELDHCnytwcEJpUU4=,+9yQjDPsvJphtEaNsNiLjJrr+jg=
-11,-35,WAaUugj0yRjELDHCnytwcEJpUU4=,+9yQjDPsvJphtEaNsNiLjJrr+jg=
-11,-40,WAaUugj0yRjELDHCnytwcEJpUU4=,+9yQjDPsvJphtEaNsNiLjJrr+jg=
-10,-36,WAaUugj0yRjELDHCnytwcEJpUU4=,+9yQjDPsvJphtEaNsNiLjJrr+jg=
-14,-34,WAaUugj0yRjELDHCnytwcEJpUU4=,+9yQjDPsvJphtEaNsNiLjJrr+jg=
-12,-40,WAaUugj0yRjELDHCnytwcEJpUU4=,+9yQjDPsvJphtEaNsNiLjJrr+jg=
-15,-34,WAaUugj0yRjELDHCnytwcEJpUU4=,+9yQjDPsvJphtEaNsNiLjJrr+jg=
-12,-35,WAaUugj0yRjELDHCnytwcEJpUU4=,+9yQjDPsvJphtEaNsNiLjJrr+jg=
-11,-36,WAaUugj0yRjELDHCnytwcEJpUU4=,+9yQjDPsvJphtEaNsNiLjJrr+jg=
-13,-36,WAaUugj0yRjELDHCnytwcEJpUU4=,+9yQjDPsvJphtEaNsNiLjJrr+jg=
-10,-41,WAaUugj0yRjELDHCnytwcEJpUU4=,CAy0kQ2wxvD78XHJ12EPxNekk3Y=
-14,-35,WAaUugj0yRjELDHCnytwcEJpUU4=,+9yQjDPsvJphtEaNsNiLjJrr+jg=
-13,-35,WAaUugj0yRjELDHCnytwcEJpUU4=,+9yQjDPsvJphtEaNsNiLjJrr+jg=
-14,-41,WAaUugj0yRjELDHCnytwcEJpUU4=,CAy0kQ2wxvD78XHJ12EPxNekk3Y=
-14,-40,WAaUugj0yRjELDHCnytwcEJpUU4=,+9yQjDPsvJphtEaNsNiLjJrr+jg=
-15,-40,WAaUugj0yRjELDHCnytwcEJpUU4=,+9yQjDPsvJphtEaNsNiLjJrr+jg=
-12,-36,WAaUugj0yRjELDHCnytwcEJpUU4=,+9yQjDPsvJphtEaNsNiLjJrr+jg=
-13,-41,WAaUugj0yRjELDHCnytwcEJpUU4=,CAy0kQ2wxvD78XHJ12EPxNekk3Y=
-15,-35,WAaUugj0yRjELDHCnytwcEJpUU4=,+9yQjDPsvJphtEaNsNiLjJrr+jg=
-2,-38,WAaUugj0yRjELDHCnytwcEJpUU4=,zPw5mRBMofZg6Azed9Y5zdwvOWg=
-11,-41,WAaUugj0yRjELDHCnytwcEJpUU4=,CAy0kQ2wxvD78XHJ12EPxNekk3Y=
-2,-39,WAaUugj0yRjELDHCnytwcEJpUU4=,zPw5mRBMofZg6Azed9Y5zdwvOWg=
-3,-39,WAaUugj0yRjELDHCnytwcEJpUU4=,zPw5mRBMofZg6Azed9Y5zdwvOWg=
-3,-38,WAaUugj0yRjELDHCnytwcEJpUU4=,zPw5mRBMofZg6Azed9Y5zdwvOWg=
-12,-41,WAaUugj0yRjELDHCnytwcEJpUU4=,CAy0kQ2wxvD78XHJ12EPxNekk3Y=
-4,-37,WAaUugj0yRjELDHCnytwcEJpUU4=,zPw5mRBMofZg6Azed9Y5zdwvOWg=
-9,-39,WAaUugj0yRjELDHCnytwcEJpUU4=,+9yQjDPsvJphtEaNsNiLjJrr+jg=
-3,-34,WAaUugj0yRjELDHCnytwcEJpUU4=,zPw5mRBMofZg6Azed9Y5zdwvOWg=
-6,-39,WAaUugj0yRjELDHCnytwcEJpUU4=,zPw5mRBMofZg6Azed9Y5zdwvOWg=
-7,-37,WAaUugj0yRjELDHCnytwcEJpUU4=,zPw5mRBMofZg6Azed9Y5zdwvOWg=
-2,-34,WAaUugj0yRjELDHCnytwcEJpUU4=,zPw5mRBMofZg6Azed9Y5zdwvOWg=
-4,-41,WAaUugj0yRjELDHCnytwcEJpUU4=,BZtiK5+LWvuETe7XWbzGTs0TUmw=
-6,-37,WAaUugj0yRjELDHCnytwcEJpUU4=,zPw5mRBMofZg6Azed9Y5zdwvOWg=
-8,-40,WAaUugj0yRjELDHCnytwcEJpUU4=,zPw5mRBMofZg6Azed9Y5zdwvOWg=
-2,-41,WAaUugj0yRjELDHCnytwcEJpUU4=,BZtiK5+LWvuETe7XWbzGTs0TUmw=
-3,-41,WAaUugj0yRjELDHCnytwcEJpUU4=,BZtiK5+LWvuETe7XWbzGTs0TUmw=
-9,-43,WAaUugj0yRjELDHCnytwcEJpUU4=,CAy0kQ2wxvD78XHJ12EPxNekk3Y=
-9,-38,WAaUugj0yRjELDHCnytwcEJpUU4=,+9yQjDPsvJphtEaNsNiLjJrr+jg=
-5,-37,WAaUugj0yRjELDHCnytwcEJpUU4=,zPw5mRBMofZg6Azed9Y5zdwvOWg=
-9,-34,WAaUugj0yRjELDHCnytwcEJpUU4=,+9yQjDPsvJphtEaNsNiLjJrr+jg=
-4,-34,WAaUugj0yRjELDHCnytwcEJpUU4=,zPw5mRBMofZg6Azed9Y5zdwvOWg=
-5,-34,WAaUugj0yRjELDHCnytwcEJpUU4=,zPw5mRBMofZg6Azed9Y5zdwvOWg=
-8,-41,WAaUugj0yRjELDHCnytwcEJpUU4=,BZtiK5+LWvuETe7XWbzGTs0TUmw=
-2,-35,WAaUugj0yRjELDHCnytwcEJpUU4=,zPw5mRBMofZg6Azed9Y5zdwvOWg=
-8,-37,WAaUugj0yRjELDHCnytwcEJpUU4=,zPw5mRBMofZg6Azed9Y5zdwvOWg=
-6,-41,WAaUugj0yRjELDHCnytwcEJpUU4=,BZtiK5+LWvuETe7XWbzGTs0TUmw=
-3,-35,WAaUugj0yRjELDHCnytwcEJpUU4=,zPw5mRBMofZg6Azed9Y5zdwvOWg=
-4,-39,WAaUugj0yRjELDHCnytwcEJpUU4=,zPw5mRBMofZg6Azed9Y5zdwvOWg=
-5,-41,WAaUugj0yRjELDHCnytwcEJpUU4=,BZtiK5+LWvuETe7XWbzGTs0TUmw=
-8,-38,WAaUugj0yRjELDHCnytwcEJpUU4=,zPw5mRBMofZg6Azed9Y5zdwvOWg=
-3,-37,WAaUugj0yRjELDHCnytwcEJpUU4=,zPw5mRBMofZg6Azed9Y5zdwvOWg=
-6,-34,WAaUugj0yRjELDHCnytwcEJpUU4=,zPw5mRBMofZg6Azed9Y5zdwvOWg=
-7,-34,WAaUugj0yRjELDHCnytwcEJpUU4=,zPw5mRBMofZg6Azed9Y5zdwvOWg=
-8,-34,WAaUugj0yRjELDHCnytwcEJpUU4=,zPw5mRBMofZg6Azed9Y5zdwvOWg=
-9,-36,WAaUugj0yRjELDHCnytwcEJpUU4=,+9yQjDPsvJphtEaNsNiLjJrr+jg=
-7,-40,WAaUugj0yRjELDHCnytwcEJpUU4=,zPw5mRBMofZg6Azed9Y5zdwvOWg=
-9,-35,WAaUugj0yRjELDHCnytwcEJpUU4=,+9yQjDPsvJphtEaNsNiLjJrr+jg=
-2,-42,WAaUugj0yRjELDHCnytwcEJpUU4=,BZtiK5+LWvuETe7XWbzGTs0TUmw=
-4,-40,WAaUugj0yRjELDHCnytwcEJpUU4=,zPw5mRBMofZg6Azed9Y5zdwvOWg=
-3,-40,WAaUugj0yRjELDHCnytwcEJpUU4=,zPw5mRBMofZg6Azed9Y5zdwvOWg=
-4,-38,WAaUugj0yRjELDHCnytwcEJpUU4=,zPw5mRBMofZg6Azed9Y5zdwvOWg=
-4,-35,WAaUugj0yRjELDHCnytwcEJpUU4=,zPw5mRBMofZg6Azed9Y5zdwvOWg=
-7,-41,WAaUugj0yRjELDHCnytwcEJpUU4=,BZtiK5+LWvuETe7XWbzGTs0TUmw=
-7,-38,WAaUugj0yRjELDHCnytwcEJpUU4=,zPw5mRBMofZg6Azed9Y5zdwvOWg=
-2,-37,WAaUugj0yRjELDHCnytwcEJpUU4=,zPw5mRBMofZg6Azed9Y5zdwvOWg=
-8,-39,WAaUugj0yRjELDHCnytwcEJpUU4=,zPw5mRBMofZg6Azed9Y5zdwvOWg=
-7,-39,WAaUugj0yRjELDHCnytwcEJpUU4=,zPw5mRBMofZg6Azed9Y5zdwvOWg=
-3,-42,WAaUugj0yRjELDHCnytwcEJpUU4=,BZtiK5+LWvuETe7XWbzGTs0TUmw=
-2,-36,WAaUugj0yRjELDHCnytwcEJpUU4=,zPw5mRBMofZg6Azed9Y5zdwvOWg=
-3,-36,WAaUugj0yRjELDHCnytwcEJpUU4=,zPw5mRBMofZg6Azed9Y5zdwvOWg=
-8,-47,WAaUugj0yRjELDHCnytwcEJpUU4=,BZtiK5+LWvuETe7XWbzGTs0TUmw=
-9,-42,WAaUugj0yRjELDHCnytwcEJpUU4=,CAy0kQ2wxvD78XHJ12EPxNekk3Y=
-6,-35,WAaUugj0yRjELDHCnytwcEJpUU4=,zPw5mRBMofZg6Azed9Y5zdwvOWg=
-8,-35,WAaUugj0yRjELDHCnytwcEJpUU4=,zPw5mRBMofZg6Azed9Y5zdwvOWg=
-5,-35,WAaUugj0yRjELDHCnytwcEJpUU4=,zPw5mRBMofZg6Azed9Y5zdwvOWg=
-5,-40,WAaUugj0yRjELDHCnytwcEJpUU4=,zPw5mRBMofZg6Azed9Y5zdwvOWg=
-7,-35,WAaUugj0yRjELDHCnytwcEJpUU4=,zPw5mRBMofZg6Azed9Y5zdwvOWg=
-4,-42,WAaUugj0yRjELDHCnytwcEJpUU4=,BZtiK5+LWvuETe7XWbzGTs0TUmw=
-6,-42,WAaUugj0yRjELDHCnytwcEJpUU4=,BZtiK5+LWvuETe7XWbzGTs0TUmw=
-8,-42,WAaUugj0yRjELDHCnytwcEJpUU4=,BZtiK5+LWvuETe7XWbzGTs0TUmw=
-4,-36,WAaUugj0yRjELDHCnytwcEJpUU4=,zPw5mRBMofZg6Azed9Y5zdwvOWg=
-5,-39,WAaUugj0yRjELDHCnytwcEJpUU4=,zPw5mRBMofZg6Azed9Y5zdwvOWg=
-9,-37,WAaUugj0yRjELDHCnytwcEJpUU4=,+9yQjDPsvJphtEaNsNiLjJrr+jg=
-9,-44,WAaUugj0yRjELDHCnytwcEJpUU4=,CAy0kQ2wxvD78XHJ12EPxNekk3Y=
-5,-38,WAaUugj0yRjELDHCnytwcEJpUU4=,zPw5mRBMofZg6Azed9Y5zdwvOWg=
-6,-38,WAaUugj0yRjELDHCnytwcEJpUU4=,zPw5mRBMofZg6Azed9Y5zdwvOWg=
-5,-42,WAaUugj0yRjELDHCnytwcEJpUU4=,BZtiK5+LWvuETe7XWbzGTs0TUmw=
-9,-47,WAaUugj0yRjELDHCnytwcEJpUU4=,CAy0kQ2wxvD78XHJ12EPxNekk3Y=
-2,-40,WAaUugj0yRjELDHCnytwcEJpUU4=,zPw5mRBMofZg6Azed9Y5zdwvOWg=
-7,-47,WAaUugj0yRjELDHCnytwcEJpUU4=,BZtiK5+LWvuETe7XWbzGTs0TUmw=
-2,-43,WAaUugj0yRjELDHCnytwcEJpUU4=,BZtiK5+LWvuETe7XWbzGTs0TUmw=
-7,-42,WAaUugj0yRjELDHCnytwcEJpUU4=,BZtiK5+LWvuETe7XWbzGTs0TUmw=
-5,-36,WAaUugj0yRjELDHCnytwcEJpUU4=,zPw5mRBMofZg6Azed9Y5zdwvOWg=
-6,-40,WAaUugj0yRjELDHCnytwcEJpUU4=,zPw5mRBMofZg6Azed9Y5zdwvOWg=
-9,-41,WAaUugj0yRjELDHCnytwcEJpUU4=,CAy0kQ2wxvD78XHJ12EPxNekk3Y=
-7,-36,WAaUugj0yRjELDHCnytwcEJpUU4=,zPw5mRBMofZg6Azed9Y5zdwvOWg=
-6,-47,WAaUugj0yRjELDHCnytwcEJpUU4=,BZtiK5+LWvuETe7XWbzGTs0TUmw=
-6,-43,WAaUugj0yRjELDHCnytwcEJpUU4=,BZtiK5+LWvuETe7XWbzGTs0TUmw=
-4,-43,WAaUugj0yRjELDHCnytwcEJpUU4=,BZtiK5+LWvuETe7XWbzGTs0TUmw=
-5,-43,WAaUugj0yRjELDHCnytwcEJpUU4=,BZtiK5+LWvuETe7XWbzGTs0TUmw=
-8,-36,WAaUugj0yRjELDHCnytwcEJpUU4=,zPw5mRBMofZg6Azed9Y5zdwvOWg=
-9,-45,WAaUugj0yRjELDHCnytwcEJpUU4=,CAy0kQ2wxvD78XHJ12EPxNekk3Y=
-3,-43,WAaUugj0yRjELDHCnytwcEJpUU4=,BZtiK5+LWvuETe7XWbzGTs0TUmw=
-8,-43,WAaUugj0yRjELDHCnytwcEJpUU4=,BZtiK5+LWvuETe7XWbzGTs0TUmw=
-7,-43,WAaUugj0yRjELDHCnytwcEJpUU4=,BZtiK5+LWvuETe7XWbzGTs0TUmw=
-7,-44,WAaUugj0yRjELDHCnytwcEJpUU4=,BZtiK5+LWvuETe7XWbzGTs0TUmw=
-6,-44,WAaUugj0yRjELDHCnytwcEJpUU4=,BZtiK5+LWvuETe7XWbzGTs0TUmw=
-9,-46,WAaUugj0yRjELDHCnytwcEJpUU4=,CAy0kQ2wxvD78XHJ12EPxNekk3Y=
-4,-44,WAaUugj0yRjELDHCnytwcEJpUU4=,BZtiK5+LWvuETe7XWbzGTs0TUmw=
-7,-45,WAaUugj0yRjELDHCnytwcEJpUU4=,BZtiK5+LWvuETe7XWbzGTs0TUmw=
-9,-40,WAaUugj0yRjELDHCnytwcEJpUU4=,+9yQjDPsvJphtEaNsNiLjJrr+jg=
-2,-44,WAaUugj0yRjELDHCnytwcEJpUU4=,BZtiK5+LWvuETe7XWbzGTs0TUmw=
-3,-44,WAaUugj0yRjELDHCnytwcEJpUU4=,BZtiK5+LWvuETe7XWbzGTs0TUmw=
-5,-44,WAaUugj0yRjELDHCnytwcEJpUU4=,BZtiK5+LWvuETe7XWbzGTs0TUmw=
-4,-45,WAaUugj0yRjELDHCnytwcEJpUU4=,BZtiK5+LWvuETe7XWbzGTs0TUmw=
-3,-45,WAaUugj0yRjELDHCnytwcEJpUU4=,BZtiK5+LWvuETe7XWbzGTs0TUmw=
-6,-45,WAaUugj0yRjELDHCnytwcEJpUU4=,BZtiK5+LWvuETe7XWbzGTs0TUmw=
-8,-44,WAaUugj0yRjELDHCnytwcEJpUU4=,BZtiK5+LWvuETe7XWbzGTs0TUmw=
-7,-46,WAaUugj0yRjELDHCnytwcEJpUU4=,BZtiK5+LWvuETe7XWbzGTs0TUmw=
-5,-47,WAaUugj0yRjELDHCnytwcEJpUU4=,BZtiK5+LWvuETe7XWbzGTs0TUmw=
-6,-46,WAaUugj0yRjELDHCnytwcEJpUU4=,BZtiK5+LWvuETe7XWbzGTs0TUmw=
-8,-45,WAaUugj0yRjELDHCnytwcEJpUU4=,BZtiK5+LWvuETe7XWbzGTs0TUmw=
-2,-46,WAaUugj0yRjELDHCnytwcEJpUU4=,BZtiK5+LWvuETe7XWbzGTs0TUmw=
-5,-45,WAaUugj0yRjELDHCnytwcEJpUU4=,BZtiK5+LWvuETe7XWbzGTs0TUmw=
-4,-46,WAaUugj0yRjELDHCnytwcEJpUU4=,BZtiK5+LWvuETe7XWbzGTs0TUmw=
-3,-46,WAaUugj0yRjELDHCnytwcEJpUU4=,BZtiK5+LWvuETe7XWbzGTs0TUmw=
-8,-46,WAaUugj0yRjELDHCnytwcEJpUU4=,BZtiK5+LWvuETe7XWbzGTs0TUmw=
-2,-47,WAaUugj0yRjELDHCnytwcEJpUU4=,BZtiK5+LWvuETe7XWbzGTs0TUmw=
-3,-47,WAaUugj0yRjELDHCnytwcEJpUU4=,BZtiK5+LWvuETe7XWbzGTs0TUmw=
-5,-46,WAaUugj0yRjELDHCnytwcEJpUU4=,BZtiK5+LWvuETe7XWbzGTs0TUmw=
-2,-45,WAaUugj0yRjELDHCnytwcEJpUU4=,BZtiK5+LWvuETe7XWbzGTs0TUmw=
-4,-47,WAaUugj0yRjELDHCnytwcEJpUU4=,BZtiK5+LWvuETe7XWbzGTs0TUmw=
-6,-36,WAaUugj0yRjELDHCnytwcEJpUU4=,zPw5mRBMofZg6Azed9Y5zdwvOWg=
-1,-38,XMvA8BOCs+E7AzhIaRrkzzpTir0=,zPw5mRBMofZg6Azed9Y5zdwvOWg=
-1,-47,XMvA8BOCs+E7AzhIaRrkzzpTir0=,BZtiK5+LWvuETe7XWbzGTs0TUmw=
-1,-41,XMvA8BOCs+E7AzhIaRrkzzpTir0=,BZtiK5+LWvuETe7XWbzGTs0TUmw=
-1,-39,XMvA8BOCs+E7AzhIaRrkzzpTir0=,zPw5mRBMofZg6Azed9Y5zdwvOWg=
-1,-42,XMvA8BOCs+E7AzhIaRrkzzpTir0=,BZtiK5+LWvuETe7XWbzGTs0TUmw=
-1,-37,XMvA8BOCs+E7AzhIaRrkzzpTir0=,zPw5mRBMofZg6Azed9Y5zdwvOWg=
-1,-36,XMvA8BOCs+E7AzhIaRrkzzpTir0=,zPw5mRBMofZg6Azed9Y5zdwvOWg=
-1,-40,XMvA8BOCs+E7AzhIaRrkzzpTir0=,zPw5mRBMofZg6Azed9Y5zdwvOWg=
-1,-34,XMvA8BOCs+E7AzhIaRrkzzpTir0=,zPw5mRBMofZg6Azed9Y5zdwvOWg=
-1,-44,XMvA8BOCs+E7AzhIaRrkzzpTir0=,BZtiK5+LWvuETe7XWbzGTs0TUmw=
-1,-45,XMvA8BOCs+E7AzhIaRrkzzpTir0=,BZtiK5+LWvuETe7XWbzGTs0TUmw=
-1,-43,XMvA8BOCs+E7AzhIaRrkzzpTir0=,BZtiK5+LWvuETe7XWbzGTs0TUmw=
-1,-35,XMvA8BOCs+E7AzhIaRrkzzpTir0=,zPw5mRBMofZg6Azed9Y5zdwvOWg=
-5,-33,XMvA8BOCs+E7AzhIaRrkzzpTir0=,zPw5mRBMofZg6Azed9Y5zdwvOWg=
-1,-46,XMvA8BOCs+E7AzhIaRrkzzpTir0=,BZtiK5+LWvuETe7XWbzGTs0TUmw=
-15,-33,XMvA8BOCs+E7AzhIaRrkzzpTir0=,+9yQjDPsvJphtEaNsNiLjJrr+jg=
-7,-33,XMvA8BOCs+E7AzhIaRrkzzpTir0=,zPw5mRBMofZg6Azed9Y5zdwvOWg=
-6,-33,XMvA8BOCs+E7AzhIaRrkzzpTir0=,zPw5mRBMofZg6Azed9Y5zdwvOWg=
-4,-33,XMvA8BOCs+E7AzhIaRrkzzpTir0=,zPw5mRBMofZg6Azed9Y5zdwvOWg=
-10,-33,XMvA8BOCs+E7AzhIaRrkzzpTir0=,+9yQjDPsvJphtEaNsNiLjJrr+jg=
-3,-33,XMvA8BOCs+E7AzhIaRrkzzpTir0=,zPw5mRBMofZg6Azed9Y5zdwvOWg=
-9,-33,XMvA8BOCs+E7AzhIaRrkzzpTir0=,+9yQjDPsvJphtEaNsNiLjJrr+jg=
-2,-33,XMvA8BOCs+E7AzhIaRrkzzpTir0=,zPw5mRBMofZg6Azed9Y5zdwvOWg=
-11,-33,XMvA8BOCs+E7AzhIaRrkzzpTir0=,+9yQjDPsvJphtEaNsNiLjJrr+jg=
-14,-33,XMvA8BOCs+E7AzhIaRrkzzpTir0=,+9yQjDPsvJphtEaNsNiLjJrr+jg=
-12,-33,XMvA8BOCs+E7AzhIaRrkzzpTir0=,+9yQjDPsvJphtEaNsNiLjJrr+jg=
-8,-33,XMvA8BOCs+E7AzhIaRrkzzpTir0=,zPw5mRBMofZg6Azed9Y5zdwvOWg=
-13,-33,XMvA8BOCs+E7AzhIaRrkzzpTir0=,+9yQjDPsvJphtEaNsNiLjJrr+jg=
-1,-33,XMvA8BOCs+E7AzhIaRrkzzpTir0=,zPw5mRBMofZg6Azed9Y5zdwvOWg=
-16,-38,XMvA8BOCs+E7AzhIaRrkzzpTir0=,+9yQjDPsvJphtEaNsNiLjJrr+jg=
-16,-39,XMvA8BOCs+E7AzhIaRrkzzpTir0=,+9yQjDPsvJphtEaNsNiLjJrr+jg=
-16,-42,XMvA8BOCs+E7AzhIaRrkzzpTir0=,CAy0kQ2wxvD78XHJ12EPxNekk3Y=
-15,-48,XMvA8BOCs+E7AzhIaRrkzzpTir0=,CAy0kQ2wxvD78XHJ12EPxNekk3Y=
-14,-48,XMvA8BOCs+E7AzhIaRrkzzpTir0=,CAy0kQ2wxvD78XHJ12EPxNekk3Y=
-13,-48,XMvA8BOCs+E7AzhIaRrkzzpTir0=,CAy0kQ2wxvD78XHJ12EPxNekk3Y=
-12,-48,XMvA8BOCs+E7AzhIaRrkzzpTir0=,CAy0kQ2wxvD78XHJ12EPxNekk3Y=
-16,-45,XMvA8BOCs+E7AzhIaRrkzzpTir0=,CAy0kQ2wxvD78XHJ12EPxNekk3Y=
-11,-48,XMvA8BOCs+E7AzhIaRrkzzpTir0=,CAy0kQ2wxvD78XHJ12EPxNekk3Y=
-16,-37,XMvA8BOCs+E7AzhIaRrkzzpTir0=,+9yQjDPsvJphtEaNsNiLjJrr+jg=
-16,-36,XMvA8BOCs+E7AzhIaRrkzzpTir0=,+9yQjDPsvJphtEaNsNiLjJrr+jg=
-16,-40,XMvA8BOCs+E7AzhIaRrkzzpTir0=,+9yQjDPsvJphtEaNsNiLjJrr+jg=
-16,-34,XMvA8BOCs+E7AzhIaRrkzzpTir0=,+9yQjDPsvJphtEaNsNiLjJrr+jg=
-16,-41,XMvA8BOCs+E7AzhIaRrkzzpTir0=,CAy0kQ2wxvD78XHJ12EPxNekk3Y=
-16,-35,XMvA8BOCs+E7AzhIaRrkzzpTir0=,+9yQjDPsvJphtEaNsNiLjJrr+jg=
-16,-33,XMvA8BOCs+E7AzhIaRrkzzpTir0=,+9yQjDPsvJphtEaNsNiLjJrr+jg=
-10,-48,XMvA8BOCs+E7AzhIaRrkzzpTir0=,CAy0kQ2wxvD78XHJ12EPxNekk3Y=
-16,-44,XMvA8BOCs+E7AzhIaRrkzzpTir0=,CAy0kQ2wxvD78XHJ12EPxNekk3Y=
-16,-43,XMvA8BOCs+E7AzhIaRrkzzpTir0=,CAy0kQ2wxvD78XHJ12EPxNekk3Y=
-16,-47,XMvA8BOCs+E7AzhIaRrkzzpTir0=,CAy0kQ2wxvD78XHJ12EPxNekk3Y=
-16,-46,XMvA8BOCs+E7AzhIaRrkzzpTir0=,CAy0kQ2wxvD78XHJ12EPxNekk3Y=
-8,-48,XMvA8BOCs+E7AzhIaRrkzzpTir0=,BZtiK5+LWvuETe7XWbzGTs0TUmw=
-3,-48,XMvA8BOCs+E7AzhIaRrkzzpTir0=,BZtiK5+LWvuETe7XWbzGTs0TUmw=
-7,-48,XMvA8BOCs+E7AzhIaRrkzzpTir0=,BZtiK5+LWvuETe7XWbzGTs0TUmw=
-6,-48,XMvA8BOCs+E7AzhIaRrkzzpTir0=,BZtiK5+LWvuETe7XWbzGTs0TUmw=
-9,-48,XMvA8BOCs+E7AzhIaRrkzzpTir0=,CAy0kQ2wxvD78XHJ12EPxNekk3Y=
-4,-48,XMvA8BOCs+E7AzhIaRrkzzpTir0=,BZtiK5+LWvuETe7XWbzGTs0TUmw=
-16,-48,XMvA8BOCs+E7AzhIaRrkzzpTir0=,CAy0kQ2wxvD78XHJ12EPxNekk3Y=
-2,-48,XMvA8BOCs+E7AzhIaRrkzzpTir0=,BZtiK5+LWvuETe7XWbzGTs0TUmw=
-1,-48,XMvA8BOCs+E7AzhIaRrkzzpTir0=,BZtiK5+LWvuETe7XWbzGTs0TUmw=
-5,-48,XMvA8BOCs+E7AzhIaRrkzzpTir0=,BZtiK5+LWvuETe7XWbzGTs0TUmw=
-2,-50,XMvA8BOCs+E7AzhIaRrkzzpTir0=,D2AXp0He2og10i1QQmXLWbSMK5Q=
-1,-53,XMvA8BOCs+E7AzhIaRrkzzpTir0=,D2AXp0He2og10i1QQmXLWbSMK5Q=
-3,-51,XMvA8BOCs+E7AzhIaRrkzzpTir0=,D2AXp0He2og10i1QQmXLWbSMK5Q=
-2,-52,XMvA8BOCs+E7AzhIaRrkzzpTir0=,D2AXp0He2og10i1QQmXLWbSMK5Q=
-1,-52,XMvA8BOCs+E7AzhIaRrkzzpTir0=,D2AXp0He2og10i1QQmXLWbSMK5Q=
-5,-51,XMvA8BOCs+E7AzhIaRrkzzpTir0=,D2AXp0He2og10i1QQmXLWbSMK5Q=
-3,-52,XMvA8BOCs+E7AzhIaRrkzzpTir0=,D2AXp0He2og10i1QQmXLWbSMK5Q=
-4,-51,XMvA8BOCs+E7AzhIaRrkzzpTir0=,D2AXp0He2og10i1QQmXLWbSMK5Q=
-7,-51,XMvA8BOCs+E7AzhIaRrkzzpTir0=,D2AXp0He2og10i1QQmXLWbSMK5Q=
-3,-50,XMvA8BOCs+E7AzhIaRrkzzpTir0=,D2AXp0He2og10i1QQmXLWbSMK5Q=
-6,-51,XMvA8BOCs+E7AzhIaRrkzzpTir0=,D2AXp0He2og10i1QQmXLWbSMK5Q=
-2,-53,XMvA8BOCs+E7AzhIaRrkzzpTir0=,D2AXp0He2og10i1QQmXLWbSMK5Q=
-4,-52,XMvA8BOCs+E7AzhIaRrkzzpTir0=,D2AXp0He2og10i1QQmXLWbSMK5Q=
-5,-52,XMvA8BOCs+E7AzhIaRrkzzpTir0=,D2AXp0He2og10i1QQmXLWbSMK5Q=
-6,-52,XMvA8BOCs+E7AzhIaRrkzzpTir0=,D2AXp0He2og10i1QQmXLWbSMK5Q=
-4,-50,XMvA8BOCs+E7AzhIaRrkzzpTir0=,D2AXp0He2og10i1QQmXLWbSMK5Q=
-7,-52,XMvA8BOCs+E7AzhIaRrkzzpTir0=,D2AXp0He2og10i1QQmXLWbSMK5Q=
-3,-53,XMvA8BOCs+E7AzhIaRrkzzpTir0=,D2AXp0He2og10i1QQmXLWbSMK5Q=
-1,-54,XMvA8BOCs+E7AzhIaRrkzzpTir0=,D2AXp0He2og10i1QQmXLWbSMK5Q=
-4,-53,XMvA8BOCs+E7AzhIaRrkzzpTir0=,D2AXp0He2og10i1QQmXLWbSMK5Q=
-6,-50,XMvA8BOCs+E7AzhIaRrkzzpTir0=,D2AXp0He2og10i1QQmXLWbSMK5Q=
-5,-53,XMvA8BOCs+E7AzhIaRrkzzpTir0=,D2AXp0He2og10i1QQmXLWbSMK5Q=
-7,-50,XMvA8BOCs+E7AzhIaRrkzzpTir0=,D2AXp0He2og10i1QQmXLWbSMK5Q=
-7,-49,XMvA8BOCs+E7AzhIaRrkzzpTir0=,D2AXp0He2og10i1QQmXLWbSMK5Q=
-6,-53,XMvA8BOCs+E7AzhIaRrkzzpTir0=,D2AXp0He2og10i1QQmXLWbSMK5Q=
-2,-54,XMvA8BOCs+E7AzhIaRrkzzpTir0=,D2AXp0He2og10i1QQmXLWbSMK5Q=
-3,-54,XMvA8BOCs+E7AzhIaRrkzzpTir0=,D2AXp0He2og10i1QQmXLWbSMK5Q=
-4,-54,XMvA8BOCs+E7AzhIaRrkzzpTir0=,D2AXp0He2og10i1QQmXLWbSMK5Q=
-6,-49,XMvA8BOCs+E7AzhIaRrkzzpTir0=,D2AXp0He2og10i1QQmXLWbSMK5Q=
-1,-51,XMvA8BOCs+E7AzhIaRrkzzpTir0=,D2AXp0He2og10i1QQmXLWbSMK5Q=
-5,-54,XMvA8BOCs+E7AzhIaRrkzzpTir0=,D2AXp0He2og10i1QQmXLWbSMK5Q=
-5,-50,XMvA8BOCs+E7AzhIaRrkzzpTir0=,D2AXp0He2og10i1QQmXLWbSMK5Q=
-7,-53,XMvA8BOCs+E7AzhIaRrkzzpTir0=,D2AXp0He2og10i1QQmXLWbSMK5Q=
-6,-54,XMvA8BOCs+E7AzhIaRrkzzpTir0=,D2AXp0He2og10i1QQmXLWbSMK5Q=
-7,-56,XMvA8BOCs+E7AzhIaRrkzzpTir0=,D2AXp0He2og10i1QQmXLWbSMK5Q=
-7,-55,XMvA8BOCs+E7AzhIaRrkzzpTir0=,D2AXp0He2og10i1QQmXLWbSMK5Q=
-1,-55,XMvA8BOCs+E7AzhIaRrkzzpTir0=,D2AXp0He2og10i1QQmXLWbSMK5Q=
-2,-55,XMvA8BOCs+E7AzhIaRrkzzpTir0=,D2AXp0He2og10i1QQmXLWbSMK5Q=
-3,-55,XMvA8BOCs+E7AzhIaRrkzzpTir0=,D2AXp0He2og10i1QQmXLWbSMK5Q=
-1,-50,XMvA8BOCs+E7AzhIaRrkzzpTir0=,D2AXp0He2og10i1QQmXLWbSMK5Q=
-4,-55,XMvA8BOCs+E7AzhIaRrkzzpTir0=,D2AXp0He2og10i1QQmXLWbSMK5Q=
-5,-55,XMvA8BOCs+E7AzhIaRrkzzpTir0=,D2AXp0He2og10i1QQmXLWbSMK5Q=
-6,-55,XMvA8BOCs+E7AzhIaRrkzzpTir0=,D2AXp0He2og10i1QQmXLWbSMK5Q=
-1,-56,XMvA8BOCs+E7AzhIaRrkzzpTir0=,D2AXp0He2og10i1QQmXLWbSMK5Q=
-2,-56,XMvA8BOCs+E7AzhIaRrkzzpTir0=,D2AXp0He2og10i1QQmXLWbSMK5Q=
-3,-56,XMvA8BOCs+E7AzhIaRrkzzpTir0=,D2AXp0He2og10i1QQmXLWbSMK5Q=
-2,-51,XMvA8BOCs+E7AzhIaRrkzzpTir0=,D2AXp0He2og10i1QQmXLWbSMK5Q=
-7,-54,XMvA8BOCs+E7AzhIaRrkzzpTir0=,D2AXp0He2og10i1QQmXLWbSMK5Q=
-4,-56,XMvA8BOCs+E7AzhIaRrkzzpTir0=,D2AXp0He2og10i1QQmXLWbSMK5Q=
-5,-56,XMvA8BOCs+E7AzhIaRrkzzpTir0=,D2AXp0He2og10i1QQmXLWbSMK5Q=
-2,-49,XMvA8BOCs+E7AzhIaRrkzzpTir0=,D2AXp0He2og10i1QQmXLWbSMK5Q=
-6,-56,XMvA8BOCs+E7AzhIaRrkzzpTir0=,D2AXp0He2og10i1QQmXLWbSMK5Q=
-3,-49,XMvA8BOCs+E7AzhIaRrkzzpTir0=,D2AXp0He2og10i1QQmXLWbSMK5Q=
-1,-49,XMvA8BOCs+E7AzhIaRrkzzpTir0=,D2AXp0He2og10i1QQmXLWbSMK5Q=
-4,-49,XMvA8BOCs+E7AzhIaRrkzzpTir0=,D2AXp0He2og10i1QQmXLWbSMK5Q=
-5,-49,XMvA8BOCs+E7AzhIaRrkzzpTir0=,D2AXp0He2og10i1QQmXLWbSMK5Q=
-9,-58,XMvA8BOCs+E7AzhIaRrkzzpTir0=,aD+JVk5UHerAa8HYbck4OUprTPk=
-16,-64,XMvA8BOCs+E7AzhIaRrkzzpTir0=,aD+JVk5UHerAa8HYbck4OUprTPk=
-10,-58,XMvA8BOCs+E7AzhIaRrkzzpTir0=,aD+JVk5UHerAa8HYbck4OUprTPk=
-15,-64,XMvA8BOCs+E7AzhIaRrkzzpTir0=,aD+JVk5UHerAa8HYbck4OUprTPk=
-14,-64,XMvA8BOCs+E7AzhIaRrkzzpTir0=,aD+JVk5UHerAa8HYbck4OUprTPk=
-13,-64,XMvA8BOCs+E7AzhIaRrkzzpTir0=,aD+JVk5UHerAa8HYbck4OUprTPk=
-12,-64,XMvA8BOCs+E7AzhIaRrkzzpTir0=,aD+JVk5UHerAa8HYbck4OUprTPk=
-13,-58,XMvA8BOCs+E7AzhIaRrkzzpTir0=,aD+JVk5UHerAa8HYbck4OUprTPk=
-14,-58,XMvA8BOCs+E7AzhIaRrkzzpTir0=,aD+JVk5UHerAa8HYbck4OUprTPk=
-16,-58,XMvA8BOCs+E7AzhIaRrkzzpTir0=,aD+JVk5UHerAa8HYbck4OUprTPk=
-9,-59,XMvA8BOCs+E7AzhIaRrkzzpTir0=,aD+JVk5UHerAa8HYbck4OUprTPk=
-10,-59,XMvA8BOCs+E7AzhIaRrkzzpTir0=,aD+JVk5UHerAa8HYbck4OUprTPk=
-13,-59,XMvA8BOCs+E7AzhIaRrkzzpTir0=,aD+JVk5UHerAa8HYbck4OUprTPk=
-14,-59,XMvA8BOCs+E7AzhIaRrkzzpTir0=,aD+JVk5UHerAa8HYbck4OUprTPk=
-15,-59,XMvA8BOCs+E7AzhIaRrkzzpTir0=,aD+JVk5UHerAa8HYbck4OUprTPk=
-15,-58,XMvA8BOCs+E7AzhIaRrkzzpTir0=,aD+JVk5UHerAa8HYbck4OUprTPk=
-16,-59,XMvA8BOCs+E7AzhIaRrkzzpTir0=,aD+JVk5UHerAa8HYbck4OUprTPk=
-10,-60,XMvA8BOCs+E7AzhIaRrkzzpTir0=,aD+JVk5UHerAa8HYbck4OUprTPk=
-9,-60,XMvA8BOCs+E7AzhIaRrkzzpTir0=,aD+JVk5UHerAa8HYbck4OUprTPk=
-11,-58,XMvA8BOCs+E7AzhIaRrkzzpTir0=,aD+JVk5UHerAa8HYbck4OUprTPk=
-14,-60,XMvA8BOCs+E7AzhIaRrkzzpTir0=,aD+JVk5UHerAa8HYbck4OUprTPk=
-13,-60,XMvA8BOCs+E7AzhIaRrkzzpTir0=,aD+JVk5UHerAa8HYbck4OUprTPk=
-15,-60,XMvA8BOCs+E7AzhIaRrkzzpTir0=,aD+JVk5UHerAa8HYbck4OUprTPk=
-11,-59,XMvA8BOCs+E7AzhIaRrkzzpTir0=,aD+JVk5UHerAa8HYbck4OUprTPk=
-11,-60,XMvA8BOCs+E7AzhIaRrkzzpTir0=,aD+JVk5UHerAa8HYbck4OUprTPk=
-16,-60,XMvA8BOCs+E7AzhIaRrkzzpTir0=,aD+JVk5UHerAa8HYbck4OUprTPk=
-9,-61,XMvA8BOCs+E7AzhIaRrkzzpTir0=,aD+JVk5UHerAa8HYbck4OUprTPk=
-10,-61,XMvA8BOCs+E7AzhIaRrkzzpTir0=,aD+JVk5UHerAa8HYbck4OUprTPk=
-12,-58,XMvA8BOCs+E7AzhIaRrkzzpTir0=,aD+JVk5UHerAa8HYbck4OUprTPk=
-13,-61,XMvA8BOCs+E7AzhIaRrkzzpTir0=,aD+JVk5UHerAa8HYbck4OUprTPk=
-12,-59,XMvA8BOCs+E7AzhIaRrkzzpTir0=,aD+JVk5UHerAa8HYbck4OUprTPk=
-14,-61,XMvA8BOCs+E7AzhIaRrkzzpTir0=,aD+JVk5UHerAa8HYbck4OUprTPk=
-15,-61,XMvA8BOCs+E7AzhIaRrkzzpTir0=,aD+JVk5UHerAa8HYbck4OUprTPk=
-9,-62,XMvA8BOCs+E7AzhIaRrkzzpTir0=,aD+JVk5UHerAa8HYbck4OUprTPk=
-16,-61,XMvA8BOCs+E7AzhIaRrkzzpTir0=,aD+JVk5UHerAa8HYbck4OUprTPk=
-11,-64,XMvA8BOCs+E7AzhIaRrkzzpTir0=,aD+JVk5UHerAa8HYbck4OUprTPk=
-10,-64,XMvA8BOCs+E7AzhIaRrkzzpTir0=,aD+JVk5UHerAa8HYbck4OUprTPk=
-9,-64,XMvA8BOCs+E7AzhIaRrkzzpTir0=,aD+JVk5UHerAa8HYbck4OUprTPk=
-15,-63,XMvA8BOCs+E7AzhIaRrkzzpTir0=,aD+JVk5UHerAa8HYbck4OUprTPk=
-16,-63,XMvA8BOCs+E7AzhIaRrkzzpTir0=,aD+JVk5UHerAa8HYbck4OUprTPk=
-14,-63,XMvA8BOCs+E7AzhIaRrkzzpTir0=,aD+JVk5UHerAa8HYbck4OUprTPk=
-12,-63,XMvA8BOCs+E7AzhIaRrkzzpTir0=,aD+JVk5UHerAa8HYbck4OUprTPk=
-13,-63,XMvA8BOCs+E7AzhIaRrkzzpTir0=,aD+JVk5UHerAa8HYbck4OUprTPk=
-12,-60,XMvA8BOCs+E7AzhIaRrkzzpTir0=,aD+JVk5UHerAa8HYbck4OUprTPk=
-10,-62,XMvA8BOCs+E7AzhIaRrkzzpTir0=,aD+JVk5UHerAa8HYbck4OUprTPk=
-13,-62,XMvA8BOCs+E7AzhIaRrkzzpTir0=,aD+JVk5UHerAa8HYbck4OUprTPk=
-14,-62,XMvA8BOCs+E7AzhIaRrkzzpTir0=,aD+JVk5UHerAa8HYbck4OUprTPk=
-15,-62,XMvA8BOCs+E7AzhIaRrkzzpTir0=,aD+JVk5UHerAa8HYbck4OUprTPk=
-16,-62,XMvA8BOCs+E7AzhIaRrkzzpTir0=,aD+JVk5UHerAa8HYbck4OUprTPk=
-9,-63,XMvA8BOCs+E7AzhIaRrkzzpTir0=,aD+JVk5UHerAa8HYbck4OUprTPk=
-10,-63,XMvA8BOCs+E7AzhIaRrkzzpTir0=,aD+JVk5UHerAa8HYbck4OUprTPk=
-12,-62,XMvA8BOCs+E7AzhIaRrkzzpTir0=,aD+JVk5UHerAa8HYbck4OUprTPk=
-11,-61,XMvA8BOCs+E7AzhIaRrkzzpTir0=,aD+JVk5UHerAa8HYbck4OUprTPk=
-12,-61,XMvA8BOCs+E7AzhIaRrkzzpTir0=,aD+JVk5UHerAa8HYbck4OUprTPk=
-11,-62,XMvA8BOCs+E7AzhIaRrkzzpTir0=,aD+JVk5UHerAa8HYbck4OUprTPk=
-11,-63,XMvA8BOCs+E7AzhIaRrkzzpTir0=,aD+JVk5UHerAa8HYbck4OUprTPk=
-13,-57,XMvA8BOCs+E7AzhIaRrkzzpTir0=,aD+JVk5UHerAa8HYbck4OUprTPk=
-13,-51,XMvA8BOCs+E7AzhIaRrkzzpTir0=,4JcguUnXAU60WN3LGcXAiMYPlgQ=
-15,-57,XMvA8BOCs+E7AzhIaRrkzzpTir0=,aD+JVk5UHerAa8HYbck4OUprTPk=
-14,-57,XMvA8BOCs+E7AzhIaRrkzzpTir0=,aD+JVk5UHerAa8HYbck4OUprTPk=
-16,-57,XMvA8BOCs+E7AzhIaRrkzzpTir0=,aD+JVk5UHerAa8HYbck4OUprTPk=
-14,-51,XMvA8BOCs+E7AzhIaRrkzzpTir0=,4JcguUnXAU60WN3LGcXAiMYPlgQ=
-15,-51,XMvA8BOCs+E7AzhIaRrkzzpTir0=,4JcguUnXAU60WN3LGcXAiMYPlgQ=
-16,-51,XMvA8BOCs+E7AzhIaRrkzzpTir0=,4JcguUnXAU60WN3LGcXAiMYPlgQ=
-8,-53,XMvA8BOCs+E7AzhIaRrkzzpTir0=,D2AXp0He2og10i1QQmXLWbSMK5Q=
-9,-52,XMvA8BOCs+E7AzhIaRrkzzpTir0=,4JcguUnXAU60WN3LGcXAiMYPlgQ=
-8,-51,XMvA8BOCs+E7AzhIaRrkzzpTir0=,D2AXp0He2og10i1QQmXLWbSMK5Q=
-13,-52,XMvA8BOCs+E7AzhIaRrkzzpTir0=,4JcguUnXAU60WN3LGcXAiMYPlgQ=
-8,-52,XMvA8BOCs+E7AzhIaRrkzzpTir0=,D2AXp0He2og10i1QQmXLWbSMK5Q=
-8,-54,XMvA8BOCs+E7AzhIaRrkzzpTir0=,D2AXp0He2og10i1QQmXLWbSMK5Q=
-14,-52,XMvA8BOCs+E7AzhIaRrkzzpTir0=,4JcguUnXAU60WN3LGcXAiMYPlgQ=
-15,-52,XMvA8BOCs+E7AzhIaRrkzzpTir0=,4JcguUnXAU60WN3LGcXAiMYPlgQ=
-16,-52,XMvA8BOCs+E7AzhIaRrkzzpTir0=,4JcguUnXAU60WN3LGcXAiMYPlgQ=
-8,-50,XMvA8BOCs+E7AzhIaRrkzzpTir0=,D2AXp0He2og10i1QQmXLWbSMK5Q=
-12,-52,XMvA8BOCs+E7AzhIaRrkzzpTir0=,4JcguUnXAU60WN3LGcXAiMYPlgQ=
-12,-53,XMvA8BOCs+E7AzhIaRrkzzpTir0=,4JcguUnXAU60WN3LGcXAiMYPlgQ=
-9,-53,XMvA8BOCs+E7AzhIaRrkzzpTir0=,4JcguUnXAU60WN3LGcXAiMYPlgQ=
-13,-53,XMvA8BOCs+E7AzhIaRrkzzpTir0=,4JcguUnXAU60WN3LGcXAiMYPlgQ=
-12,-49,XMvA8BOCs+E7AzhIaRrkzzpTir0=,4JcguUnXAU60WN3LGcXAiMYPlgQ=
-11,-49,XMvA8BOCs+E7AzhIaRrkzzpTir0=,4JcguUnXAU60WN3LGcXAiMYPlgQ=
-14,-53,XMvA8BOCs+E7AzhIaRrkzzpTir0=,4JcguUnXAU60WN3LGcXAiMYPlgQ=
-13,-49,XMvA8BOCs+E7AzhIaRrkzzpTir0=,4JcguUnXAU60WN3LGcXAiMYPlgQ=
-15,-53,XMvA8BOCs+E7AzhIaRrkzzpTir0=,4JcguUnXAU60WN3LGcXAiMYPlgQ=
-14,-49,XMvA8BOCs+E7AzhIaRrkzzpTir0=,4JcguUnXAU60WN3LGcXAiMYPlgQ=
-16,-53,XMvA8BOCs+E7AzhIaRrkzzpTir0=,4JcguUnXAU60WN3LGcXAiMYPlgQ=
-9,-54,XMvA8BOCs+E7AzhIaRrkzzpTir0=,4JcguUnXAU60WN3LGcXAiMYPlgQ=
-9,-49,XMvA8BOCs+E7AzhIaRrkzzpTir0=,4JcguUnXAU60WN3LGcXAiMYPlgQ=
-15,-49,XMvA8BOCs+E7AzhIaRrkzzpTir0=,4JcguUnXAU60WN3LGcXAiMYPlgQ=
-10,-52,XMvA8BOCs+E7AzhIaRrkzzpTir0=,4JcguUnXAU60WN3LGcXAiMYPlgQ=
-12,-54,XMvA8BOCs+E7AzhIaRrkzzpTir0=,4JcguUnXAU60WN3LGcXAiMYPlgQ=
-13,-54,XMvA8BOCs+E7AzhIaRrkzzpTir0=,4JcguUnXAU60WN3LGcXAiMYPlgQ=
-14,-54,XMvA8BOCs+E7AzhIaRrkzzpTir0=,4JcguUnXAU60WN3LGcXAiMYPlgQ=
-12,-57,XMvA8BOCs+E7AzhIaRrkzzpTir0=,aD+JVk5UHerAa8HYbck4OUprTPk=
-9,-50,XMvA8BOCs+E7AzhIaRrkzzpTir0=,4JcguUnXAU60WN3LGcXAiMYPlgQ=
-15,-54,XMvA8BOCs+E7AzhIaRrkzzpTir0=,4JcguUnXAU60WN3LGcXAiMYPlgQ=
-8,-49,XMvA8BOCs+E7AzhIaRrkzzpTir0=,D2AXp0He2og10i1QQmXLWbSMK5Q=
-16,-54,XMvA8BOCs+E7AzhIaRrkzzpTir0=,4JcguUnXAU60WN3LGcXAiMYPlgQ=
-9,-55,XMvA8BOCs+E7AzhIaRrkzzpTir0=,4JcguUnXAU60WN3LGcXAiMYPlgQ=
-11,-52,XMvA8BOCs+E7AzhIaRrkzzpTir0=,4JcguUnXAU60WN3LGcXAiMYPlgQ=
-12,-55,XMvA8BOCs+E7AzhIaRrkzzpTir0=,4JcguUnXAU60WN3LGcXAiMYPlgQ=
-10,-53,XMvA8BOCs+E7AzhIaRrkzzpTir0=,4JcguUnXAU60WN3LGcXAiMYPlgQ=
-14,-55,XMvA8BOCs+E7AzhIaRrkzzpTir0=,4JcguUnXAU60WN3LGcXAiMYPlgQ=
-13,-55,XMvA8BOCs+E7AzhIaRrkzzpTir0=,4JcguUnXAU60WN3LGcXAiMYPlgQ=
-15,-55,XMvA8BOCs+E7AzhIaRrkzzpTir0=,4JcguUnXAU60WN3LGcXAiMYPlgQ=
-16,-55,XMvA8BOCs+E7AzhIaRrkzzpTir0=,4JcguUnXAU60WN3LGcXAiMYPlgQ=
-9,-56,XMvA8BOCs+E7AzhIaRrkzzpTir0=,4JcguUnXAU60WN3LGcXAiMYPlgQ=
-12,-50,XMvA8BOCs+E7AzhIaRrkzzpTir0=,4JcguUnXAU60WN3LGcXAiMYPlgQ=
-13,-50,XMvA8BOCs+E7AzhIaRrkzzpTir0=,4JcguUnXAU60WN3LGcXAiMYPlgQ=
-10,-49,XMvA8BOCs+E7AzhIaRrkzzpTir0=,4JcguUnXAU60WN3LGcXAiMYPlgQ=
-10,-55,XMvA8BOCs+E7AzhIaRrkzzpTir0=,4JcguUnXAU60WN3LGcXAiMYPlgQ=
-10,-54,XMvA8BOCs+E7AzhIaRrkzzpTir0=,4JcguUnXAU60WN3LGcXAiMYPlgQ=
-13,-56,XMvA8BOCs+E7AzhIaRrkzzpTir0=,4JcguUnXAU60WN3LGcXAiMYPlgQ=
-14,-56,XMvA8BOCs+E7AzhIaRrkzzpTir0=,4JcguUnXAU60WN3LGcXAiMYPlgQ=
-15,-56,XMvA8BOCs+E7AzhIaRrkzzpTir0=,4JcguUnXAU60WN3LGcXAiMYPlgQ=
-16,-56,XMvA8BOCs+E7AzhIaRrkzzpTir0=,4JcguUnXAU60WN3LGcXAiMYPlgQ=
-14,-50,XMvA8BOCs+E7AzhIaRrkzzpTir0=,4JcguUnXAU60WN3LGcXAiMYPlgQ=
-8,-55,XMvA8BOCs+E7AzhIaRrkzzpTir0=,D2AXp0He2og10i1QQmXLWbSMK5Q=
-15,-50,XMvA8BOCs+E7AzhIaRrkzzpTir0=,4JcguUnXAU60WN3LGcXAiMYPlgQ=
-9,-57,XMvA8BOCs+E7AzhIaRrkzzpTir0=,aD+JVk5UHerAa8HYbck4OUprTPk=
-8,-56,XMvA8BOCs+E7AzhIaRrkzzpTir0=,D2AXp0He2og10i1QQmXLWbSMK5Q=
-16,-49,XMvA8BOCs+E7AzhIaRrkzzpTir0=,4JcguUnXAU60WN3LGcXAiMYPlgQ=
-11,-53,XMvA8BOCs+E7AzhIaRrkzzpTir0=,4JcguUnXAU60WN3LGcXAiMYPlgQ=
-9,-51,XMvA8BOCs+E7AzhIaRrkzzpTir0=,4JcguUnXAU60WN3LGcXAiMYPlgQ=
-11,-50,XMvA8BOCs+E7AzhIaRrkzzpTir0=,4JcguUnXAU60WN3LGcXAiMYPlgQ=
-12,-51,XMvA8BOCs+E7AzhIaRrkzzpTir0=,4JcguUnXAU60WN3LGcXAiMYPlgQ=
-10,-57,XMvA8BOCs+E7AzhIaRrkzzpTir0=,aD+JVk5UHerAa8HYbck4OUprTPk=
-10,-56,XMvA8BOCs+E7AzhIaRrkzzpTir0=,4JcguUnXAU60WN3LGcXAiMYPlgQ=
-16,-50,XMvA8BOCs+E7AzhIaRrkzzpTir0=,4JcguUnXAU60WN3LGcXAiMYPlgQ=
-11,-54,XMvA8BOCs+E7AzhIaRrkzzpTir0=,4JcguUnXAU60WN3LGcXAiMYPlgQ=
-12,-56,XMvA8BOCs+E7AzhIaRrkzzpTir0=,4JcguUnXAU60WN3LGcXAiMYPlgQ=
-11,-57,XMvA8BOCs+E7AzhIaRrkzzpTir0=,aD+JVk5UHerAa8HYbck4OUprTPk=
-10,-50,XMvA8BOCs+E7AzhIaRrkzzpTir0=,4JcguUnXAU60WN3LGcXAiMYPlgQ=
-11,-55,XMvA8BOCs+E7AzhIaRrkzzpTir0=,4JcguUnXAU60WN3LGcXAiMYPlgQ=
-10,-51,XMvA8BOCs+E7AzhIaRrkzzpTir0=,4JcguUnXAU60WN3LGcXAiMYPlgQ=
-11,-51,XMvA8BOCs+E7AzhIaRrkzzpTir0=,4JcguUnXAU60WN3LGcXAiMYPlgQ=
-11,-56,XMvA8BOCs+E7AzhIaRrkzzpTir0=,4JcguUnXAU60WN3LGcXAiMYPlgQ=
-21,-49,N5aMfll4R1R6enF25W4ZtTibPwY=,djVtQPI8WTQxTERzSaBUhDfj1IU=
-22,-49,N5aMfll4R1R6enF25W4ZtTibPwY=,djVtQPI8WTQxTERzSaBUhDfj1IU=
-23,-53,N5aMfll4R1R6enF25W4ZtTibPwY=,djVtQPI8WTQxTERzSaBUhDfj1IU=
-17,-52,N5aMfll4R1R6enF25W4ZtTibPwY=,djVtQPI8WTQxTERzSaBUhDfj1IU=
-21,-50,N5aMfll4R1R6enF25W4ZtTibPwY=,djVtQPI8WTQxTERzSaBUhDfj1IU=
-20,-49,N5aMfll4R1R6enF25W4ZtTibPwY=,djVtQPI8WTQxTERzSaBUhDfj1IU=
-17,-53,N5aMfll4R1R6enF25W4ZtTibPwY=,djVtQPI8WTQxTERzSaBUhDfj1IU=
-24,-49,N5aMfll4R1R6enF25W4ZtTibPwY=,djVtQPI8WTQxTERzSaBUhDfj1IU=
-22,-50,N5aMfll4R1R6enF25W4ZtTibPwY=,djVtQPI8WTQxTERzSaBUhDfj1IU=
-22,-56,N5aMfll4R1R6enF25W4ZtTibPwY=,djVtQPI8WTQxTERzSaBUhDfj1IU=
-24,-53,N5aMfll4R1R6enF25W4ZtTibPwY=,djVtQPI8WTQxTERzSaBUhDfj1IU=
-23,-49,N5aMfll4R1R6enF25W4ZtTibPwY=,djVtQPI8WTQxTERzSaBUhDfj1IU=
-23,-50,N5aMfll4R1R6enF25W4ZtTibPwY=,djVtQPI8WTQxTERzSaBUhDfj1IU=
-18,-53,N5aMfll4R1R6enF25W4ZtTibPwY=,djVtQPI8WTQxTERzSaBUhDfj1IU=
-20,-50,N5aMfll4R1R6enF25W4ZtTibPwY=,djVtQPI8WTQxTERzSaBUhDfj1IU=
-20,-51,N5aMfll4R1R6enF25W4ZtTibPwY=,djVtQPI8WTQxTERzSaBUhDfj1IU=
-19,-49,N5aMfll4R1R6enF25W4ZtTibPwY=,djVtQPI8WTQxTERzSaBUhDfj1IU=
-19,-53,N5aMfll4R1R6enF25W4ZtTibPwY=,djVtQPI8WTQxTERzSaBUhDfj1IU=
-20,-52,N5aMfll4R1R6enF25W4ZtTibPwY=,djVtQPI8WTQxTERzSaBUhDfj1IU=
-17,-54,N5aMfll4R1R6enF25W4ZtTibPwY=,djVtQPI8WTQxTERzSaBUhDfj1IU=
-18,-54,N5aMfll4R1R6enF25W4ZtTibPwY=,djVtQPI8WTQxTERzSaBUhDfj1IU=
-21,-52,N5aMfll4R1R6enF25W4ZtTibPwY=,djVtQPI8WTQxTERzSaBUhDfj1IU=
-19,-54,N5aMfll4R1R6enF25W4ZtTibPwY=,djVtQPI8WTQxTERzSaBUhDfj1IU=
-21,-55,N5aMfll4R1R6enF25W4ZtTibPwY=,djVtQPI8WTQxTERzSaBUhDfj1IU=
-21,-51,N5aMfll4R1R6enF25W4ZtTibPwY=,djVtQPI8WTQxTERzSaBUhDfj1IU=
-20,-53,N5aMfll4R1R6enF25W4ZtTibPwY=,djVtQPI8WTQxTERzSaBUhDfj1IU=
-20,-54,N5aMfll4R1R6enF25W4ZtTibPwY=,djVtQPI8WTQxTERzSaBUhDfj1IU=
-22,-51,N5aMfll4R1R6enF25W4ZtTibPwY=,djVtQPI8WTQxTERzSaBUhDfj1IU=
-21,-53,N5aMfll4R1R6enF25W4ZtTibPwY=,djVtQPI8WTQxTERzSaBUhDfj1IU=
-22,-55,N5aMfll4R1R6enF25W4ZtTibPwY=,djVtQPI8WTQxTERzSaBUhDfj1IU=
-21,-54,N5aMfll4R1R6enF25W4ZtTibPwY=,djVtQPI8WTQxTERzSaBUhDfj1IU=
-23,-55,N5aMfll4R1R6enF25W4ZtTibPwY=,djVtQPI8WTQxTERzSaBUhDfj1IU=
-24,-55,N5aMfll4R1R6enF25W4ZtTibPwY=,djVtQPI8WTQxTERzSaBUhDfj1IU=
-23,-51,N5aMfll4R1R6enF25W4ZtTibPwY=,djVtQPI8WTQxTERzSaBUhDfj1IU=
-17,-56,N5aMfll4R1R6enF25W4ZtTibPwY=,djVtQPI8WTQxTERzSaBUhDfj1IU=
-19,-56,N5aMfll4R1R6enF25W4ZtTibPwY=,djVtQPI8WTQxTERzSaBUhDfj1IU=
-18,-56,N5aMfll4R1R6enF25W4ZtTibPwY=,djVtQPI8WTQxTERzSaBUhDfj1IU=
-21,-56,N5aMfll4R1R6enF25W4ZtTibPwY=,djVtQPI8WTQxTERzSaBUhDfj1IU=
-22,-54,N5aMfll4R1R6enF25W4ZtTibPwY=,djVtQPI8WTQxTERzSaBUhDfj1IU=
-23,-56,N5aMfll4R1R6enF25W4ZtTibPwY=,djVtQPI8WTQxTERzSaBUhDfj1IU=
-24,-54,N5aMfll4R1R6enF25W4ZtTibPwY=,djVtQPI8WTQxTERzSaBUhDfj1IU=
-23,-54,N5aMfll4R1R6enF25W4ZtTibPwY=,djVtQPI8WTQxTERzSaBUhDfj1IU=
-17,-55,N5aMfll4R1R6enF25W4ZtTibPwY=,djVtQPI8WTQxTERzSaBUhDfj1IU=
-22,-53,N5aMfll4R1R6enF25W4ZtTibPwY=,djVtQPI8WTQxTERzSaBUhDfj1IU=
-24,-51,N5aMfll4R1R6enF25W4ZtTibPwY=,djVtQPI8WTQxTERzSaBUhDfj1IU=
-22,-52,N5aMfll4R1R6enF25W4ZtTibPwY=,djVtQPI8WTQxTERzSaBUhDfj1IU=
-18,-55,N5aMfll4R1R6enF25W4ZtTibPwY=,djVtQPI8WTQxTERzSaBUhDfj1IU=
-19,-55,N5aMfll4R1R6enF25W4ZtTibPwY=,djVtQPI8WTQxTERzSaBUhDfj1IU=
-20,-55,N5aMfll4R1R6enF25W4ZtTibPwY=,djVtQPI8WTQxTERzSaBUhDfj1IU=
-20,-56,N5aMfll4R1R6enF25W4ZtTibPwY=,djVtQPI8WTQxTERzSaBUhDfj1IU=
-24,-56,N5aMfll4R1R6enF25W4ZtTibPwY=,djVtQPI8WTQxTERzSaBUhDfj1IU=
-24,-50,N5aMfll4R1R6enF25W4ZtTibPwY=,djVtQPI8WTQxTERzSaBUhDfj1IU=
-18,-52,N5aMfll4R1R6enF25W4ZtTibPwY=,djVtQPI8WTQxTERzSaBUhDfj1IU=
-23,-52,N5aMfll4R1R6enF25W4ZtTibPwY=,djVtQPI8WTQxTERzSaBUhDfj1IU=
-24,-52,N5aMfll4R1R6enF25W4ZtTibPwY=,djVtQPI8WTQxTERzSaBUhDfj1IU=
-19,-50,N5aMfll4R1R6enF25W4ZtTibPwY=,djVtQPI8WTQxTERzSaBUhDfj1IU=
-19,-52,N5aMfll4R1R6enF25W4ZtTibPwY=,djVtQPI8WTQxTERzSaBUhDfj1IU=
-19,-51,N5aMfll4R1R6enF25W4ZtTibPwY=,djVtQPI8WTQxTERzSaBUhDfj1IU=
-18,-50,N5aMfll4R1R6enF25W4ZtTibPwY=,djVtQPI8WTQxTERzSaBUhDfj1IU=
-18,-51,N5aMfll4R1R6enF25W4ZtTibPwY=,djVtQPI8WTQxTERzSaBUhDfj1IU=
-18,-49,N5aMfll4R1R6enF25W4ZtTibPwY=,djVtQPI8WTQxTERzSaBUhDfj1IU=
-17,-50,N5aMfll4R1R6enF25W4ZtTibPwY=,djVtQPI8WTQxTERzSaBUhDfj1IU=
-17,-49,N5aMfll4R1R6enF25W4ZtTibPwY=,djVtQPI8WTQxTERzSaBUhDfj1IU=
-17,-51,N5aMfll4R1R6enF25W4ZtTibPwY=,djVtQPI8WTQxTERzSaBUhDfj1IU=
-29,-43,N5aMfll4R1R6enF25W4ZtTibPwY=,bl666RJch7qz0TRAs3WZTBvz4BI=
-28,-43,N5aMfll4R1R6enF25W4ZtTibPwY=,bl666RJch7qz0TRAs3WZTBvz4BI=
-30,-43,N5aMfll4R1R6enF25W4ZtTibPwY=,bl666RJch7qz0TRAs3WZTBvz4BI=
-27,-44,N5aMfll4R1R6enF25W4ZtTibPwY=,bl666RJch7qz0TRAs3WZTBvz4BI=
-31,-43,N5aMfll4R1R6enF25W4ZtTibPwY=,bl666RJch7qz0TRAs3WZTBvz4BI=
-26,-44,N5aMfll4R1R6enF25W4ZtTibPwY=,bl666RJch7qz0TRAs3WZTBvz4BI=
-28,-44,N5aMfll4R1R6enF25W4ZtTibPwY=,bl666RJch7qz0TRAs3WZTBvz4BI=
-29,-44,N5aMfll4R1R6enF25W4ZtTibPwY=,bl666RJch7qz0TRAs3WZTBvz4BI=
-27,-45,N5aMfll4R1R6enF25W4ZtTibPwY=,bl666RJch7qz0TRAs3WZTBvz4BI=
-30,-44,N5aMfll4R1R6enF25W4ZtTibPwY=,bl666RJch7qz0TRAs3WZTBvz4BI=
-31,-44,N5aMfll4R1R6enF25W4ZtTibPwY=,bl666RJch7qz0TRAs3WZTBvz4BI=
-28,-45,N5aMfll4R1R6enF25W4ZtTibPwY=,bl666RJch7qz0TRAs3WZTBvz4BI=
-26,-45,N5aMfll4R1R6enF25W4ZtTibPwY=,bl666RJch7qz0TRAs3WZTBvz4BI=
-27,-46,N5aMfll4R1R6enF25W4ZtTibPwY=,bl666RJch7qz0TRAs3WZTBvz4BI=
-30,-45,N5aMfll4R1R6enF25W4ZtTibPwY=,bl666RJch7qz0TRAs3WZTBvz4BI=
-26,-46,N5aMfll4R1R6enF25W4ZtTibPwY=,bl666RJch7qz0TRAs3WZTBvz4BI=
-28,-46,N5aMfll4R1R6enF25W4ZtTibPwY=,bl666RJch7qz0TRAs3WZTBvz4BI=
-31,-45,N5aMfll4R1R6enF25W4ZtTibPwY=,bl666RJch7qz0TRAs3WZTBvz4BI=
-29,-45,N5aMfll4R1R6enF25W4ZtTibPwY=,bl666RJch7qz0TRAs3WZTBvz4BI=
-26,-47,N5aMfll4R1R6enF25W4ZtTibPwY=,bl666RJch7qz0TRAs3WZTBvz4BI=
-27,-47,N5aMfll4R1R6enF25W4ZtTibPwY=,bl666RJch7qz0TRAs3WZTBvz4BI=
-29,-47,N5aMfll4R1R6enF25W4ZtTibPwY=,bl666RJch7qz0TRAs3WZTBvz4BI=
-31,-47,N5aMfll4R1R6enF25W4ZtTibPwY=,bl666RJch7qz0TRAs3WZTBvz4BI=
-26,-42,N5aMfll4R1R6enF25W4ZtTibPwY=,bl666RJch7qz0TRAs3WZTBvz4BI=
-28,-42,N5aMfll4R1R6enF25W4ZtTibPwY=,bl666RJch7qz0TRAs3WZTBvz4BI=
-29,-42,N5aMfll4R1R6enF25W4ZtTibPwY=,bl666RJch7qz0TRAs3WZTBvz4BI=
-27,-42,N5aMfll4R1R6enF25W4ZtTibPwY=,bl666RJch7qz0TRAs3WZTBvz4BI=
-30,-42,N5aMfll4R1R6enF25W4ZtTibPwY=,bl666RJch7qz0TRAs3WZTBvz4BI=
-26,-43,N5aMfll4R1R6enF25W4ZtTibPwY=,bl666RJch7qz0TRAs3WZTBvz4BI=
-27,-43,N5aMfll4R1R6enF25W4ZtTibPwY=,bl666RJch7qz0TRAs3WZTBvz4BI=
-28,-47,N5aMfll4R1R6enF25W4ZtTibPwY=,bl666RJch7qz0TRAs3WZTBvz4BI=
-31,-42,N5aMfll4R1R6enF25W4ZtTibPwY=,bl666RJch7qz0TRAs3WZTBvz4BI=
-30,-47,N5aMfll4R1R6enF25W4ZtTibPwY=,bl666RJch7qz0TRAs3WZTBvz4BI=
-30,-46,N5aMfll4R1R6enF25W4ZtTibPwY=,bl666RJch7qz0TRAs3WZTBvz4BI=
-29,-46,N5aMfll4R1R6enF25W4ZtTibPwY=,bl666RJch7qz0TRAs3WZTBvz4BI=
-31,-46,N5aMfll4R1R6enF25W4ZtTibPwY=,bl666RJch7qz0TRAs3WZTBvz4BI=
-24,-47,N5aMfll4R1R6enF25W4ZtTibPwY=,ngTXval386Q8Fd7PoL4M5VN7KIE=
-23,-47,N5aMfll4R1R6enF25W4ZtTibPwY=,ngTXval386Q8Fd7PoL4M5VN7KIE=
-22,-47,N5aMfll4R1R6enF25W4ZtTibPwY=,ngTXval386Q8Fd7PoL4M5VN7KIE=
-21,-47,N5aMfll4R1R6enF25W4ZtTibPwY=,ngTXval386Q8Fd7PoL4M5VN7KIE=
-20,-47,N5aMfll4R1R6enF25W4ZtTibPwY=,ngTXval386Q8Fd7PoL4M5VN7KIE=
-25,-44,N5aMfll4R1R6enF25W4ZtTibPwY=,bl666RJch7qz0TRAs3WZTBvz4BI=
-21,-42,N5aMfll4R1R6enF25W4ZtTibPwY=,ngTXval386Q8Fd7PoL4M5VN7KIE=
-20,-42,N5aMfll4R1R6enF25W4ZtTibPwY=,ngTXval386Q8Fd7PoL4M5VN7KIE=
-19,-47,N5aMfll4R1R6enF25W4ZtTibPwY=,ngTXval386Q8Fd7PoL4M5VN7KIE=
-23,-42,N5aMfll4R1R6enF25W4ZtTibPwY=,ngTXval386Q8Fd7PoL4M5VN7KIE=
-24,-42,N5aMfll4R1R6enF25W4ZtTibPwY=,ngTXval386Q8Fd7PoL4M5VN7KIE=
-18,-47,N5aMfll4R1R6enF25W4ZtTibPwY=,ngTXval386Q8Fd7PoL4M5VN7KIE=
-22,-42,N5aMfll4R1R6enF25W4ZtTibPwY=,ngTXval386Q8Fd7PoL4M5VN7KIE=
-25,-43,N5aMfll4R1R6enF25W4ZtTibPwY=,bl666RJch7qz0TRAs3WZTBvz4BI=
-19,-43,N5aMfll4R1R6enF25W4ZtTibPwY=,ngTXval386Q8Fd7PoL4M5VN7KIE=
-20,-43,N5aMfll4R1R6enF25W4ZtTibPwY=,ngTXval386Q8Fd7PoL4M5VN7KIE=
-22,-43,N5aMfll4R1R6enF25W4ZtTibPwY=,ngTXval386Q8Fd7PoL4M5VN7KIE=
-19,-42,N5aMfll4R1R6enF25W4ZtTibPwY=,ngTXval386Q8Fd7PoL4M5VN7KIE=
-23,-43,N5aMfll4R1R6enF25W4ZtTibPwY=,ngTXval386Q8Fd7PoL4M5VN7KIE=
-24,-43,N5aMfll4R1R6enF25W4ZtTibPwY=,ngTXval386Q8Fd7PoL4M5VN7KIE=
-19,-44,N5aMfll4R1R6enF25W4ZtTibPwY=,ngTXval386Q8Fd7PoL4M5VN7KIE=
-18,-42,N5aMfll4R1R6enF25W4ZtTibPwY=,ngTXval386Q8Fd7PoL4M5VN7KIE=
-25,-45,N5aMfll4R1R6enF25W4ZtTibPwY=,bl666RJch7qz0TRAs3WZTBvz4BI=
-18,-44,N5aMfll4R1R6enF25W4ZtTibPwY=,ngTXval386Q8Fd7PoL4M5VN7KIE=
-24,-46,N5aMfll4R1R6enF25W4ZtTibPwY=,ngTXval386Q8Fd7PoL4M5VN7KIE=
-21,-43,N5aMfll4R1R6enF25W4ZtTibPwY=,ngTXval386Q8Fd7PoL4M5VN7KIE=
-23,-44,N5aMfll4R1R6enF25W4ZtTibPwY=,ngTXval386Q8Fd7PoL4M5VN7KIE=
-20,-44,N5aMfll4R1R6enF25W4ZtTibPwY=,ngTXval386Q8Fd7PoL4M5VN7KIE=
-19,-45,N5aMfll4R1R6enF25W4ZtTibPwY=,ngTXval386Q8Fd7PoL4M5VN7KIE=
-20,-45,N5aMfll4R1R6enF25W4ZtTibPwY=,ngTXval386Q8Fd7PoL4M5VN7KIE=
-24,-44,N5aMfll4R1R6enF25W4ZtTibPwY=,ngTXval386Q8Fd7PoL4M5VN7KIE=
-18,-43,N5aMfll4R1R6enF25W4ZtTibPwY=,ngTXval386Q8Fd7PoL4M5VN7KIE=
-25,-47,N5aMfll4R1R6enF25W4ZtTibPwY=,bl666RJch7qz0TRAs3WZTBvz4BI=
-18,-45,N5aMfll4R1R6enF25W4ZtTibPwY=,ngTXval386Q8Fd7PoL4M5VN7KIE=
-25,-42,N5aMfll4R1R6enF25W4ZtTibPwY=,bl666RJch7qz0TRAs3WZTBvz4BI=
-18,-46,N5aMfll4R1R6enF25W4ZtTibPwY=,ngTXval386Q8Fd7PoL4M5VN7KIE=
-19,-46,N5aMfll4R1R6enF25W4ZtTibPwY=,ngTXval386Q8Fd7PoL4M5VN7KIE=
-20,-46,N5aMfll4R1R6enF25W4ZtTibPwY=,ngTXval386Q8Fd7PoL4M5VN7KIE=
-21,-44,N5aMfll4R1R6enF25W4ZtTibPwY=,ngTXval386Q8Fd7PoL4M5VN7KIE=
-25,-46,N5aMfll4R1R6enF25W4ZtTibPwY=,bl666RJch7qz0TRAs3WZTBvz4BI=
-23,-46,N5aMfll4R1R6enF25W4ZtTibPwY=,ngTXval386Q8Fd7PoL4M5VN7KIE=
-22,-46,N5aMfll4R1R6enF25W4ZtTibPwY=,ngTXval386Q8Fd7PoL4M5VN7KIE=
-22,-44,N5aMfll4R1R6enF25W4ZtTibPwY=,ngTXval386Q8Fd7PoL4M5VN7KIE=
-21,-46,N5aMfll4R1R6enF25W4ZtTibPwY=,ngTXval386Q8Fd7PoL4M5VN7KIE=
-23,-45,N5aMfll4R1R6enF25W4ZtTibPwY=,ngTXval386Q8Fd7PoL4M5VN7KIE=
-22,-45,N5aMfll4R1R6enF25W4ZtTibPwY=,ngTXval386Q8Fd7PoL4M5VN7KIE=
-24,-45,N5aMfll4R1R6enF25W4ZtTibPwY=,ngTXval386Q8Fd7PoL4M5VN7KIE=
-21,-45,N5aMfll4R1R6enF25W4ZtTibPwY=,ngTXval386Q8Fd7PoL4M5VN7KIE=
-29,-37,N5aMfll4R1R6enF25W4ZtTibPwY=,/XIF4RGqjAMLLlaElZkLq06HJF8=
-28,-37,N5aMfll4R1R6enF25W4ZtTibPwY=,/XIF4RGqjAMLLlaElZkLq06HJF8=
-27,-37,N5aMfll4R1R6enF25W4ZtTibPwY=,/XIF4RGqjAMLLlaElZkLq06HJF8=
-26,-37,N5aMfll4R1R6enF25W4ZtTibPwY=,/XIF4RGqjAMLLlaElZkLq06HJF8=
-30,-37,N5aMfll4R1R6enF25W4ZtTibPwY=,/XIF4RGqjAMLLlaElZkLq06HJF8=
-31,-37,N5aMfll4R1R6enF25W4ZtTibPwY=,/XIF4RGqjAMLLlaElZkLq06HJF8=
-26,-38,N5aMfll4R1R6enF25W4ZtTibPwY=,/XIF4RGqjAMLLlaElZkLq06HJF8=
-28,-38,N5aMfll4R1R6enF25W4ZtTibPwY=,/XIF4RGqjAMLLlaElZkLq06HJF8=
-27,-38,N5aMfll4R1R6enF25W4ZtTibPwY=,/XIF4RGqjAMLLlaElZkLq06HJF8=
-29,-38,N5aMfll4R1R6enF25W4ZtTibPwY=,/XIF4RGqjAMLLlaElZkLq06HJF8=
-30,-38,N5aMfll4R1R6enF25W4ZtTibPwY=,/XIF4RGqjAMLLlaElZkLq06HJF8=
-26,-34,N5aMfll4R1R6enF25W4ZtTibPwY=,/XIF4RGqjAMLLlaElZkLq06HJF8=
-31,-38,N5aMfll4R1R6enF25W4ZtTibPwY=,/XIF4RGqjAMLLlaElZkLq06HJF8=
-26,-39,N5aMfll4R1R6enF25W4ZtTibPwY=,/XIF4RGqjAMLLlaElZkLq06HJF8=
-27,-34,N5aMfll4R1R6enF25W4ZtTibPwY=,/XIF4RGqjAMLLlaElZkLq06HJF8=
-27,-39,N5aMfll4R1R6enF25W4ZtTibPwY=,/XIF4RGqjAMLLlaElZkLq06HJF8=
-28,-39,N5aMfll4R1R6enF25W4ZtTibPwY=,/XIF4RGqjAMLLlaElZkLq06HJF8=
-29,-34,N5aMfll4R1R6enF25W4ZtTibPwY=,/XIF4RGqjAMLLlaElZkLq06HJF8=
-28,-34,N5aMfll4R1R6enF25W4ZtTibPwY=,/XIF4RGqjAMLLlaElZkLq06HJF8=
-26,-35,N5aMfll4R1R6enF25W4ZtTibPwY=,/XIF4RGqjAMLLlaElZkLq06HJF8=
-29,-39,N5aMfll4R1R6enF25W4ZtTibPwY=,/XIF4RGqjAMLLlaElZkLq06HJF8=
-27,-35,N5aMfll4R1R6enF25W4ZtTibPwY=,/XIF4RGqjAMLLlaElZkLq06HJF8=
-30,-39,N5aMfll4R1R6enF25W4ZtTibPwY=,/XIF4RGqjAMLLlaElZkLq06HJF8=
-26,-40,N5aMfll4R1R6enF25W4ZtTibPwY=,/XIF4RGqjAMLLlaElZkLq06HJF8=
-31,-39,N5aMfll4R1R6enF25W4ZtTibPwY=,/XIF4RGqjAMLLlaElZkLq06HJF8=
-27,-40,N5aMfll4R1R6enF25W4ZtTibPwY=,/XIF4RGqjAMLLlaElZkLq06HJF8=
-28,-35,N5aMfll4R1R6enF25W4ZtTibPwY=,/XIF4RGqjAMLLlaElZkLq06HJF8=
-29,-35,N5aMfll4R1R6enF25W4ZtTibPwY=,/XIF4RGqjAMLLlaElZkLq06HJF8=
-28,-40,N5aMfll4R1R6enF25W4ZtTibPwY=,/XIF4RGqjAMLLlaElZkLq06HJF8=
-29,-40,N5aMfll4R1R6enF25W4ZtTibPwY=,/XIF4RGqjAMLLlaElZkLq06HJF8=
-30,-40,N5aMfll4R1R6enF25W4ZtTibPwY=,/XIF4RGqjAMLLlaElZkLq06HJF8=
-26,-41,N5aMfll4R1R6enF25W4ZtTibPwY=,bl666RJch7qz0TRAs3WZTBvz4BI=
-31,-40,N5aMfll4R1R6enF25W4ZtTibPwY=,/XIF4RGqjAMLLlaElZkLq06HJF8=
-27,-41,N5aMfll4R1R6enF25W4ZtTibPwY=,bl666RJch7qz0TRAs3WZTBvz4BI=
-28,-41,N5aMfll4R1R6enF25W4ZtTibPwY=,bl666RJch7qz0TRAs3WZTBvz4BI=
-30,-34,N5aMfll4R1R6enF25W4ZtTibPwY=,/XIF4RGqjAMLLlaElZkLq06HJF8=
-29,-41,N5aMfll4R1R6enF25W4ZtTibPwY=,bl666RJch7qz0TRAs3WZTBvz4BI=
-30,-41,N5aMfll4R1R6enF25W4ZtTibPwY=,bl666RJch7qz0TRAs3WZTBvz4BI=
-31,-41,N5aMfll4R1R6enF25W4ZtTibPwY=,bl666RJch7qz0TRAs3WZTBvz4BI=
-26,-36,N5aMfll4R1R6enF25W4ZtTibPwY=,/XIF4RGqjAMLLlaElZkLq06HJF8=
-27,-36,N5aMfll4R1R6enF25W4ZtTibPwY=,/XIF4RGqjAMLLlaElZkLq06HJF8=
-28,-36,N5aMfll4R1R6enF25W4ZtTibPwY=,/XIF4RGqjAMLLlaElZkLq06HJF8=
-29,-36,N5aMfll4R1R6enF25W4ZtTibPwY=,/XIF4RGqjAMLLlaElZkLq06HJF8=
-30,-36,N5aMfll4R1R6enF25W4ZtTibPwY=,/XIF4RGqjAMLLlaElZkLq06HJF8=
-30,-35,N5aMfll4R1R6enF25W4ZtTibPwY=,/XIF4RGqjAMLLlaElZkLq06HJF8=
-31,-36,N5aMfll4R1R6enF25W4ZtTibPwY=,/XIF4RGqjAMLLlaElZkLq06HJF8=
-31,-34,N5aMfll4R1R6enF25W4ZtTibPwY=,/XIF4RGqjAMLLlaElZkLq06HJF8=
-31,-35,N5aMfll4R1R6enF25W4ZtTibPwY=,/XIF4RGqjAMLLlaElZkLq06HJF8=
-21,-41,N5aMfll4R1R6enF25W4ZtTibPwY=,ngTXval386Q8Fd7PoL4M5VN7KIE=
-22,-41,N5aMfll4R1R6enF25W4ZtTibPwY=,ngTXval386Q8Fd7PoL4M5VN7KIE=
-23,-41,N5aMfll4R1R6enF25W4ZtTibPwY=,ngTXval386Q8Fd7PoL4M5VN7KIE=
-22,-37,N5aMfll4R1R6enF25W4ZtTibPwY=,z3hvu7d4fAgyh74dDMfuOP6mF2M=
-24,-41,N5aMfll4R1R6enF25W4ZtTibPwY=,ngTXval386Q8Fd7PoL4M5VN7KIE=
-20,-41,N5aMfll4R1R6enF25W4ZtTibPwY=,ngTXval386Q8Fd7PoL4M5VN7KIE=
-20,-38,N5aMfll4R1R6enF25W4ZtTibPwY=,z3hvu7d4fAgyh74dDMfuOP6mF2M=
-23,-37,N5aMfll4R1R6enF25W4ZtTibPwY=,z3hvu7d4fAgyh74dDMfuOP6mF2M=
-19,-41,N5aMfll4R1R6enF25W4ZtTibPwY=,ngTXval386Q8Fd7PoL4M5VN7KIE=
-25,-38,N5aMfll4R1R6enF25W4ZtTibPwY=,/XIF4RGqjAMLLlaElZkLq06HJF8=
-21,-40,N5aMfll4R1R6enF25W4ZtTibPwY=,z3hvu7d4fAgyh74dDMfuOP6mF2M=
-21,-38,N5aMfll4R1R6enF25W4ZtTibPwY=,z3hvu7d4fAgyh74dDMfuOP6mF2M=
-23,-39,N5aMfll4R1R6enF25W4ZtTibPwY=,z3hvu7d4fAgyh74dDMfuOP6mF2M=
-25,-34,N5aMfll4R1R6enF25W4ZtTibPwY=,/XIF4RGqjAMLLlaElZkLq06HJF8=
-25,-39,N5aMfll4R1R6enF25W4ZtTibPwY=,/XIF4RGqjAMLLlaElZkLq06HJF8=
-21,-34,N5aMfll4R1R6enF25W4ZtTibPwY=,z3hvu7d4fAgyh74dDMfuOP6mF2M=
-22,-34,N5aMfll4R1R6enF25W4ZtTibPwY=,z3hvu7d4fAgyh74dDMfuOP6mF2M=
-22,-38,N5aMfll4R1R6enF25W4ZtTibPwY=,z3hvu7d4fAgyh74dDMfuOP6mF2M=
-25,-35,N5aMfll4R1R6enF25W4ZtTibPwY=,/XIF4RGqjAMLLlaElZkLq06HJF8=
-23,-34,N5aMfll4R1R6enF25W4ZtTibPwY=,z3hvu7d4fAgyh74dDMfuOP6mF2M=
-24,-34,N5aMfll4R1R6enF25W4ZtTibPwY=,z3hvu7d4fAgyh74dDMfuOP6mF2M=
-25,-40,N5aMfll4R1R6enF25W4ZtTibPwY=,/XIF4RGqjAMLLlaElZkLq06HJF8=
-21,-37,N5aMfll4R1R6enF25W4ZtTibPwY=,z3hvu7d4fAgyh74dDMfuOP6mF2M=
-21,-35,N5aMfll4R1R6enF25W4ZtTibPwY=,z3hvu7d4fAgyh74dDMfuOP6mF2M=
-25,-41,N5aMfll4R1R6enF25W4ZtTibPwY=,bl666RJch7qz0TRAs3WZTBvz4BI=
-22,-35,N5aMfll4R1R6enF25W4ZtTibPwY=,z3hvu7d4fAgyh74dDMfuOP6mF2M=
-19,-38,N5aMfll4R1R6enF25W4ZtTibPwY=,z3hvu7d4fAgyh74dDMfuOP6mF2M=
-23,-35,N5aMfll4R1R6enF25W4ZtTibPwY=,z3hvu7d4fAgyh74dDMfuOP6mF2M=
-25,-36,N5aMfll4R1R6enF25W4ZtTibPwY=,/XIF4RGqjAMLLlaElZkLq06HJF8=
-24,-35,N5aMfll4R1R6enF25W4ZtTibPwY=,z3hvu7d4fAgyh74dDMfuOP6mF2M=
-18,-38,N5aMfll4R1R6enF25W4ZtTibPwY=,z3hvu7d4fAgyh74dDMfuOP6mF2M=
-24,-37,N5aMfll4R1R6enF25W4ZtTibPwY=,z3hvu7d4fAgyh74dDMfuOP6mF2M=
-24,-40,N5aMfll4R1R6enF25W4ZtTibPwY=,z3hvu7d4fAgyh74dDMfuOP6mF2M=
-18,-39,N5aMfll4R1R6enF25W4ZtTibPwY=,z3hvu7d4fAgyh74dDMfuOP6mF2M=
-22,-40,N5aMfll4R1R6enF25W4ZtTibPwY=,z3hvu7d4fAgyh74dDMfuOP6mF2M=
-24,-39,N5aMfll4R1R6enF25W4ZtTibPwY=,z3hvu7d4fAgyh74dDMfuOP6mF2M=
-18,-40,N5aMfll4R1R6enF25W4ZtTibPwY=,z3hvu7d4fAgyh74dDMfuOP6mF2M=
-20,-35,N5aMfll4R1R6enF25W4ZtTibPwY=,z3hvu7d4fAgyh74dDMfuOP6mF2M=
-19,-40,N5aMfll4R1R6enF25W4ZtTibPwY=,z3hvu7d4fAgyh74dDMfuOP6mF2M=
-21,-36,N5aMfll4R1R6enF25W4ZtTibPwY=,z3hvu7d4fAgyh74dDMfuOP6mF2M=
-19,-39,N5aMfll4R1R6enF25W4ZtTibPwY=,z3hvu7d4fAgyh74dDMfuOP6mF2M=
-23,-38,N5aMfll4R1R6enF25W4ZtTibPwY=,z3hvu7d4fAgyh74dDMfuOP6mF2M=
-22,-36,N5aMfll4R1R6enF25W4ZtTibPwY=,z3hvu7d4fAgyh74dDMfuOP6mF2M=
-20,-39,N5aMfll4R1R6enF25W4ZtTibPwY=,z3hvu7d4fAgyh74dDMfuOP6mF2M=
-23,-36,N5aMfll4R1R6enF25W4ZtTibPwY=,z3hvu7d4fAgyh74dDMfuOP6mF2M=
-24,-36,N5aMfll4R1R6enF25W4ZtTibPwY=,z3hvu7d4fAgyh74dDMfuOP6mF2M=
-20,-37,N5aMfll4R1R6enF25W4ZtTibPwY=,z3hvu7d4fAgyh74dDMfuOP6mF2M=
-20,-40,N5aMfll4R1R6enF25W4ZtTibPwY=,z3hvu7d4fAgyh74dDMfuOP6mF2M=
-18,-41,N5aMfll4R1R6enF25W4ZtTibPwY=,ngTXval386Q8Fd7PoL4M5VN7KIE=
-22,-39,N5aMfll4R1R6enF25W4ZtTibPwY=,z3hvu7d4fAgyh74dDMfuOP6mF2M=
-25,-37,N5aMfll4R1R6enF25W4ZtTibPwY=,/XIF4RGqjAMLLlaElZkLq06HJF8=
-19,-36,N5aMfll4R1R6enF25W4ZtTibPwY=,z3hvu7d4fAgyh74dDMfuOP6mF2M=
-23,-40,N5aMfll4R1R6enF25W4ZtTibPwY=,z3hvu7d4fAgyh74dDMfuOP6mF2M=
-21,-39,N5aMfll4R1R6enF25W4ZtTibPwY=,z3hvu7d4fAgyh74dDMfuOP6mF2M=
-24,-38,N5aMfll4R1R6enF25W4ZtTibPwY=,z3hvu7d4fAgyh74dDMfuOP6mF2M=
-19,-35,N5aMfll4R1R6enF25W4ZtTibPwY=,z3hvu7d4fAgyh74dDMfuOP6mF2M=
-20,-36,N5aMfll4R1R6enF25W4ZtTibPwY=,z3hvu7d4fAgyh74dDMfuOP6mF2M=
-18,-34,N5aMfll4R1R6enF25W4ZtTibPwY=,z3hvu7d4fAgyh74dDMfuOP6mF2M=
-19,-34,N5aMfll4R1R6enF25W4ZtTibPwY=,z3hvu7d4fAgyh74dDMfuOP6mF2M=
-18,-35,N5aMfll4R1R6enF25W4ZtTibPwY=,z3hvu7d4fAgyh74dDMfuOP6mF2M=
-20,-34,N5aMfll4R1R6enF25W4ZtTibPwY=,z3hvu7d4fAgyh74dDMfuOP6mF2M=
-18,-37,N5aMfll4R1R6enF25W4ZtTibPwY=,z3hvu7d4fAgyh74dDMfuOP6mF2M=
-18,-36,N5aMfll4R1R6enF25W4ZtTibPwY=,z3hvu7d4fAgyh74dDMfuOP6mF2M=
-19,-37,N5aMfll4R1R6enF25W4ZtTibPwY=,z3hvu7d4fAgyh74dDMfuOP6mF2M=
-23,-33,N5aMfll4R1R6enF25W4ZtTibPwY=,z3hvu7d4fAgyh74dDMfuOP6mF2M=
-21,-33,N5aMfll4R1R6enF25W4ZtTibPwY=,z3hvu7d4fAgyh74dDMfuOP6mF2M=
-22,-33,N5aMfll4R1R6enF25W4ZtTibPwY=,z3hvu7d4fAgyh74dDMfuOP6mF2M=
-20,-33,N5aMfll4R1R6enF25W4ZtTibPwY=,z3hvu7d4fAgyh74dDMfuOP6mF2M=
-17,-38,N5aMfll4R1R6enF25W4ZtTibPwY=,z3hvu7d4fAgyh74dDMfuOP6mF2M=
-25,-33,N5aMfll4R1R6enF25W4ZtTibPwY=,/XIF4RGqjAMLLlaElZkLq06HJF8=
-24,-33,N5aMfll4R1R6enF25W4ZtTibPwY=,z3hvu7d4fAgyh74dDMfuOP6mF2M=
-17,-39,N5aMfll4R1R6enF25W4ZtTibPwY=,z3hvu7d4fAgyh74dDMfuOP6mF2M=
-19,-33,N5aMfll4R1R6enF25W4ZtTibPwY=,z3hvu7d4fAgyh74dDMfuOP6mF2M=
-18,-33,N5aMfll4R1R6enF25W4ZtTibPwY=,z3hvu7d4fAgyh74dDMfuOP6mF2M=
-17,-41,N5aMfll4R1R6enF25W4ZtTibPwY=,ngTXval386Q8Fd7PoL4M5VN7KIE=
-26,-33,N5aMfll4R1R6enF25W4ZtTibPwY=,/XIF4RGqjAMLLlaElZkLq06HJF8=
-17,-42,N5aMfll4R1R6enF25W4ZtTibPwY=,ngTXval386Q8Fd7PoL4M5VN7KIE=
-17,-43,N5aMfll4R1R6enF25W4ZtTibPwY=,ngTXval386Q8Fd7PoL4M5VN7KIE=
-29,-33,N5aMfll4R1R6enF25W4ZtTibPwY=,/XIF4RGqjAMLLlaElZkLq06HJF8=
-27,-33,N5aMfll4R1R6enF25W4ZtTibPwY=,/XIF4RGqjAMLLlaElZkLq06HJF8=
-28,-33,N5aMfll4R1R6enF25W4ZtTibPwY=,/XIF4RGqjAMLLlaElZkLq06HJF8=
-31,-33,N5aMfll4R1R6enF25W4ZtTibPwY=,/XIF4RGqjAMLLlaElZkLq06HJF8=
-17,-34,N5aMfll4R1R6enF25W4ZtTibPwY=,z3hvu7d4fAgyh74dDMfuOP6mF2M=
-17,-37,N5aMfll4R1R6enF25W4ZtTibPwY=,z3hvu7d4fAgyh74dDMfuOP6mF2M=
-17,-35,N5aMfll4R1R6enF25W4ZtTibPwY=,z3hvu7d4fAgyh74dDMfuOP6mF2M=
-17,-47,N5aMfll4R1R6enF25W4ZtTibPwY=,ngTXval386Q8Fd7PoL4M5VN7KIE=
-17,-44,N5aMfll4R1R6enF25W4ZtTibPwY=,ngTXval386Q8Fd7PoL4M5VN7KIE=
-30,-33,N5aMfll4R1R6enF25W4ZtTibPwY=,/XIF4RGqjAMLLlaElZkLq06HJF8=
-17,-36,N5aMfll4R1R6enF25W4ZtTibPwY=,z3hvu7d4fAgyh74dDMfuOP6mF2M=
-17,-46,N5aMfll4R1R6enF25W4ZtTibPwY=,ngTXval386Q8Fd7PoL4M5VN7KIE=
-17,-45,N5aMfll4R1R6enF25W4ZtTibPwY=,ngTXval386Q8Fd7PoL4M5VN7KIE=
-17,-40,N5aMfll4R1R6enF25W4ZtTibPwY=,z3hvu7d4fAgyh74dDMfuOP6mF2M=
-31,-48,N5aMfll4R1R6enF25W4ZtTibPwY=,bl666RJch7qz0TRAs3WZTBvz4BI=
-26,-48,N5aMfll4R1R6enF25W4ZtTibPwY=,bl666RJch7qz0TRAs3WZTBvz4BI=
-27,-48,N5aMfll4R1R6enF25W4ZtTibPwY=,bl666RJch7qz0TRAs3WZTBvz4BI=
-30,-48,N5aMfll4R1R6enF25W4ZtTibPwY=,bl666RJch7qz0TRAs3WZTBvz4BI=
-28,-48,N5aMfll4R1R6enF25W4ZtTibPwY=,bl666RJch7qz0TRAs3WZTBvz4BI=
-32,-47,N5aMfll4R1R6enF25W4ZtTibPwY=,bl666RJch7qz0TRAs3WZTBvz4BI=
-17,-33,N5aMfll4R1R6enF25W4ZtTibPwY=,z3hvu7d4fAgyh74dDMfuOP6mF2M=
-29,-48,N5aMfll4R1R6enF25W4ZtTibPwY=,bl666RJch7qz0TRAs3WZTBvz4BI=
-32,-38,N5aMfll4R1R6enF25W4ZtTibPwY=,/XIF4RGqjAMLLlaElZkLq06HJF8=
-32,-46,N5aMfll4R1R6enF25W4ZtTibPwY=,bl666RJch7qz0TRAs3WZTBvz4BI=
-32,-37,N5aMfll4R1R6enF25W4ZtTibPwY=,/XIF4RGqjAMLLlaElZkLq06HJF8=
-32,-39,N5aMfll4R1R6enF25W4ZtTibPwY=,/XIF4RGqjAMLLlaElZkLq06HJF8=
-32,-45,N5aMfll4R1R6enF25W4ZtTibPwY=,bl666RJch7qz0TRAs3WZTBvz4BI=
-32,-33,N5aMfll4R1R6enF25W4ZtTibPwY=,/XIF4RGqjAMLLlaElZkLq06HJF8=
-32,-43,N5aMfll4R1R6enF25W4ZtTibPwY=,bl666RJch7qz0TRAs3WZTBvz4BI=
-32,-44,N5aMfll4R1R6enF25W4ZtTibPwY=,bl666RJch7qz0TRAs3WZTBvz4BI=
-32,-34,N5aMfll4R1R6enF25W4ZtTibPwY=,/XIF4RGqjAMLLlaElZkLq06HJF8=
-32,-42,N5aMfll4R1R6enF25W4ZtTibPwY=,bl666RJch7qz0TRAs3WZTBvz4BI=
-32,-36,N5aMfll4R1R6enF25W4ZtTibPwY=,/XIF4RGqjAMLLlaElZkLq06HJF8=
-32,-40,N5aMfll4R1R6enF25W4ZtTibPwY=,/XIF4RGqjAMLLlaElZkLq06HJF8=
-32,-35,N5aMfll4R1R6enF25W4ZtTibPwY=,/XIF4RGqjAMLLlaElZkLq06HJF8=
-32,-41,N5aMfll4R1R6enF25W4ZtTibPwY=,bl666RJch7qz0TRAs3WZTBvz4BI=
-32,-48,N5aMfll4R1R6enF25W4ZtTibPwY=,bl666RJch7qz0TRAs3WZTBvz4BI=
-25,-48,N5aMfll4R1R6enF25W4ZtTibPwY=,bl666RJch7qz0TRAs3WZTBvz4BI=
-19,-48,N5aMfll4R1R6enF25W4ZtTibPwY=,ngTXval386Q8Fd7PoL4M5VN7KIE=
-24,-48,N5aMfll4R1R6enF25W4ZtTibPwY=,ngTXval386Q8Fd7PoL4M5VN7KIE=
-20,-48,N5aMfll4R1R6enF25W4ZtTibPwY=,ngTXval386Q8Fd7PoL4M5VN7KIE=
-22,-48,N5aMfll4R1R6enF25W4ZtTibPwY=,ngTXval386Q8Fd7PoL4M5VN7KIE=
-21,-48,N5aMfll4R1R6enF25W4ZtTibPwY=,ngTXval386Q8Fd7PoL4M5VN7KIE=
-18,-48,N5aMfll4R1R6enF25W4ZtTibPwY=,ngTXval386Q8Fd7PoL4M5VN7KIE=
-23,-48,N5aMfll4R1R6enF25W4ZtTibPwY=,ngTXval386Q8Fd7PoL4M5VN7KIE=
-17,-48,N5aMfll4R1R6enF25W4ZtTibPwY=,ngTXval386Q8Fd7PoL4M5VN7KIE=
