18,-69,QZs6T7ygrhY2VSElTgJtSUWtI3Q=,MoI75WTxUzWPnleYfcbamT1HO9w=
19,-69,QZs6T7ygrhY2VSElTgJtSUWtI3Q=,MoI75WTxUzWPnleYfcbamT1HO9w=
20,-69,QZs6T7ygrhY2VSElTgJtSUWtI3Q=,MoI75WTxUzWPnleYfcbamT1HO9w=
17,-69,QZs6T7ygrhY2VSElTgJtSUWtI3Q=,MoI75WTxUzWPnleYfcbamT1HO9w=
22,-70,QZs6T7ygrhY2VSElTgJtSUWtI3Q=,MoI75WTxUzWPnleYfcbamT1HO9w=
21,-69,QZs6T7ygrhY2VSElTgJtSUWtI3Q=,MoI75WTxUzWPnleYfcbamT1HO9w=
22,-69,QZs6T7ygrhY2VSElTgJtSUWtI3Q=,MoI75WTxUzWPnleYfcbamT1HO9w=
17,-68,QZs6T7ygrhY2VSElTgJtSUWtI3Q=,MoI75WTxUzWPnleYfcbamT1HO9w=
21,-70,QZs6T7ygrhY2VSElTgJtSUWtI3Q=,MoI75WTxUzWPnleYfcbamT1HO9w=
18,-68,QZs6T7ygrhY2VSElTgJtSUWtI3Q=,MoI75WTxUzWPnleYfcbamT1HO9w=
20,-68,QZs6T7ygrhY2VSElTgJtSUWtI3Q=,MoI75WTxUzWPnleYfcbamT1HO9w=
21,-68,QZs6T7ygrhY2VSElTgJtSUWtI3Q=,MoI75WTxUzWPnleYfcbamT1HO9w=
19,-68,QZs6T7ygrhY2VSElTgJtSUWtI3Q=,MoI75WTxUzWPnleYfcbamT1HO9w=
18,-67,QZs6T7ygrhY2VSElTgJtSUWtI3Q=,MoI75WTxUzWPnleYfcbamT1HO9w=
22,-68,QZs6T7ygrhY2VSElTgJtSUWtI3Q=,MoI75WTxUzWPnleYfcbamT1HO9w=
19,-70,QZs6T7ygrhY2VSElTgJtSUWtI3Q=,MoI75WTxUzWPnleYfcbamT1HO9w=
17,-67,QZs6T7ygrhY2VSElTgJtSUWtI3Q=,MoI75WTxUzWPnleYfcbamT1HO9w=
20,-70,QZs6T7ygrhY2VSElTgJtSUWtI3Q=,MoI75WTxUzWPnleYfcbamT1HO9w=
21,-71,QZs6T7ygrhY2VSElTgJtSUWtI3Q=,MoI75WTxUzWPnleYfcbamT1HO9w=
22,-71,QZs6T7ygrhY2VSElTgJtSUWtI3Q=,MoI75WTxUzWPnleYfcbamT1HO9w=
20,-71,QZs6T7ygrhY2VSElTgJtSUWtI3Q=,MoI75WTxUzWPnleYfcbamT1HO9w=
18,-70,QZs6T7ygrhY2VSElTgJtSUWtI3Q=,MoI75WTxUzWPnleYfcbamT1HO9w=
19,-67,QZs6T7ygrhY2VSElTgJtSUWtI3Q=,MoI75WTxUzWPnleYfcbamT1HO9w=
20,-67,QZs6T7ygrhY2VSElTgJtSUWtI3Q=,MoI75WTxUzWPnleYfcbamT1HO9w=
17,-70,QZs6T7ygrhY2VSElTgJtSUWtI3Q=,MoI75WTxUzWPnleYfcbamT1HO9w=
21,-67,QZs6T7ygrhY2VSElTgJtSUWtI3Q=,MoI75WTxUzWPnleYfcbamT1HO9w=
22,-67,QZs6T7ygrhY2VSElTgJtSUWtI3Q=,MoI75WTxUzWPnleYfcbamT1HO9w=
19,-71,QZs6T7ygrhY2VSElTgJtSUWtI3Q=,MoI75WTxUzWPnleYfcbamT1HO9w=
21,-66,QZs6T7ygrhY2VSElTgJtSUWtI3Q=,MoI75WTxUzWPnleYfcbamT1HO9w=
22,-66,QZs6T7ygrhY2VSElTgJtSUWtI3Q=,MoI75WTxUzWPnleYfcbamT1HO9w=
20,-66,QZs6T7ygrhY2VSElTgJtSUWtI3Q=,MoI75WTxUzWPnleYfcbamT1HO9w=
19,-66,QZs6T7ygrhY2VSElTgJtSUWtI3Q=,MoI75WTxUzWPnleYfcbamT1HO9w=
18,-71,QZs6T7ygrhY2VSElTgJtSUWtI3Q=,MoI75WTxUzWPnleYfcbamT1HO9w=
18,-66,QZs6T7ygrhY2VSElTgJtSUWtI3Q=,MoI75WTxUzWPnleYfcbamT1HO9w=
17,-66,QZs6T7ygrhY2VSElTgJtSUWtI3Q=,MoI75WTxUzWPnleYfcbamT1HO9w=
17,-71,QZs6T7ygrhY2VSElTgJtSUWtI3Q=,MoI75WTxUzWPnleYfcbamT1HO9w=
28,-69,QZs6T7ygrhY2VSElTgJtSUWtI3Q=,4jeS7/DSUva1U32e2ZVz/PMSmxw=
30,-69,QZs6T7ygrhY2VSElTgJtSUWtI3Q=,4jeS7/DSUva1U32e2ZVz/PMSmxw=
29,-69,QZs6T7ygrhY2VSElTgJtSUWtI3Q=,4jeS7/DSUva1U32e2ZVz/PMSmxw=
24,-70,QZs6T7ygrhY2VSElTgJtSUWtI3Q=,4jeS7/DSUva1U32e2ZVz/PMSmxw=
27,-69,QZs6T7ygrhY2VSElTgJtSUWtI3Q=,4jeS7/DSUva1U32e2ZVz/PMSmxw=
23,-69,QZs6T7ygrhY2VSElTgJtSUWtI3Q=,MoI75WTxUzWPnleYfcbamT1HO9w=
24,-68,QZs6T7ygrhY2VSElTgJtSUWtI3Q=,4jeS7/DSUva1U32e2ZVz/PMSmxw=
29,-70,QZs6T7ygrhY2VSElTgJtSUWtI3Q=,4jeS7/DSUva1U32e2ZVz/PMSmxw=
25,-70,QZs6T7ygrhY2VSElTgJtSUWtI3Q=,4jeS7/DSUva1U32e2ZVz/PMSmxw=
25,-68,QZs6T7ygrhY2VSElTgJtSUWtI3Q=,4jeS7/DSUva1U32e2ZVz/PMSmxw=
23,-70,QZs6T7ygrhY2VSElTgJtSUWtI3Q=,MoI75WTxUzWPnleYfcbamT1HO9w=
26,-70,QZs6T7ygrhY2VSElTgJtSUWtI3Q=,4jeS7/DSUva1U32e2ZVz/PMSmxw=
26,-69,QZs6T7ygrhY2VSElTgJtSUWtI3Q=,4jeS7/DSUva1U32e2ZVz/PMSmxw=
28,-70,QZs6T7ygrhY2VSElTgJtSUWtI3Q=,4jeS7/DSUva1U32e2ZVz/PMSmxw=
26,-68,QZs6T7ygrhY2VSElTgJtSUWtI3Q=,4jeS7/DSUva1U32e2ZVz/PMSmxw=
30,-70,QZs6T7ygrhY2VSElTgJtSUWtI3Q=,4jeS7/DSUva1U32e2ZVz/PMSmxw=
27,-68,QZs6T7ygrhY2VSElTgJtSUWtI3Q=,4jeS7/DSUva1U32e2ZVz/PMSmxw=
25,-71,QZs6T7ygrhY2VSElTgJtSUWtI3Q=,4jeS7/DSUva1U32e2ZVz/PMSmxw=
23,-71,QZs6T7ygrhY2VSElTgJtSUWtI3Q=,MoI75WTxUzWPnleYfcbamT1HO9w=
27,-70,QZs6T7ygrhY2VSElTgJtSUWtI3Q=,4jeS7/DSUva1U32e2ZVz/PMSmxw=
30,-71,QZs6T7ygrhY2VSElTgJtSUWtI3Q=,4jeS7/DSUva1U32e2ZVz/PMSmxw=
30,-66,QZs6T7ygrhY2VSElTgJtSUWtI3Q=,4jeS7/DSUva1U32e2ZVz/PMSmxw=
24,-71,QZs6T7ygrhY2VSElTgJtSUWtI3Q=,4jeS7/DSUva1U32e2ZVz/PMSmxw=
28,-68,QZs6T7ygrhY2VSElTgJtSUWtI3Q=,4jeS7/DSUva1U32e2ZVz/PMSmxw=
25,-69,QZs6T7ygrhY2VSElTgJtSUWtI3Q=,4jeS7/DSUva1U32e2ZVz/PMSmxw=
29,-71,QZs6T7ygrhY2VSElTgJtSUWtI3Q=,4jeS7/DSUva1U32e2ZVz/PMSmxw=
28,-71,QZs6T7ygrhY2VSElTgJtSUWtI3Q=,4jeS7/DSUva1U32e2ZVz/PMSmxw=
23,-66,QZs6T7ygrhY2VSElTgJtSUWtI3Q=,MoI75WTxUzWPnleYfcbamT1HO9w=
26,-66,QZs6T7ygrhY2VSElTgJtSUWtI3Q=,4jeS7/DSUva1U32e2ZVz/PMSmxw=
27,-71,QZs6T7ygrhY2VSElTgJtSUWtI3Q=,4jeS7/DSUva1U32e2ZVz/PMSmxw=
24,-69,QZs6T7ygrhY2VSElTgJtSUWtI3Q=,4jeS7/DSUva1U32e2ZVz/PMSmxw=
24,-66,QZs6T7ygrhY2VSElTgJtSUWtI3Q=,4jeS7/DSUva1U32e2ZVz/PMSmxw=
29,-66,QZs6T7ygrhY2VSElTgJtSUWtI3Q=,4jeS7/DSUva1U32e2ZVz/PMSmxw=
23,-67,QZs6T7ygrhY2VSElTgJtSUWtI3Q=,MoI75WTxUzWPnleYfcbamT1HO9w=
25,-66,QZs6T7ygrhY2VSElTgJtSUWtI3Q=,4jeS7/DSUva1U32e2ZVz/PMSmxw=
27,-67,QZs6T7ygrhY2VSElTgJtSUWtI3Q=,4jeS7/DSUva1U32e2ZVz/PMSmxw=
26,-67,QZs6T7ygrhY2VSElTgJtSUWtI3Q=,4jeS7/DSUva1U32e2ZVz/PMSmxw=
26,-71,QZs6T7ygrhY2VSElTgJtSUWtI3Q=,4jeS7/DSUva1U32e2ZVz/PMSmxw=
23,-68,QZs6T7ygrhY2VSElTgJtSUWtI3Q=,MoI75WTxUzWPnleYfcbamT1HO9w=
27,-66,QZs6T7ygrhY2VSElTgJtSUWtI3Q=,4jeS7/DSUva1U32e2ZVz/PMSmxw=
25,-67,QZs6T7ygrhY2VSElTgJtSUWtI3Q=,4jeS7/DSUva1U32e2ZVz/PMSmxw=
24,-67,QZs6T7ygrhY2VSElTgJtSUWtI3Q=,4jeS7/DSUva1U32e2ZVz/PMSmxw=
29,-68,QZs6T7ygrhY2VSElTgJtSUWtI3Q=,4jeS7/DSUva1U32e2ZVz/PMSmxw=
30,-68,QZs6T7ygrhY2VSElTgJtSUWtI3Q=,4jeS7/DSUva1U32e2ZVz/PMSmxw=
30,-67,QZs6T7ygrhY2VSElTgJtSUWtI3Q=,4jeS7/DSUva1U32e2ZVz/PMSmxw=
28,-66,QZs6T7ygrhY2VSElTgJtSUWtI3Q=,4jeS7/DSUva1U32e2ZVz/PMSmxw=
25,-73,QZs6T7ygrhY2VSElTgJtSUWtI3Q=,vczJo/vHDIzHCI1Q32RIZ9AtRhA=
28,-72,QZs6T7ygrhY2VSElTgJtSUWtI3Q=,4jeS7/DSUva1U32e2ZVz/PMSmxw=
29,-67,QZs6T7ygrhY2VSElTgJtSUWtI3Q=,4jeS7/DSUva1U32e2ZVz/PMSmxw=
28,-67,QZs6T7ygrhY2VSElTgJtSUWtI3Q=,4jeS7/DSUva1U32e2ZVz/PMSmxw=
26,-73,QZs6T7ygrhY2VSElTgJtSUWtI3Q=,vczJo/vHDIzHCI1Q32RIZ9AtRhA=
27,-73,QZs6T7ygrhY2VSElTgJtSUWtI3Q=,vczJo/vHDIzHCI1Q32RIZ9AtRhA=
28,-73,QZs6T7ygrhY2VSElTgJtSUWtI3Q=,vczJo/vHDIzHCI1Q32RIZ9AtRhA=
30,-74,QZs6T7ygrhY2VSElTgJtSUWtI3Q=,vczJo/vHDIzHCI1Q32RIZ9AtRhA=
29,-74,QZs6T7ygrhY2VSElTgJtSUWtI3Q=,vczJo/vHDIzHCI1Q32RIZ9AtRhA=
29,-75,QZs6T7ygrhY2VSElTgJtSUWtI3Q=,vczJo/vHDIzHCI1Q32RIZ9AtRhA=
29,-73,QZs6T7ygrhY2VSElTgJtSUWtI3Q=,vczJo/vHDIzHCI1Q32RIZ9AtRhA=
25,-74,QZs6T7ygrhY2VSElTgJtSUWtI3Q=,vczJo/vHDIzHCI1Q32RIZ9AtRhA=
28,-74,QZs6T7ygrhY2VSElTgJtSUWtI3Q=,vczJo/vHDIzHCI1Q32RIZ9AtRhA=
29,-76,QZs6T7ygrhY2VSElTgJtSUWtI3Q=,vczJo/vHDIzHCI1Q32RIZ9AtRhA=
28,-76,QZs6T7ygrhY2VSElTgJtSUWtI3Q=,vczJo/vHDIzHCI1Q32RIZ9AtRhA=
26,-76,QZs6T7ygrhY2VSElTgJtSUWtI3Q=,vczJo/vHDIzHCI1Q32RIZ9AtRhA=
27,-76,QZs6T7ygrhY2VSElTgJtSUWtI3Q=,vczJo/vHDIzHCI1Q32RIZ9AtRhA=
27,-75,QZs6T7ygrhY2VSElTgJtSUWtI3Q=,vczJo/vHDIzHCI1Q32RIZ9AtRhA=
30,-77,QZs6T7ygrhY2VSElTgJtSUWtI3Q=,vczJo/vHDIzHCI1Q32RIZ9AtRhA=
28,-75,QZs6T7ygrhY2VSElTgJtSUWtI3Q=,vczJo/vHDIzHCI1Q32RIZ9AtRhA=
29,-77,QZs6T7ygrhY2VSElTgJtSUWtI3Q=,vczJo/vHDIzHCI1Q32RIZ9AtRhA=
28,-77,QZs6T7ygrhY2VSElTgJtSUWtI3Q=,vczJo/vHDIzHCI1Q32RIZ9AtRhA=
27,-77,QZs6T7ygrhY2VSElTgJtSUWtI3Q=,vczJo/vHDIzHCI1Q32RIZ9AtRhA=
26,-77,QZs6T7ygrhY2VSElTgJtSUWtI3Q=,vczJo/vHDIzHCI1Q32RIZ9AtRhA=
27,-72,QZs6T7ygrhY2VSElTgJtSUWtI3Q=,4jeS7/DSUva1U32e2ZVz/PMSmxw=
26,-72,QZs6T7ygrhY2VSElTgJtSUWtI3Q=,4jeS7/DSUva1U32e2ZVz/PMSmxw=
25,-77,QZs6T7ygrhY2VSElTgJtSUWtI3Q=,vczJo/vHDIzHCI1Q32RIZ9AtRhA=
30,-78,QZs6T7ygrhY2VSElTgJtSUWtI3Q=,vczJo/vHDIzHCI1Q32RIZ9AtRhA=
29,-78,QZs6T7ygrhY2VSElTgJtSUWtI3Q=,vczJo/vHDIzHCI1Q32RIZ9AtRhA=
28,-78,QZs6T7ygrhY2VSElTgJtSUWtI3Q=,vczJo/vHDIzHCI1Q32RIZ9AtRhA=
27,-78,QZs6T7ygrhY2VSElTgJtSUWtI3Q=,vczJo/vHDIzHCI1Q32RIZ9AtRhA=
26,-78,QZs6T7ygrhY2VSElTgJtSUWtI3Q=,vczJo/vHDIzHCI1Q32RIZ9AtRhA=
25,-78,QZs6T7ygrhY2VSElTgJtSUWtI3Q=,vczJo/vHDIzHCI1Q32RIZ9AtRhA=
30,-79,QZs6T7ygrhY2VSElTgJtSUWtI3Q=,vczJo/vHDIzHCI1Q32RIZ9AtRhA=
29,-79,QZs6T7ygrhY2VSElTgJtSUWtI3Q=,vczJo/vHDIzHCI1Q32RIZ9AtRhA=
28,-79,QZs6T7ygrhY2VSElTgJtSUWtI3Q=,vczJo/vHDIzHCI1Q32RIZ9AtRhA=
30,-72,QZs6T7ygrhY2VSElTgJtSUWtI3Q=,4jeS7/DSUva1U32e2ZVz/PMSmxw=
27,-79,QZs6T7ygrhY2VSElTgJtSUWtI3Q=,vczJo/vHDIzHCI1Q32RIZ9AtRhA=
26,-79,QZs6T7ygrhY2VSElTgJtSUWtI3Q=,vczJo/vHDIzHCI1Q32RIZ9AtRhA=
25,-79,QZs6T7ygrhY2VSElTgJtSUWtI3Q=,vczJo/vHDIzHCI1Q32RIZ9AtRhA=
29,-72,QZs6T7ygrhY2VSElTgJtSUWtI3Q=,4jeS7/DSUva1U32e2ZVz/PMSmxw=
30,-76,QZs6T7ygrhY2VSElTgJtSUWtI3Q=,vczJo/vHDIzHCI1Q32RIZ9AtRhA=
25,-72,QZs6T7ygrhY2VSElTgJtSUWtI3Q=,4jeS7/DSUva1U32e2ZVz/PMSmxw=
25,-76,QZs6T7ygrhY2VSElTgJtSUWtI3Q=,vczJo/vHDIzHCI1Q32RIZ9AtRhA=
26,-74,QZs6T7ygrhY2VSElTgJtSUWtI3Q=,vczJo/vHDIzHCI1Q32RIZ9AtRhA=
27,-74,QZs6T7ygrhY2VSElTgJtSUWtI3Q=,vczJo/vHDIzHCI1Q32RIZ9AtRhA=
30,-75,QZs6T7ygrhY2VSElTgJtSUWtI3Q=,vczJo/vHDIzHCI1Q32RIZ9AtRhA=
26,-75,QZs6T7ygrhY2VSElTgJtSUWtI3Q=,vczJo/vHDIzHCI1Q32RIZ9AtRhA=
30,-73,QZs6T7ygrhY2VSElTgJtSUWtI3Q=,vczJo/vHDIzHCI1Q32RIZ9AtRhA=
25,-75,QZs6T7ygrhY2VSElTgJtSUWtI3Q=,vczJo/vHDIzHCI1Q32RIZ9AtRhA=
19,-76,QZs6T7ygrhY2VSElTgJtSUWtI3Q=,dRko5kWmL8ofzOnn8/09UqAIxJ0=
23,-76,QZs6T7ygrhY2VSElTgJtSUWtI3Q=,dRko5kWmL8ofzOnn8/09UqAIxJ0=
21,-76,QZs6T7ygrhY2VSElTgJtSUWtI3Q=,dRko5kWmL8ofzOnn8/09UqAIxJ0=
22,-76,QZs6T7ygrhY2VSElTgJtSUWtI3Q=,dRko5kWmL8ofzOnn8/09UqAIxJ0=
20,-76,QZs6T7ygrhY2VSElTgJtSUWtI3Q=,dRko5kWmL8ofzOnn8/09UqAIxJ0=
24,-73,QZs6T7ygrhY2VSElTgJtSUWtI3Q=,vczJo/vHDIzHCI1Q32RIZ9AtRhA=
24,-72,QZs6T7ygrhY2VSElTgJtSUWtI3Q=,4jeS7/DSUva1U32e2ZVz/PMSmxw=
23,-77,QZs6T7ygrhY2VSElTgJtSUWtI3Q=,dRko5kWmL8ofzOnn8/09UqAIxJ0=
22,-77,QZs6T7ygrhY2VSElTgJtSUWtI3Q=,dRko5kWmL8ofzOnn8/09UqAIxJ0=
21,-77,QZs6T7ygrhY2VSElTgJtSUWtI3Q=,dRko5kWmL8ofzOnn8/09UqAIxJ0=
24,-76,QZs6T7ygrhY2VSElTgJtSUWtI3Q=,vczJo/vHDIzHCI1Q32RIZ9AtRhA=
23,-72,QZs6T7ygrhY2VSElTgJtSUWtI3Q=,MoI75WTxUzWPnleYfcbamT1HO9w=
22,-72,QZs6T7ygrhY2VSElTgJtSUWtI3Q=,MoI75WTxUzWPnleYfcbamT1HO9w=
21,-72,QZs6T7ygrhY2VSElTgJtSUWtI3Q=,MoI75WTxUzWPnleYfcbamT1HO9w=
20,-72,QZs6T7ygrhY2VSElTgJtSUWtI3Q=,MoI75WTxUzWPnleYfcbamT1HO9w=
19,-72,QZs6T7ygrhY2VSElTgJtSUWtI3Q=,MoI75WTxUzWPnleYfcbamT1HO9w=
20,-77,QZs6T7ygrhY2VSElTgJtSUWtI3Q=,dRko5kWmL8ofzOnn8/09UqAIxJ0=
18,-76,QZs6T7ygrhY2VSElTgJtSUWtI3Q=,dRko5kWmL8ofzOnn8/09UqAIxJ0=
23,-73,QZs6T7ygrhY2VSElTgJtSUWtI3Q=,dRko5kWmL8ofzOnn8/09UqAIxJ0=
18,-75,QZs6T7ygrhY2VSElTgJtSUWtI3Q=,dRko5kWmL8ofzOnn8/09UqAIxJ0=
22,-73,QZs6T7ygrhY2VSElTgJtSUWtI3Q=,dRko5kWmL8ofzOnn8/09UqAIxJ0=
21,-73,QZs6T7ygrhY2VSElTgJtSUWtI3Q=,dRko5kWmL8ofzOnn8/09UqAIxJ0=
18,-72,QZs6T7ygrhY2VSElTgJtSUWtI3Q=,MoI75WTxUzWPnleYfcbamT1HO9w=
19,-77,QZs6T7ygrhY2VSElTgJtSUWtI3Q=,dRko5kWmL8ofzOnn8/09UqAIxJ0=
24,-77,QZs6T7ygrhY2VSElTgJtSUWtI3Q=,vczJo/vHDIzHCI1Q32RIZ9AtRhA=
24,-74,QZs6T7ygrhY2VSElTgJtSUWtI3Q=,vczJo/vHDIzHCI1Q32RIZ9AtRhA=
23,-78,QZs6T7ygrhY2VSElTgJtSUWtI3Q=,dRko5kWmL8ofzOnn8/09UqAIxJ0=
17,-76,QZs6T7ygrhY2VSElTgJtSUWtI3Q=,dRko5kWmL8ofzOnn8/09UqAIxJ0=
20,-73,QZs6T7ygrhY2VSElTgJtSUWtI3Q=,dRko5kWmL8ofzOnn8/09UqAIxJ0=
22,-78,QZs6T7ygrhY2VSElTgJtSUWtI3Q=,dRko5kWmL8ofzOnn8/09UqAIxJ0=
21,-78,QZs6T7ygrhY2VSElTgJtSUWtI3Q=,dRko5kWmL8ofzOnn8/09UqAIxJ0=
19,-75,QZs6T7ygrhY2VSElTgJtSUWtI3Q=,dRko5kWmL8ofzOnn8/09UqAIxJ0=
19,-73,QZs6T7ygrhY2VSElTgJtSUWtI3Q=,dRko5kWmL8ofzOnn8/09UqAIxJ0=
20,-75,QZs6T7ygrhY2VSElTgJtSUWtI3Q=,dRko5kWmL8ofzOnn8/09UqAIxJ0=
20,-78,QZs6T7ygrhY2VSElTgJtSUWtI3Q=,dRko5kWmL8ofzOnn8/09UqAIxJ0=
18,-77,QZs6T7ygrhY2VSElTgJtSUWtI3Q=,dRko5kWmL8ofzOnn8/09UqAIxJ0=
24,-75,QZs6T7ygrhY2VSElTgJtSUWtI3Q=,vczJo/vHDIzHCI1Q32RIZ9AtRhA=
17,-72,QZs6T7ygrhY2VSElTgJtSUWtI3Q=,MoI75WTxUzWPnleYfcbamT1HO9w=
24,-78,QZs6T7ygrhY2VSElTgJtSUWtI3Q=,vczJo/vHDIzHCI1Q32RIZ9AtRhA=
23,-79,QZs6T7ygrhY2VSElTgJtSUWtI3Q=,dRko5kWmL8ofzOnn8/09UqAIxJ0=
17,-75,QZs6T7ygrhY2VSElTgJtSUWtI3Q=,dRko5kWmL8ofzOnn8/09UqAIxJ0=
22,-79,QZs6T7ygrhY2VSElTgJtSUWtI3Q=,dRko5kWmL8ofzOnn8/09UqAIxJ0=
21,-79,QZs6T7ygrhY2VSElTgJtSUWtI3Q=,dRko5kWmL8ofzOnn8/09UqAIxJ0=
23,-74,QZs6T7ygrhY2VSElTgJtSUWtI3Q=,dRko5kWmL8ofzOnn8/09UqAIxJ0=
18,-73,QZs6T7ygrhY2VSElTgJtSUWtI3Q=,dRko5kWmL8ofzOnn8/09UqAIxJ0=
22,-74,QZs6T7ygrhY2VSElTgJtSUWtI3Q=,dRko5kWmL8ofzOnn8/09UqAIxJ0=
21,-75,QZs6T7ygrhY2VSElTgJtSUWtI3Q=,dRko5kWmL8ofzOnn8/09UqAIxJ0=
21,-74,QZs6T7ygrhY2VSElTgJtSUWtI3Q=,dRko5kWmL8ofzOnn8/09UqAIxJ0=
17,-73,QZs6T7ygrhY2VSElTgJtSUWtI3Q=,dRko5kWmL8ofzOnn8/09UqAIxJ0=
24,-79,QZs6T7ygrhY2VSElTgJtSUWtI3Q=,vczJo/vHDIzHCI1Q32RIZ9AtRhA=
19,-78,QZs6T7ygrhY2VSElTgJtSUWtI3Q=,dRko5kWmL8ofzOnn8/09UqAIxJ0=
17,-77,QZs6T7ygrhY2VSElTgJtSUWtI3Q=,dRko5kWmL8ofzOnn8/09UqAIxJ0=
17,-79,QZs6T7ygrhY2VSElTgJtSUWtI3Q=,dRko5kWmL8ofzOnn8/09UqAIxJ0=
20,-74,QZs6T7ygrhY2VSElTgJtSUWtI3Q=,dRko5kWmL8ofzOnn8/09UqAIxJ0=
17,-78,QZs6T7ygrhY2VSElTgJtSUWtI3Q=,dRko5kWmL8ofzOnn8/09UqAIxJ0=
20,-79,QZs6T7ygrhY2VSElTgJtSUWtI3Q=,dRko5kWmL8ofzOnn8/09UqAIxJ0=
22,-75,QZs6T7ygrhY2VSElTgJtSUWtI3Q=,dRko5kWmL8ofzOnn8/09UqAIxJ0=
18,-78,QZs6T7ygrhY2VSElTgJtSUWtI3Q=,dRko5kWmL8ofzOnn8/09UqAIxJ0=
18,-79,QZs6T7ygrhY2VSElTgJtSUWtI3Q=,dRko5kWmL8ofzOnn8/09UqAIxJ0=
23,-75,QZs6T7ygrhY2VSElTgJtSUWtI3Q=,dRko5kWmL8ofzOnn8/09UqAIxJ0=
18,-74,QZs6T7ygrhY2VSElTgJtSUWtI3Q=,dRko5kWmL8ofzOnn8/09UqAIxJ0=
19,-74,QZs6T7ygrhY2VSElTgJtSUWtI3Q=,dRko5kWmL8ofzOnn8/09UqAIxJ0=
17,-74,QZs6T7ygrhY2VSElTgJtSUWtI3Q=,dRko5kWmL8ofzOnn8/09UqAIxJ0=
19,-79,QZs6T7ygrhY2VSElTgJtSUWtI3Q=,dRko5kWmL8ofzOnn8/09UqAIxJ0=
31,-69,QZs6T7ygrhY2VSElTgJtSUWtI3Q=,4jeS7/DSUva1U32e2ZVz/PMSmxw=
31,-71,QZs6T7ygrhY2VSElTgJtSUWtI3Q=,4jeS7/DSUva1U32e2ZVz/PMSmxw=
31,-70,QZs6T7ygrhY2VSElTgJtSUWtI3Q=,4jeS7/DSUva1U32e2ZVz/PMSmxw=
31,-68,QZs6T7ygrhY2VSElTgJtSUWtI3Q=,4jeS7/DSUva1U32e2ZVz/PMSmxw=
31,-66,QZs6T7ygrhY2VSElTgJtSUWtI3Q=,4jeS7/DSUva1U32e2ZVz/PMSmxw=
31,-77,QZs6T7ygrhY2VSElTgJtSUWtI3Q=,vczJo/vHDIzHCI1Q32RIZ9AtRhA=
31,-78,QZs6T7ygrhY2VSElTgJtSUWtI3Q=,vczJo/vHDIzHCI1Q32RIZ9AtRhA=
31,-79,QZs6T7ygrhY2VSElTgJtSUWtI3Q=,vczJo/vHDIzHCI1Q32RIZ9AtRhA=
31,-76,QZs6T7ygrhY2VSElTgJtSUWtI3Q=,vczJo/vHDIzHCI1Q32RIZ9AtRhA=
31,-72,QZs6T7ygrhY2VSElTgJtSUWtI3Q=,4jeS7/DSUva1U32e2ZVz/PMSmxw=
31,-67,QZs6T7ygrhY2VSElTgJtSUWtI3Q=,4jeS7/DSUva1U32e2ZVz/PMSmxw=
31,-73,QZs6T7ygrhY2VSElTgJtSUWtI3Q=,vczJo/vHDIzHCI1Q32RIZ9AtRhA=
31,-74,QZs6T7ygrhY2VSElTgJtSUWtI3Q=,vczJo/vHDIzHCI1Q32RIZ9AtRhA=
31,-75,QZs6T7ygrhY2VSElTgJtSUWtI3Q=,vczJo/vHDIzHCI1Q32RIZ9AtRhA=
17,-65,QZs6T7ygrhY2VSElTgJtSUWtI3Q=,MoI75WTxUzWPnleYfcbamT1HO9w=
22,-65,QZs6T7ygrhY2VSElTgJtSUWtI3Q=,MoI75WTxUzWPnleYfcbamT1HO9w=
30,-65,QZs6T7ygrhY2VSElTgJtSUWtI3Q=,4jeS7/DSUva1U32e2ZVz/PMSmxw=
24,-65,QZs6T7ygrhY2VSElTgJtSUWtI3Q=,4jeS7/DSUva1U32e2ZVz/PMSmxw=
19,-65,QZs6T7ygrhY2VSElTgJtSUWtI3Q=,MoI75WTxUzWPnleYfcbamT1HO9w=
20,-65,QZs6T7ygrhY2VSElTgJtSUWtI3Q=,MoI75WTxUzWPnleYfcbamT1HO9w=
21,-65,QZs6T7ygrhY2VSElTgJtSUWtI3Q=,MoI75WTxUzWPnleYfcbamT1HO9w=
23,-65,QZs6T7ygrhY2VSElTgJtSUWtI3Q=,MoI75WTxUzWPnleYfcbamT1HO9w=
18,-65,QZs6T7ygrhY2VSElTgJtSUWtI3Q=,MoI75WTxUzWPnleYfcbamT1HO9w=
29,-65,QZs6T7ygrhY2VSElTgJtSUWtI3Q=,4jeS7/DSUva1U32e2ZVz/PMSmxw=
26,-65,QZs6T7ygrhY2VSElTgJtSUWtI3Q=,4jeS7/DSUva1U32e2ZVz/PMSmxw=
27,-65,QZs6T7ygrhY2VSElTgJtSUWtI3Q=,4jeS7/DSUva1U32e2ZVz/PMSmxw=
28,-65,QZs6T7ygrhY2VSElTgJtSUWtI3Q=,4jeS7/DSUva1U32e2ZVz/PMSmxw=
25,-65,QZs6T7ygrhY2VSElTgJtSUWtI3Q=,4jeS7/DSUva1U32e2ZVz/PMSmxw=
31,-65,QZs6T7ygrhY2VSElTgJtSUWtI3Q=,4jeS7/DSUva1U32e2ZVz/PMSmxw=
16,-68,QZs6T7ygrhY2VSElTgJtSUWtI3Q=,MoI75WTxUzWPnleYfcbamT1HO9w=
16,-67,QZs6T7ygrhY2VSElTgJtSUWtI3Q=,MoI75WTxUzWPnleYfcbamT1HO9w=
16,-69,QZs6T7ygrhY2VSElTgJtSUWtI3Q=,MoI75WTxUzWPnleYfcbamT1HO9w=
16,-66,QZs6T7ygrhY2VSElTgJtSUWtI3Q=,MoI75WTxUzWPnleYfcbamT1HO9w=
16,-70,QZs6T7ygrhY2VSElTgJtSUWtI3Q=,MoI75WTxUzWPnleYfcbamT1HO9w=
17,-80,QZs6T7ygrhY2VSElTgJtSUWtI3Q=,dRko5kWmL8ofzOnn8/09UqAIxJ0=
22,-80,QZs6T7ygrhY2VSElTgJtSUWtI3Q=,dRko5kWmL8ofzOnn8/09UqAIxJ0=
18,-80,QZs6T7ygrhY2VSElTgJtSUWtI3Q=,dRko5kWmL8ofzOnn8/09UqAIxJ0=
16,-71,QZs6T7ygrhY2VSElTgJtSUWtI3Q=,MoI75WTxUzWPnleYfcbamT1HO9w=
16,-79,QZs6T7ygrhY2VSElTgJtSUWtI3Q=,dRko5kWmL8ofzOnn8/09UqAIxJ0=
16,-65,QZs6T7ygrhY2VSElTgJtSUWtI3Q=,MoI75WTxUzWPnleYfcbamT1HO9w=
21,-80,QZs6T7ygrhY2VSElTgJtSUWtI3Q=,dRko5kWmL8ofzOnn8/09UqAIxJ0=
20,-80,QZs6T7ygrhY2VSElTgJtSUWtI3Q=,dRko5kWmL8ofzOnn8/09UqAIxJ0=
19,-80,QZs6T7ygrhY2VSElTgJtSUWtI3Q=,dRko5kWmL8ofzOnn8/09UqAIxJ0=
16,-78,QZs6T7ygrhY2VSElTgJtSUWtI3Q=,dRko5kWmL8ofzOnn8/09UqAIxJ0=
16,-76,QZs6T7ygrhY2VSElTgJtSUWtI3Q=,dRko5kWmL8ofzOnn8/09UqAIxJ0=
16,-75,QZs6T7ygrhY2VSElTgJtSUWtI3Q=,dRko5kWmL8ofzOnn8/09UqAIxJ0=
16,-77,QZs6T7ygrhY2VSElTgJtSUWtI3Q=,dRko5kWmL8ofzOnn8/09UqAIxJ0=
16,-72,QZs6T7ygrhY2VSElTgJtSUWtI3Q=,MoI75WTxUzWPnleYfcbamT1HO9w=
16,-74,QZs6T7ygrhY2VSElTgJtSUWtI3Q=,dRko5kWmL8ofzOnn8/09UqAIxJ0=
16,-73,QZs6T7ygrhY2VSElTgJtSUWtI3Q=,dRko5kWmL8ofzOnn8/09UqAIxJ0=
24,-80,QZs6T7ygrhY2VSElTgJtSUWtI3Q=,vczJo/vHDIzHCI1Q32RIZ9AtRhA=
27,-80,QZs6T7ygrhY2VSElTgJtSUWtI3Q=,vczJo/vHDIzHCI1Q32RIZ9AtRhA=
25,-80,QZs6T7ygrhY2VSElTgJtSUWtI3Q=,vczJo/vHDIzHCI1Q32RIZ9AtRhA=
29,-80,QZs6T7ygrhY2VSElTgJtSUWtI3Q=,vczJo/vHDIzHCI1Q32RIZ9AtRhA=
28,-80,QZs6T7ygrhY2VSElTgJtSUWtI3Q=,vczJo/vHDIzHCI1Q32RIZ9AtRhA=
30,-80,QZs6T7ygrhY2VSElTgJtSUWtI3Q=,vczJo/vHDIzHCI1Q32RIZ9AtRhA=
23,-80,QZs6T7ygrhY2VSElTgJtSUWtI3Q=,dRko5kWmL8ofzOnn8/09UqAIxJ0=
26,-80,QZs6T7ygrhY2VSElTgJtSUWtI3Q=,vczJo/vHDIzHCI1Q32RIZ9AtRhA=
31,-80,QZs6T7ygrhY2VSElTgJtSUWtI3Q=,vczJo/vHDIzHCI1Q32RIZ9AtRhA=
16,-80,QZs6T7ygrhY2VSElTgJtSUWtI3Q=,dRko5kWmL8ofzOnn8/09UqAIxJ0=
19,-83,QZs6T7ygrhY2VSElTgJtSUWtI3Q=,82eHPxBP65vgJ2KPYK9wmUQ16so=
18,-83,QZs6T7ygrhY2VSElTgJtSUWtI3Q=,82eHPxBP65vgJ2KPYK9wmUQ16so=
20,-83,QZs6T7ygrhY2VSElTgJtSUWtI3Q=,82eHPxBP65vgJ2KPYK9wmUQ16so=
17,-83,QZs6T7ygrhY2VSElTgJtSUWtI3Q=,82eHPxBP65vgJ2KPYK9wmUQ16so=
20,-84,z4Ibs7ld0xRX90NOV0IVHcCcQ3I=,82eHPxBP65vgJ2KPYK9wmUQ16so=
21,-84,z4Ibs7ld0xRX90NOV0IVHcCcQ3I=,82eHPxBP65vgJ2KPYK9wmUQ16so=
16,-83,z4Ibs7ld0xRX90NOV0IVHcCcQ3I=,82eHPxBP65vgJ2KPYK9wmUQ16so=
19,-84,z4Ibs7ld0xRX90NOV0IVHcCcQ3I=,82eHPxBP65vgJ2KPYK9wmUQ16so=
18,-84,z4Ibs7ld0xRX90NOV0IVHcCcQ3I=,82eHPxBP65vgJ2KPYK9wmUQ16so=
17,-84,z4Ibs7ld0xRX90NOV0IVHcCcQ3I=,82eHPxBP65vgJ2KPYK9wmUQ16so=
16,-84,z4Ibs7ld0xRX90NOV0IVHcCcQ3I=,82eHPxBP65vgJ2KPYK9wmUQ16so=
22,-85,z4Ibs7ld0xRX90NOV0IVHcCcQ3I=,82eHPxBP65vgJ2KPYK9wmUQ16so=
20,-85,z4Ibs7ld0xRX90NOV0IVHcCcQ3I=,82eHPxBP65vgJ2KPYK9wmUQ16so=
21,-85,z4Ibs7ld0xRX90NOV0IVHcCcQ3I=,82eHPxBP65vgJ2KPYK9wmUQ16so=
19,-85,z4Ibs7ld0xRX90NOV0IVHcCcQ3I=,82eHPxBP65vgJ2KPYK9wmUQ16so=
18,-85,z4Ibs7ld0xRX90NOV0IVHcCcQ3I=,82eHPxBP65vgJ2KPYK9wmUQ16so=
17,-85,z4Ibs7ld0xRX90NOV0IVHcCcQ3I=,82eHPxBP65vgJ2KPYK9wmUQ16so=
22,-86,z4Ibs7ld0xRX90NOV0IVHcCcQ3I=,82eHPxBP65vgJ2KPYK9wmUQ16so=
16,-85,z4Ibs7ld0xRX90NOV0IVHcCcQ3I=,82eHPxBP65vgJ2KPYK9wmUQ16so=
19,-86,z4Ibs7ld0xRX90NOV0IVHcCcQ3I=,82eHPxBP65vgJ2KPYK9wmUQ16so=
20,-86,z4Ibs7ld0xRX90NOV0IVHcCcQ3I=,82eHPxBP65vgJ2KPYK9wmUQ16so=
21,-86,z4Ibs7ld0xRX90NOV0IVHcCcQ3I=,82eHPxBP65vgJ2KPYK9wmUQ16so=
18,-86,z4Ibs7ld0xRX90NOV0IVHcCcQ3I=,82eHPxBP65vgJ2KPYK9wmUQ16so=
17,-86,z4Ibs7ld0xRX90NOV0IVHcCcQ3I=,82eHPxBP65vgJ2KPYK9wmUQ16so=
16,-86,z4Ibs7ld0xRX90NOV0IVHcCcQ3I=,82eHPxBP65vgJ2KPYK9wmUQ16so=
22,-87,z4Ibs7ld0xRX90NOV0IVHcCcQ3I=,82eHPxBP65vgJ2KPYK9wmUQ16so=
21,-87,z4Ibs7ld0xRX90NOV0IVHcCcQ3I=,82eHPxBP65vgJ2KPYK9wmUQ16so=
19,-87,z4Ibs7ld0xRX90NOV0IVHcCcQ3I=,82eHPxBP65vgJ2KPYK9wmUQ16so=
20,-87,z4Ibs7ld0xRX90NOV0IVHcCcQ3I=,82eHPxBP65vgJ2KPYK9wmUQ16so=
18,-87,z4Ibs7ld0xRX90NOV0IVHcCcQ3I=,82eHPxBP65vgJ2KPYK9wmUQ16so=
17,-87,z4Ibs7ld0xRX90NOV0IVHcCcQ3I=,82eHPxBP65vgJ2KPYK9wmUQ16so=
22,-88,z4Ibs7ld0xRX90NOV0IVHcCcQ3I=,82eHPxBP65vgJ2KPYK9wmUQ16so=
21,-83,z4Ibs7ld0xRX90NOV0IVHcCcQ3I=,82eHPxBP65vgJ2KPYK9wmUQ16so=
22,-84,z4Ibs7ld0xRX90NOV0IVHcCcQ3I=,82eHPxBP65vgJ2KPYK9wmUQ16so=
18,-81,z4Ibs7ld0xRX90NOV0IVHcCcQ3I=,82eHPxBP65vgJ2KPYK9wmUQ16so=
21,-88,z4Ibs7ld0xRX90NOV0IVHcCcQ3I=,82eHPxBP65vgJ2KPYK9wmUQ16so=
16,-87,z4Ibs7ld0xRX90NOV0IVHcCcQ3I=,82eHPxBP65vgJ2KPYK9wmUQ16so=
20,-88,z4Ibs7ld0xRX90NOV0IVHcCcQ3I=,82eHPxBP65vgJ2KPYK9wmUQ16so=
19,-88,z4Ibs7ld0xRX90NOV0IVHcCcQ3I=,82eHPxBP65vgJ2KPYK9wmUQ16so=
18,-88,z4Ibs7ld0xRX90NOV0IVHcCcQ3I=,82eHPxBP65vgJ2KPYK9wmUQ16so=
17,-81,z4Ibs7ld0xRX90NOV0IVHcCcQ3I=,82eHPxBP65vgJ2KPYK9wmUQ16so=
17,-88,z4Ibs7ld0xRX90NOV0IVHcCcQ3I=,82eHPxBP65vgJ2KPYK9wmUQ16so=
16,-81,z4Ibs7ld0xRX90NOV0IVHcCcQ3I=,82eHPxBP65vgJ2KPYK9wmUQ16so=
16,-88,z4Ibs7ld0xRX90NOV0IVHcCcQ3I=,82eHPxBP65vgJ2KPYK9wmUQ16so=
19,-82,z4Ibs7ld0xRX90NOV0IVHcCcQ3I=,82eHPxBP65vgJ2KPYK9wmUQ16so=
18,-82,z4Ibs7ld0xRX90NOV0IVHcCcQ3I=,82eHPxBP65vgJ2KPYK9wmUQ16so=
17,-82,z4Ibs7ld0xRX90NOV0IVHcCcQ3I=,82eHPxBP65vgJ2KPYK9wmUQ16so=
16,-82,z4Ibs7ld0xRX90NOV0IVHcCcQ3I=,82eHPxBP65vgJ2KPYK9wmUQ16so=
22,-81,z4Ibs7ld0xRX90NOV0IVHcCcQ3I=,82eHPxBP65vgJ2KPYK9wmUQ16so=
19,-81,z4Ibs7ld0xRX90NOV0IVHcCcQ3I=,82eHPxBP65vgJ2KPYK9wmUQ16so=
20,-82,z4Ibs7ld0xRX90NOV0IVHcCcQ3I=,82eHPxBP65vgJ2KPYK9wmUQ16so=
21,-81,z4Ibs7ld0xRX90NOV0IVHcCcQ3I=,82eHPxBP65vgJ2KPYK9wmUQ16so=
22,-82,z4Ibs7ld0xRX90NOV0IVHcCcQ3I=,82eHPxBP65vgJ2KPYK9wmUQ16so=
20,-81,z4Ibs7ld0xRX90NOV0IVHcCcQ3I=,82eHPxBP65vgJ2KPYK9wmUQ16so=
22,-83,z4Ibs7ld0xRX90NOV0IVHcCcQ3I=,82eHPxBP65vgJ2KPYK9wmUQ16so=
21,-82,z4Ibs7ld0xRX90NOV0IVHcCcQ3I=,82eHPxBP65vgJ2KPYK9wmUQ16so=
28,-81,z4Ibs7ld0xRX90NOV0IVHcCcQ3I=,YiqwIMCDXLWMerSFpW39A92ohI0=
29,-81,z4Ibs7ld0xRX90NOV0IVHcCcQ3I=,YiqwIMCDXLWMerSFpW39A92ohI0=
30,-81,z4Ibs7ld0xRX90NOV0IVHcCcQ3I=,YiqwIMCDXLWMerSFpW39A92ohI0=
29,-82,z4Ibs7ld0xRX90NOV0IVHcCcQ3I=,YiqwIMCDXLWMerSFpW39A92ohI0=
31,-85,z4Ibs7ld0xRX90NOV0IVHcCcQ3I=,YiqwIMCDXLWMerSFpW39A92ohI0=
28,-82,z4Ibs7ld0xRX90NOV0IVHcCcQ3I=,YiqwIMCDXLWMerSFpW39A92ohI0=
27,-81,z4Ibs7ld0xRX90NOV0IVHcCcQ3I=,YiqwIMCDXLWMerSFpW39A92ohI0=
27,-82,z4Ibs7ld0xRX90NOV0IVHcCcQ3I=,YiqwIMCDXLWMerSFpW39A92ohI0=
26,-82,z4Ibs7ld0xRX90NOV0IVHcCcQ3I=,YiqwIMCDXLWMerSFpW39A92ohI0=
30,-85,z4Ibs7ld0xRX90NOV0IVHcCcQ3I=,YiqwIMCDXLWMerSFpW39A92ohI0=
25,-82,z4Ibs7ld0xRX90NOV0IVHcCcQ3I=,YiqwIMCDXLWMerSFpW39A92ohI0=
26,-81,z4Ibs7ld0xRX90NOV0IVHcCcQ3I=,YiqwIMCDXLWMerSFpW39A92ohI0=
29,-83,z4Ibs7ld0xRX90NOV0IVHcCcQ3I=,YiqwIMCDXLWMerSFpW39A92ohI0=
24,-82,z4Ibs7ld0xRX90NOV0IVHcCcQ3I=,YiqwIMCDXLWMerSFpW39A92ohI0=
31,-84,z4Ibs7ld0xRX90NOV0IVHcCcQ3I=,YiqwIMCDXLWMerSFpW39A92ohI0=
29,-85,z4Ibs7ld0xRX90NOV0IVHcCcQ3I=,YiqwIMCDXLWMerSFpW39A92ohI0=
25,-81,z4Ibs7ld0xRX90NOV0IVHcCcQ3I=,YiqwIMCDXLWMerSFpW39A92ohI0=
30,-84,z4Ibs7ld0xRX90NOV0IVHcCcQ3I=,YiqwIMCDXLWMerSFpW39A92ohI0=
24,-81,z4Ibs7ld0xRX90NOV0IVHcCcQ3I=,YiqwIMCDXLWMerSFpW39A92ohI0=
31,-86,z4Ibs7ld0xRX90NOV0IVHcCcQ3I=,YiqwIMCDXLWMerSFpW39A92ohI0=
29,-84,z4Ibs7ld0xRX90NOV0IVHcCcQ3I=,YiqwIMCDXLWMerSFpW39A92ohI0=
30,-83,z4Ibs7ld0xRX90NOV0IVHcCcQ3I=,YiqwIMCDXLWMerSFpW39A92ohI0=
31,-82,z4Ibs7ld0xRX90NOV0IVHcCcQ3I=,YiqwIMCDXLWMerSFpW39A92ohI0=
28,-84,z4Ibs7ld0xRX90NOV0IVHcCcQ3I=,YiqwIMCDXLWMerSFpW39A92ohI0=
28,-85,z4Ibs7ld0xRX90NOV0IVHcCcQ3I=,YiqwIMCDXLWMerSFpW39A92ohI0=
28,-83,z4Ibs7ld0xRX90NOV0IVHcCcQ3I=,YiqwIMCDXLWMerSFpW39A92ohI0=
23,-85,z4Ibs7ld0xRX90NOV0IVHcCcQ3I=,82eHPxBP65vgJ2KPYK9wmUQ16so=
31,-83,z4Ibs7ld0xRX90NOV0IVHcCcQ3I=,YiqwIMCDXLWMerSFpW39A92ohI0=
30,-82,z4Ibs7ld0xRX90NOV0IVHcCcQ3I=,YiqwIMCDXLWMerSFpW39A92ohI0=
30,-86,z4Ibs7ld0xRX90NOV0IVHcCcQ3I=,YiqwIMCDXLWMerSFpW39A92ohI0=
23,-86,z4Ibs7ld0xRX90NOV0IVHcCcQ3I=,82eHPxBP65vgJ2KPYK9wmUQ16so=
29,-86,z4Ibs7ld0xRX90NOV0IVHcCcQ3I=,YiqwIMCDXLWMerSFpW39A92ohI0=
27,-84,z4Ibs7ld0xRX90NOV0IVHcCcQ3I=,YiqwIMCDXLWMerSFpW39A92ohI0=
26,-84,z4Ibs7ld0xRX90NOV0IVHcCcQ3I=,YiqwIMCDXLWMerSFpW39A92ohI0=
28,-86,z4Ibs7ld0xRX90NOV0IVHcCcQ3I=,YiqwIMCDXLWMerSFpW39A92ohI0=
23,-87,z4Ibs7ld0xRX90NOV0IVHcCcQ3I=,82eHPxBP65vgJ2KPYK9wmUQ16so=
27,-83,z4Ibs7ld0xRX90NOV0IVHcCcQ3I=,YiqwIMCDXLWMerSFpW39A92ohI0=
27,-85,z4Ibs7ld0xRX90NOV0IVHcCcQ3I=,YiqwIMCDXLWMerSFpW39A92ohI0=
26,-83,z4Ibs7ld0xRX90NOV0IVHcCcQ3I=,YiqwIMCDXLWMerSFpW39A92ohI0=
23,-81,z4Ibs7ld0xRX90NOV0IVHcCcQ3I=,82eHPxBP65vgJ2KPYK9wmUQ16so=
24,-86,z4Ibs7ld0xRX90NOV0IVHcCcQ3I=,YiqwIMCDXLWMerSFpW39A92ohI0=
27,-86,z4Ibs7ld0xRX90NOV0IVHcCcQ3I=,YiqwIMCDXLWMerSFpW39A92ohI0=
25,-83,z4Ibs7ld0xRX90NOV0IVHcCcQ3I=,YiqwIMCDXLWMerSFpW39A92ohI0=
24,-87,z4Ibs7ld0xRX90NOV0IVHcCcQ3I=,YiqwIMCDXLWMerSFpW39A92ohI0=
31,-87,z4Ibs7ld0xRX90NOV0IVHcCcQ3I=,YiqwIMCDXLWMerSFpW39A92ohI0=
24,-85,z4Ibs7ld0xRX90NOV0IVHcCcQ3I=,YiqwIMCDXLWMerSFpW39A92ohI0=
30,-87,z4Ibs7ld0xRX90NOV0IVHcCcQ3I=,YiqwIMCDXLWMerSFpW39A92ohI0=
28,-87,z4Ibs7ld0xRX90NOV0IVHcCcQ3I=,YiqwIMCDXLWMerSFpW39A92ohI0=
29,-87,z4Ibs7ld0xRX90NOV0IVHcCcQ3I=,YiqwIMCDXLWMerSFpW39A92ohI0=
26,-85,z4Ibs7ld0xRX90NOV0IVHcCcQ3I=,YiqwIMCDXLWMerSFpW39A92ohI0=
23,-82,z4Ibs7ld0xRX90NOV0IVHcCcQ3I=,82eHPxBP65vgJ2KPYK9wmUQ16so=
25,-87,z4Ibs7ld0xRX90NOV0IVHcCcQ3I=,YiqwIMCDXLWMerSFpW39A92ohI0=
23,-83,z4Ibs7ld0xRX90NOV0IVHcCcQ3I=,82eHPxBP65vgJ2KPYK9wmUQ16so=
31,-81,z4Ibs7ld0xRX90NOV0IVHcCcQ3I=,YiqwIMCDXLWMerSFpW39A92ohI0=
23,-84,z4Ibs7ld0xRX90NOV0IVHcCcQ3I=,82eHPxBP65vgJ2KPYK9wmUQ16so=
25,-84,z4Ibs7ld0xRX90NOV0IVHcCcQ3I=,YiqwIMCDXLWMerSFpW39A92ohI0=
27,-87,z4Ibs7ld0xRX90NOV0IVHcCcQ3I=,YiqwIMCDXLWMerSFpW39A92ohI0=
24,-83,z4Ibs7ld0xRX90NOV0IVHcCcQ3I=,YiqwIMCDXLWMerSFpW39A92ohI0=
26,-86,z4Ibs7ld0xRX90NOV0IVHcCcQ3I=,YiqwIMCDXLWMerSFpW39A92ohI0=
25,-86,z4Ibs7ld0xRX90NOV0IVHcCcQ3I=,YiqwIMCDXLWMerSFpW39A92ohI0=
25,-85,z4Ibs7ld0xRX90NOV0IVHcCcQ3I=,YiqwIMCDXLWMerSFpW39A92ohI0=
24,-84,z4Ibs7ld0xRX90NOV0IVHcCcQ3I=,YiqwIMCDXLWMerSFpW39A92ohI0=
26,-87,z4Ibs7ld0xRX90NOV0IVHcCcQ3I=,YiqwIMCDXLWMerSFpW39A92ohI0=
25,-89,z4Ibs7ld0xRX90NOV0IVHcCcQ3I=,Mx0femSplAd0MgOGBrZW51qK1I0=
29,-90,z4Ibs7ld0xRX90NOV0IVHcCcQ3I=,Mx0femSplAd0MgOGBrZW51qK1I0=
31,-90,z4Ibs7ld0xRX90NOV0IVHcCcQ3I=,Mx0femSplAd0MgOGBrZW51qK1I0=
30,-90,z4Ibs7ld0xRX90NOV0IVHcCcQ3I=,Mx0femSplAd0MgOGBrZW51qK1I0=
24,-89,z4Ibs7ld0xRX90NOV0IVHcCcQ3I=,Mx0femSplAd0MgOGBrZW51qK1I0=
26,-90,z4Ibs7ld0xRX90NOV0IVHcCcQ3I=,Mx0femSplAd0MgOGBrZW51qK1I0=
25,-90,z4Ibs7ld0xRX90NOV0IVHcCcQ3I=,Mx0femSplAd0MgOGBrZW51qK1I0=
24,-90,z4Ibs7ld0xRX90NOV0IVHcCcQ3I=,Mx0femSplAd0MgOGBrZW51qK1I0=
31,-91,z4Ibs7ld0xRX90NOV0IVHcCcQ3I=,Mx0femSplAd0MgOGBrZW51qK1I0=
26,-89,z4Ibs7ld0xRX90NOV0IVHcCcQ3I=,Mx0femSplAd0MgOGBrZW51qK1I0=
30,-91,z4Ibs7ld0xRX90NOV0IVHcCcQ3I=,Mx0femSplAd0MgOGBrZW51qK1I0=
26,-91,z4Ibs7ld0xRX90NOV0IVHcCcQ3I=,Mx0femSplAd0MgOGBrZW51qK1I0=
25,-91,z4Ibs7ld0xRX90NOV0IVHcCcQ3I=,Mx0femSplAd0MgOGBrZW51qK1I0=
24,-91,z4Ibs7ld0xRX90NOV0IVHcCcQ3I=,Mx0femSplAd0MgOGBrZW51qK1I0=
28,-89,z4Ibs7ld0xRX90NOV0IVHcCcQ3I=,Mx0femSplAd0MgOGBrZW51qK1I0=
29,-89,z4Ibs7ld0xRX90NOV0IVHcCcQ3I=,Mx0femSplAd0MgOGBrZW51qK1I0=
24,-96,z4Ibs7ld0xRX90NOV0IVHcCcQ3I=,Mx0femSplAd0MgOGBrZW51qK1I0=
24,-88,z4Ibs7ld0xRX90NOV0IVHcCcQ3I=,YiqwIMCDXLWMerSFpW39A92ohI0=
30,-89,z4Ibs7ld0xRX90NOV0IVHcCcQ3I=,Mx0femSplAd0MgOGBrZW51qK1I0=
25,-96,z4Ibs7ld0xRX90NOV0IVHcCcQ3I=,Mx0femSplAd0MgOGBrZW51qK1I0=
29,-91,z4Ibs7ld0xRX90NOV0IVHcCcQ3I=,Mx0femSplAd0MgOGBrZW51qK1I0=
31,-92,z4Ibs7ld0xRX90NOV0IVHcCcQ3I=,Mx0femSplAd0MgOGBrZW51qK1I0=
28,-90,z4Ibs7ld0xRX90NOV0IVHcCcQ3I=,Mx0femSplAd0MgOGBrZW51qK1I0=
26,-92,z4Ibs7ld0xRX90NOV0IVHcCcQ3I=,Mx0femSplAd0MgOGBrZW51qK1I0=
27,-92,z4Ibs7ld0xRX90NOV0IVHcCcQ3I=,Mx0femSplAd0MgOGBrZW51qK1I0=
25,-92,z4Ibs7ld0xRX90NOV0IVHcCcQ3I=,Mx0femSplAd0MgOGBrZW51qK1I0=
24,-92,z4Ibs7ld0xRX90NOV0IVHcCcQ3I=,Mx0femSplAd0MgOGBrZW51qK1I0=
27,-90,z4Ibs7ld0xRX90NOV0IVHcCcQ3I=,Mx0femSplAd0MgOGBrZW51qK1I0=
27,-89,z4Ibs7ld0xRX90NOV0IVHcCcQ3I=,Mx0femSplAd0MgOGBrZW51qK1I0=
28,-93,z4Ibs7ld0xRX90NOV0IVHcCcQ3I=,Mx0femSplAd0MgOGBrZW51qK1I0=
27,-93,z4Ibs7ld0xRX90NOV0IVHcCcQ3I=,Mx0femSplAd0MgOGBrZW51qK1I0=
27,-91,z4Ibs7ld0xRX90NOV0IVHcCcQ3I=,Mx0femSplAd0MgOGBrZW51qK1I0=
26,-93,z4Ibs7ld0xRX90NOV0IVHcCcQ3I=,Mx0femSplAd0MgOGBrZW51qK1I0=
25,-93,z4Ibs7ld0xRX90NOV0IVHcCcQ3I=,Mx0femSplAd0MgOGBrZW51qK1I0=
24,-93,z4Ibs7ld0xRX90NOV0IVHcCcQ3I=,Mx0femSplAd0MgOGBrZW51qK1I0=
29,-93,z4Ibs7ld0xRX90NOV0IVHcCcQ3I=,Mx0femSplAd0MgOGBrZW51qK1I0=
29,-94,z4Ibs7ld0xRX90NOV0IVHcCcQ3I=,Mx0femSplAd0MgOGBrZW51qK1I0=
28,-94,z4Ibs7ld0xRX90NOV0IVHcCcQ3I=,Mx0femSplAd0MgOGBrZW51qK1I0=
27,-94,z4Ibs7ld0xRX90NOV0IVHcCcQ3I=,Mx0femSplAd0MgOGBrZW51qK1I0=
26,-94,z4Ibs7ld0xRX90NOV0IVHcCcQ3I=,Mx0femSplAd0MgOGBrZW51qK1I0=
25,-94,z4Ibs7ld0xRX90NOV0IVHcCcQ3I=,Mx0femSplAd0MgOGBrZW51qK1I0=
28,-91,z4Ibs7ld0xRX90NOV0IVHcCcQ3I=,Mx0femSplAd0MgOGBrZW51qK1I0=
24,-94,z4Ibs7ld0xRX90NOV0IVHcCcQ3I=,Mx0femSplAd0MgOGBrZW51qK1I0=
31,-95,z4Ibs7ld0xRX90NOV0IVHcCcQ3I=,Mx0femSplAd0MgOGBrZW51qK1I0=
30,-95,z4Ibs7ld0xRX90NOV0IVHcCcQ3I=,Mx0femSplAd0MgOGBrZW51qK1I0=
29,-95,z4Ibs7ld0xRX90NOV0IVHcCcQ3I=,Mx0femSplAd0MgOGBrZW51qK1I0=
23,-88,z4Ibs7ld0xRX90NOV0IVHcCcQ3I=,82eHPxBP65vgJ2KPYK9wmUQ16so=
28,-95,z4Ibs7ld0xRX90NOV0IVHcCcQ3I=,Mx0femSplAd0MgOGBrZW51qK1I0=
27,-95,z4Ibs7ld0xRX90NOV0IVHcCcQ3I=,Mx0femSplAd0MgOGBrZW51qK1I0=
26,-95,z4Ibs7ld0xRX90NOV0IVHcCcQ3I=,Mx0femSplAd0MgOGBrZW51qK1I0=
25,-95,z4Ibs7ld0xRX90NOV0IVHcCcQ3I=,Mx0femSplAd0MgOGBrZW51qK1I0=
24,-95,z4Ibs7ld0xRX90NOV0IVHcCcQ3I=,Mx0femSplAd0MgOGBrZW51qK1I0=
31,-96,z4Ibs7ld0xRX90NOV0IVHcCcQ3I=,Mx0femSplAd0MgOGBrZW51qK1I0=
30,-96,z4Ibs7ld0xRX90NOV0IVHcCcQ3I=,Mx0femSplAd0MgOGBrZW51qK1I0=
29,-96,z4Ibs7ld0xRX90NOV0IVHcCcQ3I=,Mx0femSplAd0MgOGBrZW51qK1I0=
28,-96,z4Ibs7ld0xRX90NOV0IVHcCcQ3I=,Mx0femSplAd0MgOGBrZW51qK1I0=
25,-88,z4Ibs7ld0xRX90NOV0IVHcCcQ3I=,YiqwIMCDXLWMerSFpW39A92ohI0=
27,-96,z4Ibs7ld0xRX90NOV0IVHcCcQ3I=,Mx0femSplAd0MgOGBrZW51qK1I0=
31,-88,z4Ibs7ld0xRX90NOV0IVHcCcQ3I=,YiqwIMCDXLWMerSFpW39A92ohI0=
30,-88,z4Ibs7ld0xRX90NOV0IVHcCcQ3I=,YiqwIMCDXLWMerSFpW39A92ohI0=
31,-89,z4Ibs7ld0xRX90NOV0IVHcCcQ3I=,Mx0femSplAd0MgOGBrZW51qK1I0=
29,-88,z4Ibs7ld0xRX90NOV0IVHcCcQ3I=,YiqwIMCDXLWMerSFpW39A92ohI0=
28,-88,z4Ibs7ld0xRX90NOV0IVHcCcQ3I=,YiqwIMCDXLWMerSFpW39A92ohI0=
26,-96,z4Ibs7ld0xRX90NOV0IVHcCcQ3I=,Mx0femSplAd0MgOGBrZW51qK1I0=
30,-94,z4Ibs7ld0xRX90NOV0IVHcCcQ3I=,Mx0femSplAd0MgOGBrZW51qK1I0=
26,-88,z4Ibs7ld0xRX90NOV0IVHcCcQ3I=,YiqwIMCDXLWMerSFpW39A92ohI0=
28,-92,z4Ibs7ld0xRX90NOV0IVHcCcQ3I=,Mx0femSplAd0MgOGBrZW51qK1I0=
30,-92,z4Ibs7ld0xRX90NOV0IVHcCcQ3I=,Mx0femSplAd0MgOGBrZW51qK1I0=
29,-92,z4Ibs7ld0xRX90NOV0IVHcCcQ3I=,Mx0femSplAd0MgOGBrZW51qK1I0=
30,-93,z4Ibs7ld0xRX90NOV0IVHcCcQ3I=,Mx0femSplAd0MgOGBrZW51qK1I0=
31,-93,z4Ibs7ld0xRX90NOV0IVHcCcQ3I=,Mx0femSplAd0MgOGBrZW51qK1I0=
31,-94,z4Ibs7ld0xRX90NOV0IVHcCcQ3I=,Mx0femSplAd0MgOGBrZW51qK1I0=
27,-88,z4Ibs7ld0xRX90NOV0IVHcCcQ3I=,YiqwIMCDXLWMerSFpW39A92ohI0=
12,-91,UgLM7Px5MX9Q8m2hlrmI3svMZVY=,c3jtHkbWdqxUxzTo9y0rDeGTIMk=
11,-91,0/BJO5TbZIFKIHOHVLCc3E1YUEM=,c3jtHkbWdqxUxzTo9y0rDeGTIMk=
10,-91,0/BJO5TbZIFKIHOHVLCc3E1YUEM=,c3jtHkbWdqxUxzTo9y0rDeGTIMk=
9,-91,0/BJO5TbZIFKIHOHVLCc3E1YUEM=,c3jtHkbWdqxUxzTo9y0rDeGTIMk=
14,-92,0/BJO5TbZIFKIHOHVLCc3E1YUEM=,c3jtHkbWdqxUxzTo9y0rDeGTIMk=
13,-92,0/BJO5TbZIFKIHOHVLCc3E1YUEM=,c3jtHkbWdqxUxzTo9y0rDeGTIMk=
12,-92,0/BJO5TbZIFKIHOHVLCc3E1YUEM=,c3jtHkbWdqxUxzTo9y0rDeGTIMk=
11,-92,0/BJO5TbZIFKIHOHVLCc3E1YUEM=,c3jtHkbWdqxUxzTo9y0rDeGTIMk=
10,-92,0/BJO5TbZIFKIHOHVLCc3E1YUEM=,c3jtHkbWdqxUxzTo9y0rDeGTIMk=
9,-92,0/BJO5TbZIFKIHOHVLCc3E1YUEM=,c3jtHkbWdqxUxzTo9y0rDeGTIMk=
14,-93,0/BJO5TbZIFKIHOHVLCc3E1YUEM=,c3jtHkbWdqxUxzTo9y0rDeGTIMk=
13,-93,0/BJO5TbZIFKIHOHVLCc3E1YUEM=,c3jtHkbWdqxUxzTo9y0rDeGTIMk=
12,-93,0/BJO5TbZIFKIHOHVLCc3E1YUEM=,c3jtHkbWdqxUxzTo9y0rDeGTIMk=
10,-93,0/BJO5TbZIFKIHOHVLCc3E1YUEM=,c3jtHkbWdqxUxzTo9y0rDeGTIMk=
14,-94,0/BJO5TbZIFKIHOHVLCc3E1YUEM=,c3jtHkbWdqxUxzTo9y0rDeGTIMk=
11,-93,0/BJO5TbZIFKIHOHVLCc3E1YUEM=,c3jtHkbWdqxUxzTo9y0rDeGTIMk=
9,-93,0/BJO5TbZIFKIHOHVLCc3E1YUEM=,c3jtHkbWdqxUxzTo9y0rDeGTIMk=
13,-94,0/BJO5TbZIFKIHOHVLCc3E1YUEM=,c3jtHkbWdqxUxzTo9y0rDeGTIMk=
12,-94,0/BJO5TbZIFKIHOHVLCc3E1YUEM=,c3jtHkbWdqxUxzTo9y0rDeGTIMk=
10,-94,0/BJO5TbZIFKIHOHVLCc3E1YUEM=,c3jtHkbWdqxUxzTo9y0rDeGTIMk=
9,-94,0/BJO5TbZIFKIHOHVLCc3E1YUEM=,c3jtHkbWdqxUxzTo9y0rDeGTIMk=
14,-95,0/BJO5TbZIFKIHOHVLCc3E1YUEM=,c3jtHkbWdqxUxzTo9y0rDeGTIMk=
11,-94,0/BJO5TbZIFKIHOHVLCc3E1YUEM=,c3jtHkbWdqxUxzTo9y0rDeGTIMk=
13,-95,0/BJO5TbZIFKIHOHVLCc3E1YUEM=,c3jtHkbWdqxUxzTo9y0rDeGTIMk=
12,-95,0/BJO5TbZIFKIHOHVLCc3E1YUEM=,c3jtHkbWdqxUxzTo9y0rDeGTIMk=
10,-95,0/BJO5TbZIFKIHOHVLCc3E1YUEM=,c3jtHkbWdqxUxzTo9y0rDeGTIMk=
11,-95,0/BJO5TbZIFKIHOHVLCc3E1YUEM=,c3jtHkbWdqxUxzTo9y0rDeGTIMk=
14,-90,0/BJO5TbZIFKIHOHVLCc3E1YUEM=,c3jtHkbWdqxUxzTo9y0rDeGTIMk=
9,-95,0/BJO5TbZIFKIHOHVLCc3E1YUEM=,c3jtHkbWdqxUxzTo9y0rDeGTIMk=
13,-90,0/BJO5TbZIFKIHOHVLCc3E1YUEM=,c3jtHkbWdqxUxzTo9y0rDeGTIMk=
12,-90,0/BJO5TbZIFKIHOHVLCc3E1YUEM=,c3jtHkbWdqxUxzTo9y0rDeGTIMk=
11,-90,0/BJO5TbZIFKIHOHVLCc3E1YUEM=,c3jtHkbWdqxUxzTo9y0rDeGTIMk=
9,-90,0/BJO5TbZIFKIHOHVLCc3E1YUEM=,c3jtHkbWdqxUxzTo9y0rDeGTIMk=
14,-91,0/BJO5TbZIFKIHOHVLCc3E1YUEM=,c3jtHkbWdqxUxzTo9y0rDeGTIMk=
10,-90,0/BJO5TbZIFKIHOHVLCc3E1YUEM=,c3jtHkbWdqxUxzTo9y0rDeGTIMk=
13,-91,0/BJO5TbZIFKIHOHVLCc3E1YUEM=,c3jtHkbWdqxUxzTo9y0rDeGTIMk=
5,-85,0/BJO5TbZIFKIHOHVLCc3E1YUEM=,E793c8VvnfU44agWsdaR1Jwx/rk=
4,-85,0/BJO5TbZIFKIHOHVLCc3E1YUEM=,E793c8VvnfU44agWsdaR1Jwx/rk=
2,-85,0/BJO5TbZIFKIHOHVLCc3E1YUEM=,E793c8VvnfU44agWsdaR1Jwx/rk=
3,-85,0/BJO5TbZIFKIHOHVLCc3E1YUEM=,E793c8VvnfU44agWsdaR1Jwx/rk=
1,-85,0/BJO5TbZIFKIHOHVLCc3E1YUEM=,E793c8VvnfU44agWsdaR1Jwx/rk=
6,-86,0/BJO5TbZIFKIHOHVLCc3E1YUEM=,E793c8VvnfU44agWsdaR1Jwx/rk=
4,-86,0/BJO5TbZIFKIHOHVLCc3E1YUEM=,E793c8VvnfU44agWsdaR1Jwx/rk=
5,-86,0/BJO5TbZIFKIHOHVLCc3E1YUEM=,E793c8VvnfU44agWsdaR1Jwx/rk=
2,-86,0/BJO5TbZIFKIHOHVLCc3E1YUEM=,E793c8VvnfU44agWsdaR1Jwx/rk=
3,-86,0/BJO5TbZIFKIHOHVLCc3E1YUEM=,E793c8VvnfU44agWsdaR1Jwx/rk=
6,-87,0/BJO5TbZIFKIHOHVLCc3E1YUEM=,E793c8VvnfU44agWsdaR1Jwx/rk=
1,-86,0/BJO5TbZIFKIHOHVLCc3E1YUEM=,E793c8VvnfU44agWsdaR1Jwx/rk=
4,-87,0/BJO5TbZIFKIHOHVLCc3E1YUEM=,E793c8VvnfU44agWsdaR1Jwx/rk=
5,-87,0/BJO5TbZIFKIHOHVLCc3E1YUEM=,E793c8VvnfU44agWsdaR1Jwx/rk=
3,-87,0/BJO5TbZIFKIHOHVLCc3E1YUEM=,E793c8VvnfU44agWsdaR1Jwx/rk=
2,-87,0/BJO5TbZIFKIHOHVLCc3E1YUEM=,E793c8VvnfU44agWsdaR1Jwx/rk=
1,-87,0/BJO5TbZIFKIHOHVLCc3E1YUEM=,E793c8VvnfU44agWsdaR1Jwx/rk=
6,-82,0/BJO5TbZIFKIHOHVLCc3E1YUEM=,E793c8VvnfU44agWsdaR1Jwx/rk=
5,-82,0/BJO5TbZIFKIHOHVLCc3E1YUEM=,E793c8VvnfU44agWsdaR1Jwx/rk=
4,-82,0/BJO5TbZIFKIHOHVLCc3E1YUEM=,E793c8VvnfU44agWsdaR1Jwx/rk=
3,-82,0/BJO5TbZIFKIHOHVLCc3E1YUEM=,E793c8VvnfU44agWsdaR1Jwx/rk=
2,-82,0/BJO5TbZIFKIHOHVLCc3E1YUEM=,E793c8VvnfU44agWsdaR1Jwx/rk=
1,-82,0/BJO5TbZIFKIHOHVLCc3E1YUEM=,E793c8VvnfU44agWsdaR1Jwx/rk=
6,-83,0/BJO5TbZIFKIHOHVLCc3E1YUEM=,E793c8VvnfU44agWsdaR1Jwx/rk=
4,-83,0/BJO5TbZIFKIHOHVLCc3E1YUEM=,E793c8VvnfU44agWsdaR1Jwx/rk=
5,-83,0/BJO5TbZIFKIHOHVLCc3E1YUEM=,E793c8VvnfU44agWsdaR1Jwx/rk=
3,-83,0/BJO5TbZIFKIHOHVLCc3E1YUEM=,E793c8VvnfU44agWsdaR1Jwx/rk=
2,-83,0/BJO5TbZIFKIHOHVLCc3E1YUEM=,E793c8VvnfU44agWsdaR1Jwx/rk=
1,-83,0/BJO5TbZIFKIHOHVLCc3E1YUEM=,E793c8VvnfU44agWsdaR1Jwx/rk=
6,-84,0/BJO5TbZIFKIHOHVLCc3E1YUEM=,E793c8VvnfU44agWsdaR1Jwx/rk=
5,-84,0/BJO5TbZIFKIHOHVLCc3E1YUEM=,E793c8VvnfU44agWsdaR1Jwx/rk=
4,-84,0/BJO5TbZIFKIHOHVLCc3E1YUEM=,E793c8VvnfU44agWsdaR1Jwx/rk=
2,-84,0/BJO5TbZIFKIHOHVLCc3E1YUEM=,E793c8VvnfU44agWsdaR1Jwx/rk=
3,-84,0/BJO5TbZIFKIHOHVLCc3E1YUEM=,E793c8VvnfU44agWsdaR1Jwx/rk=
1,-84,0/BJO5TbZIFKIHOHVLCc3E1YUEM=,E793c8VvnfU44agWsdaR1Jwx/rk=
6,-85,0/BJO5TbZIFKIHOHVLCc3E1YUEM=,E793c8VvnfU44agWsdaR1Jwx/rk=
11,-87,0/BJO5TbZIFKIHOHVLCc3E1YUEM=,G1tGyed3evqCgwQZg9+gUio9dYI=
12,-83,0/BJO5TbZIFKIHOHVLCc3E1YUEM=,G1tGyed3evqCgwQZg9+gUio9dYI=
14,-84,0/BJO5TbZIFKIHOHVLCc3E1YUEM=,G1tGyed3evqCgwQZg9+gUio9dYI=
13,-84,0/BJO5TbZIFKIHOHVLCc3E1YUEM=,G1tGyed3evqCgwQZg9+gUio9dYI=
11,-83,0/BJO5TbZIFKIHOHVLCc3E1YUEM=,G1tGyed3evqCgwQZg9+gUio9dYI=
12,-84,0/BJO5TbZIFKIHOHVLCc3E1YUEM=,G1tGyed3evqCgwQZg9+gUio9dYI=
10,-83,0/BJO5TbZIFKIHOHVLCc3E1YUEM=,G1tGyed3evqCgwQZg9+gUio9dYI=
10,-87,0/BJO5TbZIFKIHOHVLCc3E1YUEM=,G1tGyed3evqCgwQZg9+gUio9dYI=
12,-88,0/BJO5TbZIFKIHOHVLCc3E1YUEM=,G1tGyed3evqCgwQZg9+gUio9dYI=
11,-84,0/BJO5TbZIFKIHOHVLCc3E1YUEM=,G1tGyed3evqCgwQZg9+gUio9dYI=
10,-84,0/BJO5TbZIFKIHOHVLCc3E1YUEM=,G1tGyed3evqCgwQZg9+gUio9dYI=
9,-87,0/BJO5TbZIFKIHOHVLCc3E1YUEM=,G1tGyed3evqCgwQZg9+gUio9dYI=
14,-89,0/BJO5TbZIFKIHOHVLCc3E1YUEM=,c3jtHkbWdqxUxzTo9y0rDeGTIMk=
13,-89,0/BJO5TbZIFKIHOHVLCc3E1YUEM=,c3jtHkbWdqxUxzTo9y0rDeGTIMk=
12,-89,0/BJO5TbZIFKIHOHVLCc3E1YUEM=,c3jtHkbWdqxUxzTo9y0rDeGTIMk=
11,-89,0/BJO5TbZIFKIHOHVLCc3E1YUEM=,c3jtHkbWdqxUxzTo9y0rDeGTIMk=
7,-82,0/BJO5TbZIFKIHOHVLCc3E1YUEM=,E793c8VvnfU44agWsdaR1Jwx/rk=
10,-89,0/BJO5TbZIFKIHOHVLCc3E1YUEM=,c3jtHkbWdqxUxzTo9y0rDeGTIMk=
14,-88,0/BJO5TbZIFKIHOHVLCc3E1YUEM=,G1tGyed3evqCgwQZg9+gUio9dYI=
9,-89,0/BJO5TbZIFKIHOHVLCc3E1YUEM=,c3jtHkbWdqxUxzTo9y0rDeGTIMk=
14,-85,0/BJO5TbZIFKIHOHVLCc3E1YUEM=,G1tGyed3evqCgwQZg9+gUio9dYI=
9,-84,0/BJO5TbZIFKIHOHVLCc3E1YUEM=,G1tGyed3evqCgwQZg9+gUio9dYI=
14,-87,0/BJO5TbZIFKIHOHVLCc3E1YUEM=,G1tGyed3evqCgwQZg9+gUio9dYI=
13,-88,0/BJO5TbZIFKIHOHVLCc3E1YUEM=,G1tGyed3evqCgwQZg9+gUio9dYI=
9,-83,0/BJO5TbZIFKIHOHVLCc3E1YUEM=,G1tGyed3evqCgwQZg9+gUio9dYI=
14,-82,0/BJO5TbZIFKIHOHVLCc3E1YUEM=,G1tGyed3evqCgwQZg9+gUio9dYI=
11,-88,0/BJO5TbZIFKIHOHVLCc3E1YUEM=,G1tGyed3evqCgwQZg9+gUio9dYI=
14,-86,0/BJO5TbZIFKIHOHVLCc3E1YUEM=,G1tGyed3evqCgwQZg9+gUio9dYI=
13,-86,0/BJO5TbZIFKIHOHVLCc3E1YUEM=,G1tGyed3evqCgwQZg9+gUio9dYI=
13,-85,0/BJO5TbZIFKIHOHVLCc3E1YUEM=,G1tGyed3evqCgwQZg9+gUio9dYI=
12,-86,0/BJO5TbZIFKIHOHVLCc3E1YUEM=,G1tGyed3evqCgwQZg9+gUio9dYI=
11,-86,0/BJO5TbZIFKIHOHVLCc3E1YUEM=,G1tGyed3evqCgwQZg9+gUio9dYI=
7,-87,0/BJO5TbZIFKIHOHVLCc3E1YUEM=,E793c8VvnfU44agWsdaR1Jwx/rk=
12,-85,0/BJO5TbZIFKIHOHVLCc3E1YUEM=,G1tGyed3evqCgwQZg9+gUio9dYI=
13,-82,0/BJO5TbZIFKIHOHVLCc3E1YUEM=,G1tGyed3evqCgwQZg9+gUio9dYI=
10,-86,0/BJO5TbZIFKIHOHVLCc3E1YUEM=,G1tGyed3evqCgwQZg9+gUio9dYI=
10,-88,0/BJO5TbZIFKIHOHVLCc3E1YUEM=,G1tGyed3evqCgwQZg9+gUio9dYI=
9,-88,0/BJO5TbZIFKIHOHVLCc3E1YUEM=,G1tGyed3evqCgwQZg9+gUio9dYI=
12,-82,0/BJO5TbZIFKIHOHVLCc3E1YUEM=,G1tGyed3evqCgwQZg9+gUio9dYI=
11,-82,0/BJO5TbZIFKIHOHVLCc3E1YUEM=,G1tGyed3evqCgwQZg9+gUio9dYI=
10,-82,0/BJO5TbZIFKIHOHVLCc3E1YUEM=,G1tGyed3evqCgwQZg9+gUio9dYI=
12,-87,0/BJO5TbZIFKIHOHVLCc3E1YUEM=,G1tGyed3evqCgwQZg9+gUio9dYI=
7,-85,0/BJO5TbZIFKIHOHVLCc3E1YUEM=,E793c8VvnfU44agWsdaR1Jwx/rk=
13,-87,0/BJO5TbZIFKIHOHVLCc3E1YUEM=,G1tGyed3evqCgwQZg9+gUio9dYI=
13,-83,0/BJO5TbZIFKIHOHVLCc3E1YUEM=,G1tGyed3evqCgwQZg9+gUio9dYI=
9,-86,0/BJO5TbZIFKIHOHVLCc3E1YUEM=,G1tGyed3evqCgwQZg9+gUio9dYI=
14,-83,0/BJO5TbZIFKIHOHVLCc3E1YUEM=,G1tGyed3evqCgwQZg9+gUio9dYI=
9,-85,0/BJO5TbZIFKIHOHVLCc3E1YUEM=,G1tGyed3evqCgwQZg9+gUio9dYI=
10,-85,0/BJO5TbZIFKIHOHVLCc3E1YUEM=,G1tGyed3evqCgwQZg9+gUio9dYI=
11,-85,0/BJO5TbZIFKIHOHVLCc3E1YUEM=,G1tGyed3evqCgwQZg9+gUio9dYI=
8,-86,0/BJO5TbZIFKIHOHVLCc3E1YUEM=,G1tGyed3evqCgwQZg9+gUio9dYI=
8,-87,0/BJO5TbZIFKIHOHVLCc3E1YUEM=,G1tGyed3evqCgwQZg9+gUio9dYI=
7,-83,0/BJO5TbZIFKIHOHVLCc3E1YUEM=,E793c8VvnfU44agWsdaR1Jwx/rk=
7,-86,0/BJO5TbZIFKIHOHVLCc3E1YUEM=,E793c8VvnfU44agWsdaR1Jwx/rk=
8,-85,0/BJO5TbZIFKIHOHVLCc3E1YUEM=,G1tGyed3evqCgwQZg9+gUio9dYI=
9,-82,0/BJO5TbZIFKIHOHVLCc3E1YUEM=,G1tGyed3evqCgwQZg9+gUio9dYI=
8,-84,0/BJO5TbZIFKIHOHVLCc3E1YUEM=,G1tGyed3evqCgwQZg9+gUio9dYI=
7,-84,0/BJO5TbZIFKIHOHVLCc3E1YUEM=,E793c8VvnfU44agWsdaR1Jwx/rk=
8,-83,0/BJO5TbZIFKIHOHVLCc3E1YUEM=,G1tGyed3evqCgwQZg9+gUio9dYI=
8,-82,0/BJO5TbZIFKIHOHVLCc3E1YUEM=,G1tGyed3evqCgwQZg9+gUio9dYI=
3,-93,0/BJO5TbZIFKIHOHVLCc3E1YUEM=,7+rfNRcoY53QD5Vx5Y+te5hHb74=
1,-93,0/BJO5TbZIFKIHOHVLCc3E1YUEM=,7+rfNRcoY53QD5Vx5Y+te5hHb74=
2,-93,0/BJO5TbZIFKIHOHVLCc3E1YUEM=,7+rfNRcoY53QD5Vx5Y+te5hHb74=
6,-89,0/BJO5TbZIFKIHOHVLCc3E1YUEM=,7+rfNRcoY53QD5Vx5Y+te5hHb74=
5,-89,0/BJO5TbZIFKIHOHVLCc3E1YUEM=,7+rfNRcoY53QD5Vx5Y+te5hHb74=
4,-93,0/BJO5TbZIFKIHOHVLCc3E1YUEM=,7+rfNRcoY53QD5Vx5Y+te5hHb74=
5,-93,0/BJO5TbZIFKIHOHVLCc3E1YUEM=,7+rfNRcoY53QD5Vx5Y+te5hHb74=
4,-94,0/BJO5TbZIFKIHOHVLCc3E1YUEM=,7+rfNRcoY53QD5Vx5Y+te5hHb74=
3,-94,0/BJO5TbZIFKIHOHVLCc3E1YUEM=,7+rfNRcoY53QD5Vx5Y+te5hHb74=
4,-89,0/BJO5TbZIFKIHOHVLCc3E1YUEM=,7+rfNRcoY53QD5Vx5Y+te5hHb74=
6,-88,0/BJO5TbZIFKIHOHVLCc3E1YUEM=,E793c8VvnfU44agWsdaR1Jwx/rk=
5,-88,0/BJO5TbZIFKIHOHVLCc3E1YUEM=,E793c8VvnfU44agWsdaR1Jwx/rk=
3,-89,0/BJO5TbZIFKIHOHVLCc3E1YUEM=,7+rfNRcoY53QD5Vx5Y+te5hHb74=
4,-88,0/BJO5TbZIFKIHOHVLCc3E1YUEM=,E793c8VvnfU44agWsdaR1Jwx/rk=
2,-94,0/BJO5TbZIFKIHOHVLCc3E1YUEM=,7+rfNRcoY53QD5Vx5Y+te5hHb74=
3,-88,0/BJO5TbZIFKIHOHVLCc3E1YUEM=,E793c8VvnfU44agWsdaR1Jwx/rk=
2,-88,0/BJO5TbZIFKIHOHVLCc3E1YUEM=,E793c8VvnfU44agWsdaR1Jwx/rk=
2,-89,0/BJO5TbZIFKIHOHVLCc3E1YUEM=,7+rfNRcoY53QD5Vx5Y+te5hHb74=
1,-94,0/BJO5TbZIFKIHOHVLCc3E1YUEM=,7+rfNRcoY53QD5Vx5Y+te5hHb74=
1,-88,0/BJO5TbZIFKIHOHVLCc3E1YUEM=,E793c8VvnfU44agWsdaR1Jwx/rk=
1,-89,0/BJO5TbZIFKIHOHVLCc3E1YUEM=,7+rfNRcoY53QD5Vx5Y+te5hHb74=
5,-94,0/BJO5TbZIFKIHOHVLCc3E1YUEM=,7+rfNRcoY53QD5Vx5Y+te5hHb74=
4,-95,0/BJO5TbZIFKIHOHVLCc3E1YUEM=,7+rfNRcoY53QD5Vx5Y+te5hHb74=
3,-95,0/BJO5TbZIFKIHOHVLCc3E1YUEM=,7+rfNRcoY53QD5Vx5Y+te5hHb74=
2,-95,0/BJO5TbZIFKIHOHVLCc3E1YUEM=,7+rfNRcoY53QD5Vx5Y+te5hHb74=
1,-95,0/BJO5TbZIFKIHOHVLCc3E1YUEM=,7+rfNRcoY53QD5Vx5Y+te5hHb74=
6,-93,0/BJO5TbZIFKIHOHVLCc3E1YUEM=,7+rfNRcoY53QD5Vx5Y+te5hHb74=
8,-93,0/BJO5TbZIFKIHOHVLCc3E1YUEM=,c3jtHkbWdqxUxzTo9y0rDeGTIMk=
6,-90,0/BJO5TbZIFKIHOHVLCc3E1YUEM=,7+rfNRcoY53QD5Vx5Y+te5hHb74=
8,-94,0/BJO5TbZIFKIHOHVLCc3E1YUEM=,c3jtHkbWdqxUxzTo9y0rDeGTIMk=
5,-90,0/BJO5TbZIFKIHOHVLCc3E1YUEM=,7+rfNRcoY53QD5Vx5Y+te5hHb74=
4,-90,0/BJO5TbZIFKIHOHVLCc3E1YUEM=,7+rfNRcoY53QD5Vx5Y+te5hHb74=
3,-90,0/BJO5TbZIFKIHOHVLCc3E1YUEM=,7+rfNRcoY53QD5Vx5Y+te5hHb74=
2,-90,0/BJO5TbZIFKIHOHVLCc3E1YUEM=,7+rfNRcoY53QD5Vx5Y+te5hHb74=
7,-88,0/BJO5TbZIFKIHOHVLCc3E1YUEM=,E793c8VvnfU44agWsdaR1Jwx/rk=
1,-90,0/BJO5TbZIFKIHOHVLCc3E1YUEM=,7+rfNRcoY53QD5Vx5Y+te5hHb74=
7,-89,0/BJO5TbZIFKIHOHVLCc3E1YUEM=,7+rfNRcoY53QD5Vx5Y+te5hHb74=
6,-91,0/BJO5TbZIFKIHOHVLCc3E1YUEM=,7+rfNRcoY53QD5Vx5Y+te5hHb74=
5,-91,0/BJO5TbZIFKIHOHVLCc3E1YUEM=,7+rfNRcoY53QD5Vx5Y+te5hHb74=
8,-95,0/BJO5TbZIFKIHOHVLCc3E1YUEM=,c3jtHkbWdqxUxzTo9y0rDeGTIMk=
7,-95,0/BJO5TbZIFKIHOHVLCc3E1YUEM=,7+rfNRcoY53QD5Vx5Y+te5hHb74=
4,-91,0/BJO5TbZIFKIHOHVLCc3E1YUEM=,7+rfNRcoY53QD5Vx5Y+te5hHb74=
3,-91,0/BJO5TbZIFKIHOHVLCc3E1YUEM=,7+rfNRcoY53QD5Vx5Y+te5hHb74=
2,-91,0/BJO5TbZIFKIHOHVLCc3E1YUEM=,7+rfNRcoY53QD5Vx5Y+te5hHb74=
1,-91,0/BJO5TbZIFKIHOHVLCc3E1YUEM=,7+rfNRcoY53QD5Vx5Y+te5hHb74=
8,-92,0/BJO5TbZIFKIHOHVLCc3E1YUEM=,c3jtHkbWdqxUxzTo9y0rDeGTIMk=
5,-95,0/BJO5TbZIFKIHOHVLCc3E1YUEM=,7+rfNRcoY53QD5Vx5Y+te5hHb74=
5,-92,0/BJO5TbZIFKIHOHVLCc3E1YUEM=,7+rfNRcoY53QD5Vx5Y+te5hHb74=
4,-92,0/BJO5TbZIFKIHOHVLCc3E1YUEM=,7+rfNRcoY53QD5Vx5Y+te5hHb74=
3,-92,0/BJO5TbZIFKIHOHVLCc3E1YUEM=,7+rfNRcoY53QD5Vx5Y+te5hHb74=
2,-92,0/BJO5TbZIFKIHOHVLCc3E1YUEM=,7+rfNRcoY53QD5Vx5Y+te5hHb74=
1,-92,0/BJO5TbZIFKIHOHVLCc3E1YUEM=,7+rfNRcoY53QD5Vx5Y+te5hHb74=
6,-94,0/BJO5TbZIFKIHOHVLCc3E1YUEM=,7+rfNRcoY53QD5Vx5Y+te5hHb74=
6,-92,0/BJO5TbZIFKIHOHVLCc3E1YUEM=,7+rfNRcoY53QD5Vx5Y+te5hHb74=
6,-95,0/BJO5TbZIFKIHOHVLCc3E1YUEM=,7+rfNRcoY53QD5Vx5Y+te5hHb74=
8,-89,0/BJO5TbZIFKIHOHVLCc3E1YUEM=,c3jtHkbWdqxUxzTo9y0rDeGTIMk=
7,-94,0/BJO5TbZIFKIHOHVLCc3E1YUEM=,7+rfNRcoY53QD5Vx5Y+te5hHb74=
8,-88,0/BJO5TbZIFKIHOHVLCc3E1YUEM=,G1tGyed3evqCgwQZg9+gUio9dYI=
7,-90,0/BJO5TbZIFKIHOHVLCc3E1YUEM=,7+rfNRcoY53QD5Vx5Y+te5hHb74=
7,-93,0/BJO5TbZIFKIHOHVLCc3E1YUEM=,7+rfNRcoY53QD5Vx5Y+te5hHb74=
8,-90,0/BJO5TbZIFKIHOHVLCc3E1YUEM=,c3jtHkbWdqxUxzTo9y0rDeGTIMk=
8,-91,0/BJO5TbZIFKIHOHVLCc3E1YUEM=,c3jtHkbWdqxUxzTo9y0rDeGTIMk=
7,-92,0/BJO5TbZIFKIHOHVLCc3E1YUEM=,7+rfNRcoY53QD5Vx5Y+te5hHb74=
7,-91,0/BJO5TbZIFKIHOHVLCc3E1YUEM=,7+rfNRcoY53QD5Vx5Y+te5hHb74=
0,-84,0/BJO5TbZIFKIHOHVLCc3E1YUEM=,E793c8VvnfU44agWsdaR1Jwx/rk=
0,-83,0/BJO5TbZIFKIHOHVLCc3E1YUEM=,E793c8VvnfU44agWsdaR1Jwx/rk=
0,-82,0/BJO5TbZIFKIHOHVLCc3E1YUEM=,E793c8VvnfU44agWsdaR1Jwx/rk=
0,-87,0/BJO5TbZIFKIHOHVLCc3E1YUEM=,E793c8VvnfU44agWsdaR1Jwx/rk=
0,-86,0/BJO5TbZIFKIHOHVLCc3E1YUEM=,E793c8VvnfU44agWsdaR1Jwx/rk=
9,-81,0/BJO5TbZIFKIHOHVLCc3E1YUEM=,G1tGyed3evqCgwQZg9+gUio9dYI=
0,-85,0/BJO5TbZIFKIHOHVLCc3E1YUEM=,E793c8VvnfU44agWsdaR1Jwx/rk=
11,-81,0/BJO5TbZIFKIHOHVLCc3E1YUEM=,G1tGyed3evqCgwQZg9+gUio9dYI=
10,-81,0/BJO5TbZIFKIHOHVLCc3E1YUEM=,G1tGyed3evqCgwQZg9+gUio9dYI=
12,-81,0/BJO5TbZIFKIHOHVLCc3E1YUEM=,G1tGyed3evqCgwQZg9+gUio9dYI=
13,-81,0/BJO5TbZIFKIHOHVLCc3E1YUEM=,G1tGyed3evqCgwQZg9+gUio9dYI=
14,-81,0/BJO5TbZIFKIHOHVLCc3E1YUEM=,G1tGyed3evqCgwQZg9+gUio9dYI=
0,-92,0/BJO5TbZIFKIHOHVLCc3E1YUEM=,7+rfNRcoY53QD5Vx5Y+te5hHb74=
0,-93,0/BJO5TbZIFKIHOHVLCc3E1YUEM=,7+rfNRcoY53QD5Vx5Y+te5hHb74=
0,-94,0/BJO5TbZIFKIHOHVLCc3E1YUEM=,7+rfNRcoY53QD5Vx5Y+te5hHb74=
0,-91,0/BJO5TbZIFKIHOHVLCc3E1YUEM=,7+rfNRcoY53QD5Vx5Y+te5hHb74=
0,-88,0/BJO5TbZIFKIHOHVLCc3E1YUEM=,E793c8VvnfU44agWsdaR1Jwx/rk=
0,-90,0/BJO5TbZIFKIHOHVLCc3E1YUEM=,7+rfNRcoY53QD5Vx5Y+te5hHb74=
0,-89,0/BJO5TbZIFKIHOHVLCc3E1YUEM=,7+rfNRcoY53QD5Vx5Y+te5hHb74=
6,-81,0/BJO5TbZIFKIHOHVLCc3E1YUEM=,E793c8VvnfU44agWsdaR1Jwx/rk=
0,-95,0/BJO5TbZIFKIHOHVLCc3E1YUEM=,7+rfNRcoY53QD5Vx5Y+te5hHb74=
5,-81,0/BJO5TbZIFKIHOHVLCc3E1YUEM=,E793c8VvnfU44agWsdaR1Jwx/rk=
3,-81,0/BJO5TbZIFKIHOHVLCc3E1YUEM=,E793c8VvnfU44agWsdaR1Jwx/rk=
2,-81,0/BJO5TbZIFKIHOHVLCc3E1YUEM=,E793c8VvnfU44agWsdaR1Jwx/rk=
4,-81,0/BJO5TbZIFKIHOHVLCc3E1YUEM=,E793c8VvnfU44agWsdaR1Jwx/rk=
1,-81,0/BJO5TbZIFKIHOHVLCc3E1YUEM=,E793c8VvnfU44agWsdaR1Jwx/rk=
7,-81,0/BJO5TbZIFKIHOHVLCc3E1YUEM=,E793c8VvnfU44agWsdaR1Jwx/rk=
8,-81,0/BJO5TbZIFKIHOHVLCc3E1YUEM=,G1tGyed3evqCgwQZg9+gUio9dYI=
15,-93,0/BJO5TbZIFKIHOHVLCc3E1YUEM=,c3jtHkbWdqxUxzTo9y0rDeGTIMk=
15,-92,0/BJO5TbZIFKIHOHVLCc3E1YUEM=,c3jtHkbWdqxUxzTo9y0rDeGTIMk=
15,-91,0/BJO5TbZIFKIHOHVLCc3E1YUEM=,c3jtHkbWdqxUxzTo9y0rDeGTIMk=
15,-94,0/BJO5TbZIFKIHOHVLCc3E1YUEM=,c3jtHkbWdqxUxzTo9y0rDeGTIMk=
15,-95,0/BJO5TbZIFKIHOHVLCc3E1YUEM=,c3jtHkbWdqxUxzTo9y0rDeGTIMk=
15,-90,0/BJO5TbZIFKIHOHVLCc3E1YUEM=,c3jtHkbWdqxUxzTo9y0rDeGTIMk=
15,-89,0/BJO5TbZIFKIHOHVLCc3E1YUEM=,c3jtHkbWdqxUxzTo9y0rDeGTIMk=
15,-87,0/BJO5TbZIFKIHOHVLCc3E1YUEM=,G1tGyed3evqCgwQZg9+gUio9dYI=
15,-82,0/BJO5TbZIFKIHOHVLCc3E1YUEM=,G1tGyed3evqCgwQZg9+gUio9dYI=
15,-88,0/BJO5TbZIFKIHOHVLCc3E1YUEM=,G1tGyed3evqCgwQZg9+gUio9dYI=
15,-84,0/BJO5TbZIFKIHOHVLCc3E1YUEM=,G1tGyed3evqCgwQZg9+gUio9dYI=
15,-86,0/BJO5TbZIFKIHOHVLCc3E1YUEM=,G1tGyed3evqCgwQZg9+gUio9dYI=
15,-85,0/BJO5TbZIFKIHOHVLCc3E1YUEM=,G1tGyed3evqCgwQZg9+gUio9dYI=
15,-83,0/BJO5TbZIFKIHOHVLCc3E1YUEM=,G1tGyed3evqCgwQZg9+gUio9dYI=
15,-81,0/BJO5TbZIFKIHOHVLCc3E1YUEM=,G1tGyed3evqCgwQZg9+gUio9dYI=
0,-81,0/BJO5TbZIFKIHOHVLCc3E1YUEM=,E793c8VvnfU44agWsdaR1Jwx/rk=
13,-96,0/BJO5TbZIFKIHOHVLCc3E1YUEM=,c3jtHkbWdqxUxzTo9y0rDeGTIMk=
9,-96,0/BJO5TbZIFKIHOHVLCc3E1YUEM=,c3jtHkbWdqxUxzTo9y0rDeGTIMk=
14,-96,0/BJO5TbZIFKIHOHVLCc3E1YUEM=,c3jtHkbWdqxUxzTo9y0rDeGTIMk=
12,-96,0/BJO5TbZIFKIHOHVLCc3E1YUEM=,c3jtHkbWdqxUxzTo9y0rDeGTIMk=
11,-96,0/BJO5TbZIFKIHOHVLCc3E1YUEM=,c3jtHkbWdqxUxzTo9y0rDeGTIMk=
15,-96,0/BJO5TbZIFKIHOHVLCc3E1YUEM=,c3jtHkbWdqxUxzTo9y0rDeGTIMk=
10,-96,0/BJO5TbZIFKIHOHVLCc3E1YUEM=,c3jtHkbWdqxUxzTo9y0rDeGTIMk=
8,-96,0/BJO5TbZIFKIHOHVLCc3E1YUEM=,c3jtHkbWdqxUxzTo9y0rDeGTIMk=
2,-96,0/BJO5TbZIFKIHOHVLCc3E1YUEM=,7+rfNRcoY53QD5Vx5Y+te5hHb74=
3,-96,0/BJO5TbZIFKIHOHVLCc3E1YUEM=,7+rfNRcoY53QD5Vx5Y+te5hHb74=
0,-96,0/BJO5TbZIFKIHOHVLCc3E1YUEM=,7+rfNRcoY53QD5Vx5Y+te5hHb74=
7,-96,0/BJO5TbZIFKIHOHVLCc3E1YUEM=,7+rfNRcoY53QD5Vx5Y+te5hHb74=
1,-96,0/BJO5TbZIFKIHOHVLCc3E1YUEM=,7+rfNRcoY53QD5Vx5Y+te5hHb74=
4,-96,0/BJO5TbZIFKIHOHVLCc3E1YUEM=,7+rfNRcoY53QD5Vx5Y+te5hHb74=
5,-96,0/BJO5TbZIFKIHOHVLCc3E1YUEM=,7+rfNRcoY53QD5Vx5Y+te5hHb74=
6,-96,0/BJO5TbZIFKIHOHVLCc3E1YUEM=,7+rfNRcoY53QD5Vx5Y+te5hHb74=
4,-69,0/BJO5TbZIFKIHOHVLCc3E1YUEM=,TaZsHxMGpAH8nbscsxym9jv7khk=
3,-69,0/BJO5TbZIFKIHOHVLCc3E1YUEM=,TaZsHxMGpAH8nbscsxym9jv7khk=
2,-69,0/BJO5TbZIFKIHOHVLCc3E1YUEM=,TaZsHxMGpAH8nbscsxym9jv7khk=
1,-69,0/BJO5TbZIFKIHOHVLCc3E1YUEM=,TaZsHxMGpAH8nbscsxym9jv7khk=
6,-70,0/BJO5TbZIFKIHOHVLCc3E1YUEM=,TaZsHxMGpAH8nbscsxym9jv7khk=
5,-70,0/BJO5TbZIFKIHOHVLCc3E1YUEM=,TaZsHxMGpAH8nbscsxym9jv7khk=
4,-70,0/BJO5TbZIFKIHOHVLCc3E1YUEM=,TaZsHxMGpAH8nbscsxym9jv7khk=
3,-70,0/BJO5TbZIFKIHOHVLCc3E1YUEM=,TaZsHxMGpAH8nbscsxym9jv7khk=
2,-70,0/BJO5TbZIFKIHOHVLCc3E1YUEM=,TaZsHxMGpAH8nbscsxym9jv7khk=
1,-70,0/BJO5TbZIFKIHOHVLCc3E1YUEM=,TaZsHxMGpAH8nbscsxym9jv7khk=
6,-71,0/BJO5TbZIFKIHOHVLCc3E1YUEM=,TaZsHxMGpAH8nbscsxym9jv7khk=
6,-67,0/BJO5TbZIFKIHOHVLCc3E1YUEM=,TaZsHxMGpAH8nbscsxym9jv7khk=
6,-66,0/BJO5TbZIFKIHOHVLCc3E1YUEM=,TaZsHxMGpAH8nbscsxym9jv7khk=
2,-66,0/BJO5TbZIFKIHOHVLCc3E1YUEM=,TaZsHxMGpAH8nbscsxym9jv7khk=
5,-66,0/BJO5TbZIFKIHOHVLCc3E1YUEM=,TaZsHxMGpAH8nbscsxym9jv7khk=
3,-66,0/BJO5TbZIFKIHOHVLCc3E1YUEM=,TaZsHxMGpAH8nbscsxym9jv7khk=
1,-66,0/BJO5TbZIFKIHOHVLCc3E1YUEM=,TaZsHxMGpAH8nbscsxym9jv7khk=
4,-71,0/BJO5TbZIFKIHOHVLCc3E1YUEM=,TaZsHxMGpAH8nbscsxym9jv7khk=
3,-71,0/BJO5TbZIFKIHOHVLCc3E1YUEM=,TaZsHxMGpAH8nbscsxym9jv7khk=
2,-71,0/BJO5TbZIFKIHOHVLCc3E1YUEM=,TaZsHxMGpAH8nbscsxym9jv7khk=
1,-71,0/BJO5TbZIFKIHOHVLCc3E1YUEM=,TaZsHxMGpAH8nbscsxym9jv7khk=
5,-71,0/BJO5TbZIFKIHOHVLCc3E1YUEM=,TaZsHxMGpAH8nbscsxym9jv7khk=
6,-68,0/BJO5TbZIFKIHOHVLCc3E1YUEM=,TaZsHxMGpAH8nbscsxym9jv7khk=
5,-68,0/BJO5TbZIFKIHOHVLCc3E1YUEM=,TaZsHxMGpAH8nbscsxym9jv7khk=
4,-68,0/BJO5TbZIFKIHOHVLCc3E1YUEM=,TaZsHxMGpAH8nbscsxym9jv7khk=
4,-66,0/BJO5TbZIFKIHOHVLCc3E1YUEM=,TaZsHxMGpAH8nbscsxym9jv7khk=
1,-67,0/BJO5TbZIFKIHOHVLCc3E1YUEM=,TaZsHxMGpAH8nbscsxym9jv7khk=
3,-68,0/BJO5TbZIFKIHOHVLCc3E1YUEM=,TaZsHxMGpAH8nbscsxym9jv7khk=
2,-68,0/BJO5TbZIFKIHOHVLCc3E1YUEM=,TaZsHxMGpAH8nbscsxym9jv7khk=
1,-68,0/BJO5TbZIFKIHOHVLCc3E1YUEM=,TaZsHxMGpAH8nbscsxym9jv7khk=
6,-69,0/BJO5TbZIFKIHOHVLCc3E1YUEM=,TaZsHxMGpAH8nbscsxym9jv7khk=
5,-69,0/BJO5TbZIFKIHOHVLCc3E1YUEM=,TaZsHxMGpAH8nbscsxym9jv7khk=
5,-67,0/BJO5TbZIFKIHOHVLCc3E1YUEM=,TaZsHxMGpAH8nbscsxym9jv7khk=
2,-67,0/BJO5TbZIFKIHOHVLCc3E1YUEM=,TaZsHxMGpAH8nbscsxym9jv7khk=
4,-67,0/BJO5TbZIFKIHOHVLCc3E1YUEM=,TaZsHxMGpAH8nbscsxym9jv7khk=
3,-67,0/BJO5TbZIFKIHOHVLCc3E1YUEM=,TaZsHxMGpAH8nbscsxym9jv7khk=
12,-77,0/BJO5TbZIFKIHOHVLCc3E1YUEM=,YphI9ksEzYukJi/qN2mRENgRwes=
14,-77,0/BJO5TbZIFKIHOHVLCc3E1YUEM=,YphI9ksEzYukJi/qN2mRENgRwes=
13,-77,0/BJO5TbZIFKIHOHVLCc3E1YUEM=,YphI9ksEzYukJi/qN2mRENgRwes=
11,-77,0/BJO5TbZIFKIHOHVLCc3E1YUEM=,YphI9ksEzYukJi/qN2mRENgRwes=
10,-77,0/BJO5TbZIFKIHOHVLCc3E1YUEM=,YphI9ksEzYukJi/qN2mRENgRwes=
9,-76,0/BJO5TbZIFKIHOHVLCc3E1YUEM=,YphI9ksEzYukJi/qN2mRENgRwes=
10,-76,0/BJO5TbZIFKIHOHVLCc3E1YUEM=,YphI9ksEzYukJi/qN2mRENgRwes=
11,-76,0/BJO5TbZIFKIHOHVLCc3E1YUEM=,YphI9ksEzYukJi/qN2mRENgRwes=
12,-76,0/BJO5TbZIFKIHOHVLCc3E1YUEM=,YphI9ksEzYukJi/qN2mRENgRwes=
13,-76,0/BJO5TbZIFKIHOHVLCc3E1YUEM=,YphI9ksEzYukJi/qN2mRENgRwes=
9,-77,0/BJO5TbZIFKIHOHVLCc3E1YUEM=,YphI9ksEzYukJi/qN2mRENgRwes=
14,-78,0/BJO5TbZIFKIHOHVLCc3E1YUEM=,YphI9ksEzYukJi/qN2mRENgRwes=
13,-78,0/BJO5TbZIFKIHOHVLCc3E1YUEM=,YphI9ksEzYukJi/qN2mRENgRwes=
12,-78,0/BJO5TbZIFKIHOHVLCc3E1YUEM=,YphI9ksEzYukJi/qN2mRENgRwes=
10,-78,0/BJO5TbZIFKIHOHVLCc3E1YUEM=,YphI9ksEzYukJi/qN2mRENgRwes=
9,-78,0/BJO5TbZIFKIHOHVLCc3E1YUEM=,YphI9ksEzYukJi/qN2mRENgRwes=
11,-78,0/BJO5TbZIFKIHOHVLCc3E1YUEM=,YphI9ksEzYukJi/qN2mRENgRwes=
14,-79,0/BJO5TbZIFKIHOHVLCc3E1YUEM=,YphI9ksEzYukJi/qN2mRENgRwes=
13,-79,0/BJO5TbZIFKIHOHVLCc3E1YUEM=,YphI9ksEzYukJi/qN2mRENgRwes=
12,-79,5E40iux2iGlAuZa5dM2UGRDrGCg=,YphI9ksEzYukJi/qN2mRENgRwes=
11,-79,5E40iux2iGlAuZa5dM2UGRDrGCg=,YphI9ksEzYukJi/qN2mRENgRwes=
10,-79,5E40iux2iGlAuZa5dM2UGRDrGCg=,YphI9ksEzYukJi/qN2mRENgRwes=
9,-75,5E40iux2iGlAuZa5dM2UGRDrGCg=,YphI9ksEzYukJi/qN2mRENgRwes=
14,-76,5E40iux2iGlAuZa5dM2UGRDrGCg=,YphI9ksEzYukJi/qN2mRENgRwes=
13,-74,5E40iux2iGlAuZa5dM2UGRDrGCg=,YphI9ksEzYukJi/qN2mRENgRwes=
14,-74,5E40iux2iGlAuZa5dM2UGRDrGCg=,YphI9ksEzYukJi/qN2mRENgRwes=
9,-79,5E40iux2iGlAuZa5dM2UGRDrGCg=,YphI9ksEzYukJi/qN2mRENgRwes=
9,-74,5E40iux2iGlAuZa5dM2UGRDrGCg=,YphI9ksEzYukJi/qN2mRENgRwes=
12,-74,5E40iux2iGlAuZa5dM2UGRDrGCg=,YphI9ksEzYukJi/qN2mRENgRwes=
10,-74,5E40iux2iGlAuZa5dM2UGRDrGCg=,YphI9ksEzYukJi/qN2mRENgRwes=
11,-74,5E40iux2iGlAuZa5dM2UGRDrGCg=,YphI9ksEzYukJi/qN2mRENgRwes=
14,-75,5E40iux2iGlAuZa5dM2UGRDrGCg=,YphI9ksEzYukJi/qN2mRENgRwes=
12,-75,5E40iux2iGlAuZa5dM2UGRDrGCg=,YphI9ksEzYukJi/qN2mRENgRwes=
10,-75,5E40iux2iGlAuZa5dM2UGRDrGCg=,YphI9ksEzYukJi/qN2mRENgRwes=
13,-75,5E40iux2iGlAuZa5dM2UGRDrGCg=,YphI9ksEzYukJi/qN2mRENgRwes=
11,-75,5E40iux2iGlAuZa5dM2UGRDrGCg=,YphI9ksEzYukJi/qN2mRENgRwes=
5,-76,5E40iux2iGlAuZa5dM2UGRDrGCg=,DufQLXz3PmmTIJ0ha5sdoBeMgrU=
4,-76,5E40iux2iGlAuZa5dM2UGRDrGCg=,DufQLXz3PmmTIJ0ha5sdoBeMgrU=
7,-76,5E40iux2iGlAuZa5dM2UGRDrGCg=,DufQLXz3PmmTIJ0ha5sdoBeMgrU=
6,-76,5E40iux2iGlAuZa5dM2UGRDrGCg=,DufQLXz3PmmTIJ0ha5sdoBeMgrU=
4,-75,5E40iux2iGlAuZa5dM2UGRDrGCg=,DufQLXz3PmmTIJ0ha5sdoBeMgrU=
2,-75,5E40iux2iGlAuZa5dM2UGRDrGCg=,DufQLXz3PmmTIJ0ha5sdoBeMgrU=
3,-76,5E40iux2iGlAuZa5dM2UGRDrGCg=,DufQLXz3PmmTIJ0ha5sdoBeMgrU=
3,-75,5E40iux2iGlAuZa5dM2UGRDrGCg=,DufQLXz3PmmTIJ0ha5sdoBeMgrU=
8,-77,5E40iux2iGlAuZa5dM2UGRDrGCg=,YphI9ksEzYukJi/qN2mRENgRwes=
1,-75,5E40iux2iGlAuZa5dM2UGRDrGCg=,DufQLXz3PmmTIJ0ha5sdoBeMgrU=
7,-77,5E40iux2iGlAuZa5dM2UGRDrGCg=,DufQLXz3PmmTIJ0ha5sdoBeMgrU=
6,-77,5E40iux2iGlAuZa5dM2UGRDrGCg=,DufQLXz3PmmTIJ0ha5sdoBeMgrU=
5,-77,5E40iux2iGlAuZa5dM2UGRDrGCg=,DufQLXz3PmmTIJ0ha5sdoBeMgrU=
3,-77,5E40iux2iGlAuZa5dM2UGRDrGCg=,DufQLXz3PmmTIJ0ha5sdoBeMgrU=
4,-77,5E40iux2iGlAuZa5dM2UGRDrGCg=,DufQLXz3PmmTIJ0ha5sdoBeMgrU=
5,-75,5E40iux2iGlAuZa5dM2UGRDrGCg=,DufQLXz3PmmTIJ0ha5sdoBeMgrU=
6,-78,5E40iux2iGlAuZa5dM2UGRDrGCg=,DufQLXz3PmmTIJ0ha5sdoBeMgrU=
2,-77,5E40iux2iGlAuZa5dM2UGRDrGCg=,DufQLXz3PmmTIJ0ha5sdoBeMgrU=
5,-78,5E40iux2iGlAuZa5dM2UGRDrGCg=,DufQLXz3PmmTIJ0ha5sdoBeMgrU=
7,-78,5E40iux2iGlAuZa5dM2UGRDrGCg=,DufQLXz3PmmTIJ0ha5sdoBeMgrU=
4,-78,5E40iux2iGlAuZa5dM2UGRDrGCg=,DufQLXz3PmmTIJ0ha5sdoBeMgrU=
2,-76,5E40iux2iGlAuZa5dM2UGRDrGCg=,DufQLXz3PmmTIJ0ha5sdoBeMgrU=
8,-78,5E40iux2iGlAuZa5dM2UGRDrGCg=,YphI9ksEzYukJi/qN2mRENgRwes=
1,-77,5E40iux2iGlAuZa5dM2UGRDrGCg=,DufQLXz3PmmTIJ0ha5sdoBeMgrU=
6,-75,5E40iux2iGlAuZa5dM2UGRDrGCg=,DufQLXz3PmmTIJ0ha5sdoBeMgrU=
1,-76,5E40iux2iGlAuZa5dM2UGRDrGCg=,DufQLXz3PmmTIJ0ha5sdoBeMgrU=
3,-78,5E40iux2iGlAuZa5dM2UGRDrGCg=,DufQLXz3PmmTIJ0ha5sdoBeMgrU=
7,-79,5E40iux2iGlAuZa5dM2UGRDrGCg=,DufQLXz3PmmTIJ0ha5sdoBeMgrU=
2,-78,5E40iux2iGlAuZa5dM2UGRDrGCg=,DufQLXz3PmmTIJ0ha5sdoBeMgrU=
6,-79,5E40iux2iGlAuZa5dM2UGRDrGCg=,DufQLXz3PmmTIJ0ha5sdoBeMgrU=
5,-79,5E40iux2iGlAuZa5dM2UGRDrGCg=,DufQLXz3PmmTIJ0ha5sdoBeMgrU=
1,-78,5E40iux2iGlAuZa5dM2UGRDrGCg=,DufQLXz3PmmTIJ0ha5sdoBeMgrU=
8,-75,5E40iux2iGlAuZa5dM2UGRDrGCg=,YphI9ksEzYukJi/qN2mRENgRwes=
6,-72,5E40iux2iGlAuZa5dM2UGRDrGCg=,TaZsHxMGpAH8nbscsxym9jv7khk=
7,-75,5E40iux2iGlAuZa5dM2UGRDrGCg=,DufQLXz3PmmTIJ0ha5sdoBeMgrU=
4,-79,5E40iux2iGlAuZa5dM2UGRDrGCg=,DufQLXz3PmmTIJ0ha5sdoBeMgrU=
8,-74,5E40iux2iGlAuZa5dM2UGRDrGCg=,YphI9ksEzYukJi/qN2mRENgRwes=
8,-79,5E40iux2iGlAuZa5dM2UGRDrGCg=,YphI9ksEzYukJi/qN2mRENgRwes=
5,-72,5E40iux2iGlAuZa5dM2UGRDrGCg=,TaZsHxMGpAH8nbscsxym9jv7khk=
4,-72,5E40iux2iGlAuZa5dM2UGRDrGCg=,TaZsHxMGpAH8nbscsxym9jv7khk=
3,-72,5E40iux2iGlAuZa5dM2UGRDrGCg=,TaZsHxMGpAH8nbscsxym9jv7khk=
2,-72,5E40iux2iGlAuZa5dM2UGRDrGCg=,TaZsHxMGpAH8nbscsxym9jv7khk=
1,-72,5E40iux2iGlAuZa5dM2UGRDrGCg=,TaZsHxMGpAH8nbscsxym9jv7khk=
1,-74,5E40iux2iGlAuZa5dM2UGRDrGCg=,DufQLXz3PmmTIJ0ha5sdoBeMgrU=
3,-79,5E40iux2iGlAuZa5dM2UGRDrGCg=,DufQLXz3PmmTIJ0ha5sdoBeMgrU=
5,-73,5E40iux2iGlAuZa5dM2UGRDrGCg=,DufQLXz3PmmTIJ0ha5sdoBeMgrU=
2,-79,5E40iux2iGlAuZa5dM2UGRDrGCg=,DufQLXz3PmmTIJ0ha5sdoBeMgrU=
6,-73,5E40iux2iGlAuZa5dM2UGRDrGCg=,DufQLXz3PmmTIJ0ha5sdoBeMgrU=
4,-73,5E40iux2iGlAuZa5dM2UGRDrGCg=,DufQLXz3PmmTIJ0ha5sdoBeMgrU=
1,-79,5E40iux2iGlAuZa5dM2UGRDrGCg=,DufQLXz3PmmTIJ0ha5sdoBeMgrU=
1,-73,5E40iux2iGlAuZa5dM2UGRDrGCg=,DufQLXz3PmmTIJ0ha5sdoBeMgrU=
3,-73,5E40iux2iGlAuZa5dM2UGRDrGCg=,DufQLXz3PmmTIJ0ha5sdoBeMgrU=
2,-73,5E40iux2iGlAuZa5dM2UGRDrGCg=,DufQLXz3PmmTIJ0ha5sdoBeMgrU=
2,-74,5E40iux2iGlAuZa5dM2UGRDrGCg=,DufQLXz3PmmTIJ0ha5sdoBeMgrU=
6,-74,5E40iux2iGlAuZa5dM2UGRDrGCg=,DufQLXz3PmmTIJ0ha5sdoBeMgrU=
7,-74,5E40iux2iGlAuZa5dM2UGRDrGCg=,DufQLXz3PmmTIJ0ha5sdoBeMgrU=
8,-76,5E40iux2iGlAuZa5dM2UGRDrGCg=,YphI9ksEzYukJi/qN2mRENgRwes=
5,-74,5E40iux2iGlAuZa5dM2UGRDrGCg=,DufQLXz3PmmTIJ0ha5sdoBeMgrU=
4,-74,5E40iux2iGlAuZa5dM2UGRDrGCg=,DufQLXz3PmmTIJ0ha5sdoBeMgrU=
3,-74,5E40iux2iGlAuZa5dM2UGRDrGCg=,DufQLXz3PmmTIJ0ha5sdoBeMgrU=
10,-71,5E40iux2iGlAuZa5dM2UGRDrGCg=,7qH0nB+J2NNdJbzYIZekb04sCJM=
13,-68,5E40iux2iGlAuZa5dM2UGRDrGCg=,7qH0nB+J2NNdJbzYIZekb04sCJM=
13,-69,5E40iux2iGlAuZa5dM2UGRDrGCg=,7qH0nB+J2NNdJbzYIZekb04sCJM=
11,-72,5E40iux2iGlAuZa5dM2UGRDrGCg=,7qH0nB+J2NNdJbzYIZekb04sCJM=
12,-67,5E40iux2iGlAuZa5dM2UGRDrGCg=,7qH0nB+J2NNdJbzYIZekb04sCJM=
11,-71,5E40iux2iGlAuZa5dM2UGRDrGCg=,7qH0nB+J2NNdJbzYIZekb04sCJM=
14,-71,5E40iux2iGlAuZa5dM2UGRDrGCg=,7qH0nB+J2NNdJbzYIZekb04sCJM=
7,-66,5E40iux2iGlAuZa5dM2UGRDrGCg=,TaZsHxMGpAH8nbscsxym9jv7khk=
12,-71,5E40iux2iGlAuZa5dM2UGRDrGCg=,7qH0nB+J2NNdJbzYIZekb04sCJM=
12,-69,5E40iux2iGlAuZa5dM2UGRDrGCg=,7qH0nB+J2NNdJbzYIZekb04sCJM=
10,-73,5E40iux2iGlAuZa5dM2UGRDrGCg=,YphI9ksEzYukJi/qN2mRENgRwes=
11,-73,5E40iux2iGlAuZa5dM2UGRDrGCg=,YphI9ksEzYukJi/qN2mRENgRwes=
13,-67,5E40iux2iGlAuZa5dM2UGRDrGCg=,7qH0nB+J2NNdJbzYIZekb04sCJM=
14,-73,5E40iux2iGlAuZa5dM2UGRDrGCg=,YphI9ksEzYukJi/qN2mRENgRwes=
7,-70,5E40iux2iGlAuZa5dM2UGRDrGCg=,TaZsHxMGpAH8nbscsxym9jv7khk=
14,-67,5E40iux2iGlAuZa5dM2UGRDrGCg=,7qH0nB+J2NNdJbzYIZekb04sCJM=
14,-70,5E40iux2iGlAuZa5dM2UGRDrGCg=,7qH0nB+J2NNdJbzYIZekb04sCJM=
11,-67,5E40iux2iGlAuZa5dM2UGRDrGCg=,7qH0nB+J2NNdJbzYIZekb04sCJM=
9,-73,5E40iux2iGlAuZa5dM2UGRDrGCg=,YphI9ksEzYukJi/qN2mRENgRwes=
11,-69,5E40iux2iGlAuZa5dM2UGRDrGCg=,7qH0nB+J2NNdJbzYIZekb04sCJM=
13,-73,5E40iux2iGlAuZa5dM2UGRDrGCg=,YphI9ksEzYukJi/qN2mRENgRwes=
7,-71,5E40iux2iGlAuZa5dM2UGRDrGCg=,TaZsHxMGpAH8nbscsxym9jv7khk=
7,-67,5E40iux2iGlAuZa5dM2UGRDrGCg=,TaZsHxMGpAH8nbscsxym9jv7khk=
13,-71,5E40iux2iGlAuZa5dM2UGRDrGCg=,7qH0nB+J2NNdJbzYIZekb04sCJM=
12,-73,5E40iux2iGlAuZa5dM2UGRDrGCg=,YphI9ksEzYukJi/qN2mRENgRwes=
10,-67,5E40iux2iGlAuZa5dM2UGRDrGCg=,7qH0nB+J2NNdJbzYIZekb04sCJM=
11,-70,5E40iux2iGlAuZa5dM2UGRDrGCg=,7qH0nB+J2NNdJbzYIZekb04sCJM=
10,-69,5E40iux2iGlAuZa5dM2UGRDrGCg=,7qH0nB+J2NNdJbzYIZekb04sCJM=
12,-70,5E40iux2iGlAuZa5dM2UGRDrGCg=,7qH0nB+J2NNdJbzYIZekb04sCJM=
7,-68,5E40iux2iGlAuZa5dM2UGRDrGCg=,TaZsHxMGpAH8nbscsxym9jv7khk=
8,-70,5E40iux2iGlAuZa5dM2UGRDrGCg=,7qH0nB+J2NNdJbzYIZekb04sCJM=
7,-72,5E40iux2iGlAuZa5dM2UGRDrGCg=,TaZsHxMGpAH8nbscsxym9jv7khk=
13,-70,5E40iux2iGlAuZa5dM2UGRDrGCg=,7qH0nB+J2NNdJbzYIZekb04sCJM=
14,-69,5E40iux2iGlAuZa5dM2UGRDrGCg=,7qH0nB+J2NNdJbzYIZekb04sCJM=
12,-68,5E40iux2iGlAuZa5dM2UGRDrGCg=,7qH0nB+J2NNdJbzYIZekb04sCJM=
9,-67,5E40iux2iGlAuZa5dM2UGRDrGCg=,7qH0nB+J2NNdJbzYIZekb04sCJM=
14,-68,5E40iux2iGlAuZa5dM2UGRDrGCg=,7qH0nB+J2NNdJbzYIZekb04sCJM=
10,-72,5E40iux2iGlAuZa5dM2UGRDrGCg=,7qH0nB+J2NNdJbzYIZekb04sCJM=
8,-73,5E40iux2iGlAuZa5dM2UGRDrGCg=,YphI9ksEzYukJi/qN2mRENgRwes=
8,-67,5E40iux2iGlAuZa5dM2UGRDrGCg=,7qH0nB+J2NNdJbzYIZekb04sCJM=
7,-73,5E40iux2iGlAuZa5dM2UGRDrGCg=,DufQLXz3PmmTIJ0ha5sdoBeMgrU=
9,-69,5E40iux2iGlAuZa5dM2UGRDrGCg=,7qH0nB+J2NNdJbzYIZekb04sCJM=
8,-69,5E40iux2iGlAuZa5dM2UGRDrGCg=,7qH0nB+J2NNdJbzYIZekb04sCJM=
14,-66,5E40iux2iGlAuZa5dM2UGRDrGCg=,7qH0nB+J2NNdJbzYIZekb04sCJM=
10,-70,5E40iux2iGlAuZa5dM2UGRDrGCg=,7qH0nB+J2NNdJbzYIZekb04sCJM=
11,-68,5E40iux2iGlAuZa5dM2UGRDrGCg=,7qH0nB+J2NNdJbzYIZekb04sCJM=
13,-66,5E40iux2iGlAuZa5dM2UGRDrGCg=,7qH0nB+J2NNdJbzYIZekb04sCJM=
12,-66,5E40iux2iGlAuZa5dM2UGRDrGCg=,7qH0nB+J2NNdJbzYIZekb04sCJM=
9,-71,5E40iux2iGlAuZa5dM2UGRDrGCg=,7qH0nB+J2NNdJbzYIZekb04sCJM=
8,-72,5E40iux2iGlAuZa5dM2UGRDrGCg=,7qH0nB+J2NNdJbzYIZekb04sCJM=
8,-71,5E40iux2iGlAuZa5dM2UGRDrGCg=,7qH0nB+J2NNdJbzYIZekb04sCJM=
10,-66,5E40iux2iGlAuZa5dM2UGRDrGCg=,7qH0nB+J2NNdJbzYIZekb04sCJM=
10,-68,5E40iux2iGlAuZa5dM2UGRDrGCg=,7qH0nB+J2NNdJbzYIZekb04sCJM=
11,-66,5E40iux2iGlAuZa5dM2UGRDrGCg=,7qH0nB+J2NNdJbzYIZekb04sCJM=
7,-69,5E40iux2iGlAuZa5dM2UGRDrGCg=,TaZsHxMGpAH8nbscsxym9jv7khk=
9,-72,5E40iux2iGlAuZa5dM2UGRDrGCg=,7qH0nB+J2NNdJbzYIZekb04sCJM=
9,-66,5E40iux2iGlAuZa5dM2UGRDrGCg=,7qH0nB+J2NNdJbzYIZekb04sCJM=
12,-72,5E40iux2iGlAuZa5dM2UGRDrGCg=,7qH0nB+J2NNdJbzYIZekb04sCJM=
9,-68,5E40iux2iGlAuZa5dM2UGRDrGCg=,7qH0nB+J2NNdJbzYIZekb04sCJM=
9,-70,5E40iux2iGlAuZa5dM2UGRDrGCg=,7qH0nB+J2NNdJbzYIZekb04sCJM=
8,-66,5E40iux2iGlAuZa5dM2UGRDrGCg=,7qH0nB+J2NNdJbzYIZekb04sCJM=
14,-72,5E40iux2iGlAuZa5dM2UGRDrGCg=,7qH0nB+J2NNdJbzYIZekb04sCJM=
8,-68,5E40iux2iGlAuZa5dM2UGRDrGCg=,7qH0nB+J2NNdJbzYIZekb04sCJM=
13,-72,5E40iux2iGlAuZa5dM2UGRDrGCg=,7qH0nB+J2NNdJbzYIZekb04sCJM=
15,-78,5E40iux2iGlAuZa5dM2UGRDrGCg=,YphI9ksEzYukJi/qN2mRENgRwes=
15,-79,5E40iux2iGlAuZa5dM2UGRDrGCg=,YphI9ksEzYukJi/qN2mRENgRwes=
15,-77,5E40iux2iGlAuZa5dM2UGRDrGCg=,YphI9ksEzYukJi/qN2mRENgRwes=
15,-76,5E40iux2iGlAuZa5dM2UGRDrGCg=,YphI9ksEzYukJi/qN2mRENgRwes=
15,-75,5E40iux2iGlAuZa5dM2UGRDrGCg=,YphI9ksEzYukJi/qN2mRENgRwes=
15,-74,5E40iux2iGlAuZa5dM2UGRDrGCg=,YphI9ksEzYukJi/qN2mRENgRwes=
0,-69,5E40iux2iGlAuZa5dM2UGRDrGCg=,TaZsHxMGpAH8nbscsxym9jv7khk=
0,-68,5E40iux2iGlAuZa5dM2UGRDrGCg=,TaZsHxMGpAH8nbscsxym9jv7khk=
0,-67,5E40iux2iGlAuZa5dM2UGRDrGCg=,TaZsHxMGpAH8nbscsxym9jv7khk=
0,-71,5E40iux2iGlAuZa5dM2UGRDrGCg=,TaZsHxMGpAH8nbscsxym9jv7khk=
0,-70,5E40iux2iGlAuZa5dM2UGRDrGCg=,TaZsHxMGpAH8nbscsxym9jv7khk=
15,-69,5E40iux2iGlAuZa5dM2UGRDrGCg=,7qH0nB+J2NNdJbzYIZekb04sCJM=
0,-66,5E40iux2iGlAuZa5dM2UGRDrGCg=,TaZsHxMGpAH8nbscsxym9jv7khk=
15,-67,5E40iux2iGlAuZa5dM2UGRDrGCg=,7qH0nB+J2NNdJbzYIZekb04sCJM=
15,-70,5E40iux2iGlAuZa5dM2UGRDrGCg=,7qH0nB+J2NNdJbzYIZekb04sCJM=
15,-68,5E40iux2iGlAuZa5dM2UGRDrGCg=,7qH0nB+J2NNdJbzYIZekb04sCJM=
15,-71,5E40iux2iGlAuZa5dM2UGRDrGCg=,7qH0nB+J2NNdJbzYIZekb04sCJM=
15,-66,5E40iux2iGlAuZa5dM2UGRDrGCg=,7qH0nB+J2NNdJbzYIZekb04sCJM=
15,-73,5E40iux2iGlAuZa5dM2UGRDrGCg=,YphI9ksEzYukJi/qN2mRENgRwes=
15,-72,5E40iux2iGlAuZa5dM2UGRDrGCg=,7qH0nB+J2NNdJbzYIZekb04sCJM=
14,-65,5E40iux2iGlAuZa5dM2UGRDrGCg=,7qH0nB+J2NNdJbzYIZekb04sCJM=
9,-65,5E40iux2iGlAuZa5dM2UGRDrGCg=,7qH0nB+J2NNdJbzYIZekb04sCJM=
10,-65,5E40iux2iGlAuZa5dM2UGRDrGCg=,7qH0nB+J2NNdJbzYIZekb04sCJM=
6,-65,5E40iux2iGlAuZa5dM2UGRDrGCg=,TaZsHxMGpAH8nbscsxym9jv7khk=
8,-65,5E40iux2iGlAuZa5dM2UGRDrGCg=,7qH0nB+J2NNdJbzYIZekb04sCJM=
12,-65,5E40iux2iGlAuZa5dM2UGRDrGCg=,7qH0nB+J2NNdJbzYIZekb04sCJM=
11,-65,5E40iux2iGlAuZa5dM2UGRDrGCg=,7qH0nB+J2NNdJbzYIZekb04sCJM=
5,-65,5E40iux2iGlAuZa5dM2UGRDrGCg=,TaZsHxMGpAH8nbscsxym9jv7khk=
13,-65,5E40iux2iGlAuZa5dM2UGRDrGCg=,7qH0nB+J2NNdJbzYIZekb04sCJM=
3,-65,5E40iux2iGlAuZa5dM2UGRDrGCg=,TaZsHxMGpAH8nbscsxym9jv7khk=
2,-65,5E40iux2iGlAuZa5dM2UGRDrGCg=,TaZsHxMGpAH8nbscsxym9jv7khk=
1,-65,5E40iux2iGlAuZa5dM2UGRDrGCg=,TaZsHxMGpAH8nbscsxym9jv7khk=
7,-65,5E40iux2iGlAuZa5dM2UGRDrGCg=,TaZsHxMGpAH8nbscsxym9jv7khk=
4,-65,5E40iux2iGlAuZa5dM2UGRDrGCg=,TaZsHxMGpAH8nbscsxym9jv7khk=
6,-80,5E40iux2iGlAuZa5dM2UGRDrGCg=,DufQLXz3PmmTIJ0ha5sdoBeMgrU=
5,-80,5E40iux2iGlAuZa5dM2UGRDrGCg=,DufQLXz3PmmTIJ0ha5sdoBeMgrU=
4,-80,5E40iux2iGlAuZa5dM2UGRDrGCg=,DufQLXz3PmmTIJ0ha5sdoBeMgrU=
15,-80,5E40iux2iGlAuZa5dM2UGRDrGCg=,YphI9ksEzYukJi/qN2mRENgRwes=
14,-80,5E40iux2iGlAuZa5dM2UGRDrGCg=,YphI9ksEzYukJi/qN2mRENgRwes=
13,-80,5E40iux2iGlAuZa5dM2UGRDrGCg=,YphI9ksEzYukJi/qN2mRENgRwes=
1,-80,5E40iux2iGlAuZa5dM2UGRDrGCg=,DufQLXz3PmmTIJ0ha5sdoBeMgrU=
11,-80,5E40iux2iGlAuZa5dM2UGRDrGCg=,YphI9ksEzYukJi/qN2mRENgRwes=
9,-80,5E40iux2iGlAuZa5dM2UGRDrGCg=,YphI9ksEzYukJi/qN2mRENgRwes=
10,-80,5E40iux2iGlAuZa5dM2UGRDrGCg=,YphI9ksEzYukJi/qN2mRENgRwes=
0,-65,5E40iux2iGlAuZa5dM2UGRDrGCg=,TaZsHxMGpAH8nbscsxym9jv7khk=
12,-80,5E40iux2iGlAuZa5dM2UGRDrGCg=,YphI9ksEzYukJi/qN2mRENgRwes=
0,-72,5E40iux2iGlAuZa5dM2UGRDrGCg=,TaZsHxMGpAH8nbscsxym9jv7khk=
3,-80,5E40iux2iGlAuZa5dM2UGRDrGCg=,DufQLXz3PmmTIJ0ha5sdoBeMgrU=
7,-80,5E40iux2iGlAuZa5dM2UGRDrGCg=,DufQLXz3PmmTIJ0ha5sdoBeMgrU=
2,-80,5E40iux2iGlAuZa5dM2UGRDrGCg=,DufQLXz3PmmTIJ0ha5sdoBeMgrU=
0,-73,5E40iux2iGlAuZa5dM2UGRDrGCg=,DufQLXz3PmmTIJ0ha5sdoBeMgrU=
0,-78,5E40iux2iGlAuZa5dM2UGRDrGCg=,DufQLXz3PmmTIJ0ha5sdoBeMgrU=
0,-80,5E40iux2iGlAuZa5dM2UGRDrGCg=,DufQLXz3PmmTIJ0ha5sdoBeMgrU=
8,-80,5E40iux2iGlAuZa5dM2UGRDrGCg=,YphI9ksEzYukJi/qN2mRENgRwes=
0,-77,5E40iux2iGlAuZa5dM2UGRDrGCg=,DufQLXz3PmmTIJ0ha5sdoBeMgrU=
0,-79,5E40iux2iGlAuZa5dM2UGRDrGCg=,DufQLXz3PmmTIJ0ha5sdoBeMgrU=
0,-75,5E40iux2iGlAuZa5dM2UGRDrGCg=,DufQLXz3PmmTIJ0ha5sdoBeMgrU=
0,-76,5E40iux2iGlAuZa5dM2UGRDrGCg=,DufQLXz3PmmTIJ0ha5sdoBeMgrU=
0,-74,5E40iux2iGlAuZa5dM2UGRDrGCg=,DufQLXz3PmmTIJ0ha5sdoBeMgrU=
15,-65,5E40iux2iGlAuZa5dM2UGRDrGCg=,7qH0nB+J2NNdJbzYIZekb04sCJM=
